Estacao;Data;Hora;DirecaoVento;VelocidadeVentoMedia;VelocidadeVentoMaximaMedia;EvaporacaoPiche;EvapoBHPotencial;EvapoBHReal;InsolacaoTotal;NebulosidadeMedia;NumDiasPrecipitacao;PrecipitacaoTotal;PressaoNivelMarMedia;PressaoMedia;TempMaximaMedia;TempCompensadaMedia;TempMinimaMedia;UmidadeRelativaMedia;VisibilidadeMedia
82583;31/12/1962;0000;9;2.836957;8;288.1;;;211.3;6.25;2;22.6;;978.848913;34.458065;27.459355;18.441935;53.185484;
82583;31/01/1963;0000;9;2.258065;6;212.4;;;197.7;6.666667;9;124.3;;978.087097;32.922581;25.947742;18.516129;68.629032;
82583;28/02/1963;0000;0;1.75;6;101.4;;;154.8;7.178571;11;217.5;;979.041667;30.996429;24.476429;17.435714;81.169643;
82583;31/03/1963;0000;0;2.086022;14;72.2;;;127.9;8.129032;24;461.5;;979.849462;29.564516;24.41871;20.387097;87.685484;
82583;30/04/1963;0000;0;1.7;6;81.1;;;178.6;6.633333;15;115.5;;980.152222;30.216667;25.205333;21.596667;83.783333;
82583;31/05/1963;0000;14;2.075269;6;154.2;;;242.8;3.88172;1;10.3;;981.85914;30.777419;25.038065;20.374194;70.282258;
82583;30/06/1963;0000;14;2.244444;8;223.3;;;238.6;3.844444;1;1.8;;982.883333;31.946667;25.769333;20.543333;56.591667;
82583;31/07/1963;0000;14;2.27957;8;254.6;;;277.6;3.139785;1;1.9;;982.576344;32.370968;26.118065;20.496774;49.572581;
82583;30/09/1963;0000;14;2.698795;10;287.8;;;261.3;2.807229;;0;;980.838554;34.496429;27.412857;19.482143;43;
82583;30/11/1963;0000;9;2.94382;8;314;;;227.3;5.404494;4;46.3;;979.17191;34.946667;27.768;19.25;50.741667;
82583;31/12/1963;0000;9;2.204301;6;210.7;;;;7.064516;12;114.7;;979.491398;32.496774;26.963871;21.193548;64.177419;
82583;29/02/1964;0000;14;1.988372;6;95.6;;;;7.744186;18;209.5;;979.294186;30.034483;25.042069;21.441379;79.857143;
82583;31/03/1964;0000;9;1.817204;4;79.8;;;159.8;7.602151;22;295.7;;980.419355;28.745161;24.940645;21.783871;83.395161;
82583;30/04/1964;0000;14;1.922222;7;67.8;;;151.4;7.377778;22;376.8;;980.301111;28.256667;24.693333;21.75;84.016667;
82583;31/05/1964;0000;14;1.946237;5;86.1;;;167;5.870968;18;91.6;;981.386022;28.522581;24.588387;21.56129;81.467742;
82583;30/06/1964;0000;9;2.177778;6;131.9;;;218.3;4.633333;4;8.2;;981.392222;29.016667;24.227333;20.086667;73.075;
82583;31/07/1964;0000;14;2.301075;8;185.8;;;235.9;4.784946;5;6.4;;982.013978;30.470968;24.763226;19.690323;62.790323;
82583;31/08/1964;0000;14;2.698925;12;254.8;;;275.8;3.462366;3;12.2;;981.806452;31.890323;25.689032;20.383871;54.854839;
82583;30/09/1964;0000;14;2.4;8;273.2;;;250.2;3.7;2;3.6;;981.31;33.106667;27.111333;21.98;50.041667;
82583;31/10/1964;0000;14;2.621505;8;318.8;;;272.5;3.462366;0;0;;979.775269;34.058065;27.66;21.977419;46.933333;
82583;30/11/1964;0000;9;3.346667;7.9;288.2;;;254.8;3.5;0;0;;979.145556;;;22.196667;47.45;
82583;31/12/1964;0000;9;3.262366;6.9;327.5;;;250.7;3.688172;3;1.3;;977.890323;34.248387;28.339355;22.741935;49.879032;
82583;31/01/1965;0000;9;3.11828;10.2;236;;;186.9;6.419355;7;13.5;;978.621505;;;22.78;57.37931;
82583;28/02/1965;0000;9;3.290476;7.4;208.5;;;240.3;5.511905;11;102.5;;978.345238;;;22.607692;61.678571;
82583;31/03/1965;0000;9;2.666667;6.9;175.2;;;187;7.462366;17;268.4;;979.637634;;;22.903448;76.75;
82583;30/04/1965;0000;9;1.59;5.2;62;;;152.4;7.488889;25;245.2;;979.937778;;;22.156667;85.125;
82583;31/05/1965;0000;9;2.41828;6.9;90.3;;;229;5.150538;6;101.3;;980.776344;;;21.277419;80.033333;
82583;30/06/1965;0000;14;2.403333;6.1;124;;;208.7;5.244444;10;45.6;;983.057778;28.876667;24.300667;20.526667;76.766667;
82583;31/07/1965;0000;14;2.878495;7.9;198.4;;;299.9;2.526882;1;4.2;;982.57957;30.754839;24.329032;18.954839;63.653226;
82583;31/08/1965;0000;14;2.565591;7.4;257.7;;;293.1;2.516129;0;0;;981.589247;32.825806;25.798065;19.964516;52.025;
82583;30/09/1965;0000;14;2.975556;8.6;292.4;;;275.6;2.955556;1;0.2;;980.777778;33.96;27.569333;21.923333;50.991379;
82583;31/10/1965;0000;9;2.9;6.9;262.5;;;;3.924731;3;30.6;;979.704301;33.9;27.738;22.445161;60.040323;
82583;30/11/1965;0000;9;3.49;9.3;317.2;;;;3.411111;1;0.1;;978.844444;34.943333;28.437333;22.773333;64.091667;
82583;31/12/1965;0000;9;3.17957;6.9;312.8;;;;4.354839;1;3.6;;978.805376;34.329032;28.324516;23.077419;49.596774;
82583;31/01/1966;0000;9;3.058065;8.6;290.9;;;189;5.655914;1;18.7;;978.625806;34.66129;29.049677;23.974194;52.66129;
82583;28/02/1966;0000;9;2.45119;6.1;148.7;;;165.9;6.702381;13;150.8;;979.666667;31.471429;26.550714;23.014815;69.678571;
82583;31/03/1966;0000;14;2.462366;6.1;137.4;;;190.9;6.344086;11;23;;979.166667;31.858065;26.558065;22.480645;70.943548;
82583;30/04/1966;0000;14;2.074444;5.2;99.9;;;189.4;6.188889;14;263.7;;979.758889;30.933333;26.000667;22.47;76.741667;
82583;31/05/1966;0000;14;2.236559;5.4;134.5;;;215.1;5.688172;8;20.4;;980.524731;31.241935;26.070323;21.983871;71.403226;
82583;30/06/1966;0000;14;2.634444;8.6;195.4;;;238.9;4.433333;7;8.9;;981.157778;31.75;25.974667;20.726667;62.816667;
82583;31/07/1966;0000;14;3.106452;7.9;261;;;234.6;4.88172;6;15.3;;981.733333;31.793548;26.542581;21.709677;57.427419;
82583;31/08/1966;0000;14;2.990323;8.6;283.7;;;300.4;2.473118;0;0;;981.489247;33.758065;27.272903;21.43871;53.403226;
82583;30/09/1966;0000;14;3.427778;8.6;294.8;;;264.4;3.355556;2;6.2;;980.918889;34.34;28.177333;22.69;53.29;
82583;31/10/1966;0000;9;2.689247;6.9;358.3;;;296.6;2.548387;0;0;;979.18172;35.5;28.967742;23.116129;44.854839;
82583;30/11/1966;0000;9;3.172222;6.9;347.3;;;224.3;4.577778;3;0.6;;977.646667;35.13;29.291333;23.983333;50.9;
82583;31/12/1966;0000;9;2.882796;6.9;330.6;;;216.6;4.892473;4;5.1;;977.145161;35.170968;29.113548;24.177419;53.419355;
82583;31/01/1967;0000;9;2.480645;7.4;220.7;;;215.1;5.989247;9;82.5;;978.197849;33.903226;27.867097;23.451613;61.580645;
82583;28/02/1967;0000;9;1.695238;5.9;95.6;;;166.2;7.297619;19;305.5;;979.225;30.821429;25.45;22.253571;79.767857;
82583;31/03/1967;0000;0;1.689247;6.5;78.4;;;137.6;7.763441;21;487.1;;979.303226;30.122581;24.983226;22.151613;84.879032;
82583;30/04/1967;0000;0;1.7;5.2;59.6;;;172.8;6.877778;17;312.9;;980.114444;29.97;25.044;22.193333;83.833333;
82583;31/05/1967;0000;14;2.15914;6.5;102.6;;;207.4;6.225806;16;131.2;;980.849462;29.654839;25.028387;21.735484;79.677419;
82583;30/06/1967;0000;14;2.918667;6.1;;;;205.1;5.133333;5;21.5;;980.990667;30.004;23.7504;18.672;70.77;
82583;31/07/1967;0000;14;3.225806;7.9;202.8;;;254.6;4;8;11;;981.452688;31.103226;23.842581;18.093548;64.806452;
82583;31/08/1967;0000;14;3.570968;7.4;297.4;;;298.1;3.086022;0;0;;981.573118;32.83871;25.330323;18.616129;50.693548;
82583;30/09/1967;0000;14;3.711111;8.6;342.7;;;295.1;2.922222;0;0;;980.321111;34.306667;27.180667;20.806667;46.2;
82583;31/10/1967;0000;14;4.327957;9.3;417.9;;;320.9;3.290323;0;0;;979.277419;35.070968;28.178065;22.058065;44.08871;
82583;30/11/1967;0000;5;3.532222;8.6;316.6;;;253.9;4.833333;1;0.3;;977.357778;34.306667;27.807333;21.526667;45.966667;
82583;31/12/1967;0000;9;2.772043;10.2;229.1;;;221.2;5.55914;7;193.8;;978.376344;33.36129;27.111613;21.390323;53.733871;
82583;31/01/1968;0000;9;2.536559;7.9;159.1;;;241.9;5.967742;5;68.7;;978.6;31.745161;25.732258;21.248387;66;
82583;29/02/1968;0000;9;2.988506;8.6;138.5;;;207.5;6.344828;8;22;;978.116092;32.244828;25.931724;21.237931;68.241071;
82583;31/03/1968;0000;5;2.25914;6.9;60;;;154;8.483871;25;296.1;;979.533333;29.422581;24.265161;21.241935;85.137097;
82583;30/04/1968;0000;0;1.581111;5.9;68.1;;;170.9;6.788889;15;229.5;;979.256667;29.443333;24.256;20.883333;85.55;
82583;31/05/1968;0000;14;1.937634;6.9;61.1;;;173.8;6.784946;14;243.2;;980.675269;28.667742;23.727097;20.264516;84.379032;
82583;30/06/1968;0000;14;2.812222;7.4;71.4;;;258.6;4.322222;1;0.3;;981.761111;29.816667;23.162;17.63;73.383333;
82583;31/07/1968;0000;14;3.227957;7.9;238.6;;;273.4;3.645161;2;2.3;;982.174194;31.964516;24.730968;18.380645;57.782258;
82583;31/08/1968;0000;14;3.494624;10.2;265.3;;;282.3;3.258065;1;0.1;;981.18172;33.645161;26.41871;19.445161;51.217742;
82583;30/09/1968;0000;14;3.515556;8.6;315.9;;;283.7;2.7;0;0;;979.935556;34.79;27.581333;21.026667;44.966667;
82583;31/10/1968;0000;14;3.611828;7.9;347.8;;;300.9;3.247312;0;0;;978.452688;35.941935;28.82;22.151613;44.16129;
82583;30/11/1968;0000;5;3.461111;10.2;284.1;;;208.2;5.122222;3;30.3;;977.465556;34.976667;28.703333;22.67;47.691667;
82583;31/12/1968;0000;9;2.523656;6.9;263.7;;;231.1;5.473118;5;24;;977.929032;34.206452;27.769032;22.016129;52.5;
82583;31/01/1969;0000;9;2.306452;10.2;212.1;;;196.1;6.354839;10;60.7;;976.922581;33.629032;27.024516;22.296552;61.830645;
82583;28/02/1969;0000;0;1.558333;5.2;80.8;;;208.9;5.619048;11;123;;977.165476;32.253571;26.033571;21.846429;75.5625;
82583;31/03/1969;0000;0;1.47957;4.8;81.4;;;174.2;7.741935;18;249.6;;978.515054;31.219355;25.554194;21.993548;80.701613;
82583;30/04/1969;0000;0;0.817778;5.2;66.8;;;187.1;6.644444;15;154.3;;978.606667;;;21.816667;85.458333;
82583;31/05/1969;0000;0;1.363441;5.2;80.9;;;178.7;6.16129;14;58.8;;979.307527;;;20.822581;83.685484;
82583;30/06/1969;0000;0;2.33;5.2;147;;;244.8;4.666667;4;42.7;;980.596667;;;19.655172;74.266667;
82583;31/07/1969;0000;14;2.534409;6.5;153.3;;;;4.580645;9;61.8;;981.91828;;;19.193548;71.5;
82583;31/08/1969;0000;14;2.969892;5.4;269.6;;;281.1;3.139785;2;1.7;;980.233333;33.477419;26.138065;19.725806;53.435484;
82583;30/09/1969;0000;9;3.205556;5.9;323;;;283.2;2.944444;0;0;;979.122222;34.953333;27.688;21.503333;50.633333;
82583;31/10/1969;0000;9;3.045161;5.2;357.4;;;301.7;2.72043;0;0;;977.964516;35.948387;28.835484;22.364516;44.83871;
82583;30/11/1969;0000;9;3.24;8;339.7;;;283.2;4;0;0;;977.546667;35.64;29.024667;22.766667;43.575;
82583;31/12/1969;0000;9;3.229032;7.4;323.1;;;252.8;3.956989;1;0.1;;977.693548;35.216129;28.747097;22.574194;46.556452;
82583;31/01/1970;0000;9;2.847312;6.9;261.8;;;201.5;5.698925;9;66.7;;978.347312;34.06129;28.002581;23.13871;59.064516;
82583;28/02/1970;0000;9;2.304762;5.2;236.2;;;192;5.22619;3;35.4;;977.905952;34.375;27.995;22.653571;57.857143;
82583;31/03/1970;0000;14;1.806452;7;84.9;;;199.2;7.763441;16;145.7;;978.622581;31.409677;25.509032;21.625806;77.822581;
82583;30/04/1970;0000;0;1.322222;5;134.1;;;211.2;6.111111;14;92.3;;978.685556;32.29;26.052667;21.64;72.058333;
82583;31/05/1970;0000;14;1.463441;5;192.4;;;276.7;3.55914;4;13;;979.022581;33.151613;25.941935;19.93871;62.040323;
82583;30/06/1970;0000;14;2.4;4;262.9;;;252.9;3.233333;1;7.3;;980.283333;33.17;26.663333;20.62;55.825;
82583;31/07/1970;0000;14;2.795699;6;335.4;;;284.3;3.634409;1;0.2;;981.098925;33.454839;27.105806;21.074194;50.83871;
82583;31/08/1970;0000;14;2.591398;6;335;;;291.9;3.075269;2;4.2;;979.560215;33.858065;27.594839;21.583871;46.080645;
82583;30/09/1970;0000;9;2.944444;6;364.7;;;285.8;3.511111;0;0;;978.78;34.906667;28.246667;22.14;42.3;
82583;31/10/1970;0000;9;2.666667;6;369.3;;;294.9;3.086022;0;0;;977.445161;35.709677;28.944516;22.422581;42.830645;
82583;30/11/1970;0000;9;2.293333;10.2;233;;;224;5.455556;5;116.7;;977.216667;33.463333;27.437333;22.4;57.8;
82583;31/12/1970;0000;9;3.374194;10.2;303.9;;;282;4.430108;4;2.5;;977.11828;34.958065;28.165806;22.367742;49.266129;
82583;31/01/1973;0000;14;2.784783;7.8;183.5;;;192.6;6.76087;11;44.5;;977.106024;32.43871;26.730323;22.770968;70.096774;
82583;28/02/1973;0000;32;2.570238;6.6;145;;;156.2;7.380952;13;125.7;;;32.089286;26.256429;22.392857;76.276786;
82583;31/03/1973;0000;5;1.977419;8.3;94.8;;;197.9;7;21;271.1;;;31.229032;25.358065;21.896774;83.387097;
82583;30/04/1973;0000;9;1.665556;5.3;52.5;;;134.7;7.511111;22;266;;;29.923333;24.855333;21.836667;86.633333;
82583;31/05/1973;0000;14;2.151613;6.6;89.7;;;218.1;6.505376;11;146.6;;;30.025806;24.694194;21.041935;82.080645;
82583;30/06/1973;0000;14;1.841111;4.5;91.6;;;200.1;5.766667;17;56.7;;;29.976667;24.373333;20.413333;80.925;
82583;31/07/1973;0000;14;2.492473;5.1;193.3;;;234.1;4.55914;7;41.5;;;31.454839;24.92;20.074194;71.427419;
82583;31/08/1973;0000;14;2.978495;7.8;294.5;;;292.1;3.516129;2;4.2;;;33.432258;26.171613;19.851613;54.814516;
82583;30/09/1973;0000;14;3.186667;7;366.5;;;267.2;3.7;5;76.9;;;34.203333;27.544;21.973333;52.125;
82583;31/10/1973;0000;9;3.145161;6.6;333;;;270.7;4.301075;3;2.9;;;34.896774;28.151613;22.335484;49.16129;
82583;30/11/1973;0000;5;3.113333;7.5;401.1;;;258.6;3.666667;2;11.3;;;35.53;28.742667;22.743333;48.008333;
82583;31/12/1973;0000;9;3.283871;6.6;322.4;;;228.2;5.354839;8;13.3;;;34.6;28.163226;22.9;53.41129;
82583;31/01/1974;0000;5;2.454839;8.1;191.4;;;174.5;7.096774;16;142.7;;;32.212903;26.000645;21.774194;68.814516;
82583;28/02/1974;0000;9;2.167857;7.6;99.1;;;167;7.488095;13;164.5;;;30.082143;24.582857;21.110714;82.803571;
82583;31/03/1974;0000;0;1.93871;5.3;59.9;;;125.2;8.387097;25;173.1;;;29.364516;24.263226;21.229032;87.104839;
82583;30/04/1974;0000;36;1.958889;6.3;44.2;;;145.4;8.711111;26;502.1;;;29.513333;24.296667;21.476667;89.508333;
82583;31/05/1974;0000;14;1.680645;4.6;49.2;;;161.6;7.322581;22;255.1;;;28.767742;23.968387;20.86129;88.314516;
82583;30/06/1974;0000;14;2.584444;6.3;85.6;;;216.6;5.333333;9;13.4;;;28.813333;23.220667;18.97;81.525;
82583;31/07/1974;0000;14;3.475269;7;212.6;;;247.9;4.516129;2;2;;;30.696774;23.583871;17.529032;63.443548;
82583;31/08/1974;0000;14;3.227957;6.1;379.8;;;301.3;3.44086;0;0;;;33.541935;26.080645;19.477419;49.282258;
82583;30/09/1974;0000;9;3.331111;6.5;367.3;;;254.2;4.9;2;4.4;;;34.093333;27.326667;21.676667;48.533333;
82583;31/10/1974;0000;9;3.3;6.5;;;;198.4;4.88172;4;26.8;;;34.75;28.034167;22.384;47.4375;
82583;30/11/1974;0000;;;;;;;;4.955556;1;0.1;;;;;;;
82583;31/12/1974;0000;9;3.481944;15;;;;;6.305556;11;56.5;;;33.73913;27.133043;22.4;56.293478;
82583;31/01/1975;0000;9;3.32043;7.5;270.6;;;206.6;6.11828;10;83.6;;;33.470968;27.278065;22.748387;59.766129;
82583;28/02/1975;0000;14;2.194048;7.6;80.9;;;170.3;7.952381;17;118.6;;;30.857143;25.02;21.396429;80.388889;
82583;31/03/1975;0000;9;2.084946;6.5;58;;;173.2;8.268817;22;359.5;;;29.880645;24.254194;20.993333;86.580645;
82583;30/04/1975;0000;18;1.705556;7.1;62.6;;;190.5;7.944444;17;153.8;;;30.156667;24.667333;21.253333;86.158333;
82583;31/05/1975;0000;14;2.264516;6.3;76.1;;;171.4;8.301075;17;187.2;;;29.203226;24.014839;20.225806;86.290323;
82583;30/06/1975;0000;14;2.742222;6.6;110.5;;;235.5;5.6;13;37.4;;;29.596667;23.522;18.913333;80.05;
82583;31/07/1975;0000;14;3.098925;7.5;169.1;;;248.1;6.172043;6;25.8;;;30.406452;23.627097;18.432258;72.919355;
82583;31/08/1975;0000;14;3.507527;7.1;269.9;;;264.2;4.483871;1;0.2;;;32.46129;25.415484;19.551613;56.072581;
82583;30/09/1975;0000;9;3.615556;6.6;304;;;272.4;4.022222;1;0.1;;;34.183333;27.115333;21.123333;51.833333;
82583;31/10/1975;0000;9;3.415054;7.5;333.5;;;273.8;4.688172;1;0.1;;;35.03871;28.400645;22.664516;49.669355;
82583;30/11/1975;0000;9;3.781111;7.5;372.6;;;263.1;5.366667;1;0.4;;;35.506667;28.667333;22.54;41.983333;
82583;31/12/1975;0000;9;3.357609;7.1;261.1;;;229.9;6.354839;5;55.7;;;33.680645;27.447097;22.358065;55.967742;
82583;31/01/1976;0000;9;3.027957;6.8;242.1;;;206;7.204301;7;30.2;;;33.945161;27.487742;22.548387;54.870968;
82583;29/02/1976;0000;9;2.397701;6.5;81.4;;;177.6;8.195402;16;162.4;;;30.617241;25.046207;21.358621;79.37069;
82583;31/03/1976;0000;9;2.323656;5.1;83.2;;;194.9;7.365591;11;131.8;;;30.525806;24.816774;20.912903;82.024194;
82583;30/04/1976;0000;9;2.443333;5;84.8;;;222.4;6.022222;12;163;;;30.096667;24.485333;20.096667;81.55;
82583;31/05/1976;0000;9;2.66129;12.6;142.4;;;246.5;5.537634;3;3.9;;977.519355;32.080645;24.909677;19.070968;68.790323;
82583;30/06/1976;0000;14;3.378889;6.5;233.3;;;258.4;4.544444;5;4.8;;977.836667;32.746667;25.669333;19.346667;54.183333;
82583;31/07/1976;0000;14;3.690323;7.1;314.3;;;283.4;3.032258;3;0.5;;979.71828;33.083871;24.10129;18.388235;46.443548;
82583;31/08/1976;0000;14;3.325806;7.5;333;;;279.4;3.268817;1;0.2;;978.710753;33.780645;;;43.137097;
82583;30/09/1976;0000;9;3.504444;7.6;337.4;;;239.3;3.488889;2;10.8;;977.653333;34.393333;;;45.491667;
82583;31/10/1976;0000;9;3.664516;7.8;324.3;;;217.6;4.526882;1;0.3;;975.904301;33.935484;;;49.782258;
82583;30/11/1976;0000;9;3.436667;7.1;;;;224.7;4.911111;4;20.4;;975.333333;34.386667;;;50.408333;
82583;31/12/1976;0000;9;4.039785;7.3;;;;276.1;3.72043;1;19.5;;974.717204;35.519355;;;44.775;
82583;31/01/1977;0000;14;3.307527;7.1;;;;128.5;7.311828;10;93.4;;975.823656;32.380645;;;64.798387;
82583;28/02/1977;0000;9;2.434524;7.1;;;;135.4;7.345238;19;117.7;;977.058333;30.928571;;;76.785714;
82583;30/04/1977;0000;9;2.165169;6.5;;;;156.7;7.213483;17;247.6;;976.560674;30.326667;;;84.691667;
82583;31/05/1977;0000;14;2.315054;5.5;;;;192.9;5.505376;18;83.3;;977.576344;29.932258;;;82.556452;
82583;30/06/1977;0000;14;2.893333;7.8;;;;174;5.266667;10;20.8;;978.743333;30.01;;;76.8;
82583;31/07/1977;0000;14;3.708602;7.3;;;;220.7;3.827957;7;17.8;;979.098925;30.82;23.646429;18.9375;64.482143;
82583;31/08/1977;0000;9;3.676344;6.6;311.6;;;273.6;2.602151;0;0;;978.241935;33.683871;26.436129;19.893548;48.443548;
82583;30/09/1977;0000;9;3.641111;7.1;361.5;;;250.7;3.177778;0;0;;977.65;34.87;28.278667;22.27;43.508333;
82583;31/10/1977;0000;9;3.716129;8;398;;;243.3;3.903226;0;0;;976.562366;35.490323;29.005161;23.464516;43.032258;
82583;30/11/1977;0000;9;3.761111;7.5;395.7;;;220.8;3.255556;1;0.3;;975.526667;35.426667;29.190667;23.43;42.958333;
82583;31/12/1977;0000;9;3.37957;7.5;354.3;;;171.3;5.107527;7;141.1;;975.880645;34.119355;28.345806;22.990323;53.048387;
82583;31/01/1978;0000;9;2.401075;5;149.7;;;185.1;5.677419;10;96.7;;976.816129;31.922581;26.412903;22.109677;69.58871;
82583;28/02/1978;0000;9;2.754762;6.8;146.1;;;147.5;5.440476;5;90.2;;976.388095;31.639286;26.405714;22.267857;70.008929;
82583;31/03/1978;0000;14;2.290323;6.3;89.7;;;136.1;6.709677;14;177.1;;977.103226;30.43871;25.154839;21.325806;78.709677;
82583;30/04/1978;0000;9;2.15;5;85.3;;;161.5;6.133333;13;144.2;;976.152809;31.048276;25.494483;21.956667;80.982759;
82583;31/05/1978;0000;9;2.265591;5.5;87.6;;;211.3;4.806452;17;117;;976.969892;30.5;24.794839;21.035484;81.540323;
82583;30/06/1978;0000;9;3.153333;8.5;180.5;;;209.5;3.788889;4;12.2;;979.18;31.166667;24.502;19.003333;65.1;
82583;31/07/1978;0000;9;3.067742;7.6;216.8;;;225.1;3.827957;5;12.5;;977.878495;32.622581;25.965161;20.458065;58.483871;
82583;31/08/1978;0000;9;3.805376;8.1;317.7;;;270.3;3.053763;2;0.3;;979.104301;33.325806;26.843226;20.641935;47.282258;
82583;30/09/1978;0000;9;3.826667;7.8;359.4;;;237.3;3.144444;3;0.7;;977.736667;34.61;28.079333;22.486667;44.05;
82583;31/10/1978;0000;9;3.793548;8;415.8;;;231.3;3.483871;1;0.2;;976.301075;35.316129;28.916774;23.125806;42.282258;
82583;30/11/1978;0000;9;3.721111;8.3;385.1;;;219.9;3.633333;2;12.4;;975.771111;34.98;28.806;23.45;44.091667;
82583;31/12/1978;0000;9;3.112903;6.1;284.4;;;168.5;5.44086;7;12.6;;975.992473;33.9;27.924516;22.709677;52.266129;
82583;31/01/1979;0000;;;5.3;;;;134.1;;9;99.3;;974.776667;33.932;;23.004;;
82583;28/02/1979;0000;;;;;;;;;8;53.1;;;33.271429;;23.152381;;
82583;31/03/1979;0000;36;1.762687;4;89;;;158.2;5.432836;16;209.4;;975.259701;31.744444;25.715455;22.077778;78.818182;
82583;30/04/1979;0000;;;;;;;161.9;;9;81;;;32.315385;;21.972;;
82583;31/05/1979;0000;;;;94.8;;;161.2;;10;52.3;;;29.989286;;20.903571;;
82583;30/06/1979;0000;;;;215.8;;;231.1;;7;12.5;;;31.413333;;19.17;;
82583;31/07/1979;0000;;;;295.2;;;269.3;;1;4.8;;;33.009677;;20.025806;;
82583;31/08/1979;0000;;;;295.7;;;211.5;;1;0.8;;;34.166667;;22.137037;;
82583;30/09/1979;0000;;;;;;;;;2;29;;;34.516667;;23.372222;;
82583;31/10/1979;0000;;;;;;;;;;0;;;35.847826;;23.86087;;
82583;30/11/1979;0000;;;;362.5;;;226;;2;23.3;;;35.089655;;23.631034;;
82583;31/12/1979;0000;;;;326.8;;;196.1;;3;4.6;;;35.35;;24.110714;;
82583;31/01/1980;0000;;;;197.5;;;152.9;;9;104.2;;;32.933333;;22.981481;;
82583;29/02/1980;0000;;;;;;;95.1;;19;240.7;;;30.092308;;21.957692;;
82583;31/03/1980;0000;14;2.465672;5.8;;;;144.8;5.910448;9;65.1;;976.156716;30.266667;25.189091;21.45;80.056818;
82583;30/04/1980;0000;;;;131;;;174;;9;45.8;;;32.011111;;21.792593;;
82583;31/05/1980;0000;;;;223.1;;;208.7;;2;1.5;;;33.551724;;21.503448;;
82583;30/06/1980;0000;;;;;;;165.8;;2;17.7;;;33.0375;;21.483333;;
82583;31/07/1980;0000;;;;346;;;245.9;;1;0.5;;;34.086207;;21.055172;;
82583;31/08/1980;0000;;;;;;;223.3;;;0;;;34.464;;21.9;;
82583;30/09/1980;0000;;;;;;;;;2;27;;;35.286364;;23.186364;;
82583;31/10/1980;0000;;;;;;;;;;0;;;;;;;
82583;30/11/1980;0000;;;;;;;;;2;3.6;;;34.6125;;23.36875;;
82583;31/12/1980;0000;;;;;;;;;1;0.1;;;;;;;
82583;31/01/1981;0000;9;3.12963;6.1;251;;;124.5;6.45679;8;62.5;;975.238272;33.940741;28.102963;23.825926;63.32;
82583;28/02/1981;0000;9;3.117188;6.3;;;;;4.276923;4;10.7;;974.749231;32.836364;27.164545;22.45;62.702381;
82583;31/03/1981;0000;9;2.443103;5.5;;;;;6.689655;10;128.9;;975.484483;31.710526;26.62;22.873684;79.15;
82583;30/04/1981;0000;14;2.302703;6;;;;178.4;3.824324;7;48.9;;975.8;30.756;25.2672;20.884;75.84;
82583;31/05/1981;0000;14;2.659259;5.8;181;;;171.1;4.506173;1;33.8;;976.458025;31.848148;26.194815;21.277778;65.567308;
82583;30/06/1981;0000;14;;7.3;;;;220.7;2.064103;1;0.4;;977.797403;32.996154;26.838462;20.546154;51.385417;
82583;31/07/1981;0000;14;3.704;8.3;;;;233.1;1.8;;0;;978.372;33.024;26.6008;20.392;43.57;
82583;31/08/1981;0000;14;3.653623;7.3;;;;;1.57971;2;18.2;;977.265217;33.652174;27.227826;21.165217;43.431818;
82583;30/09/1981;0000;9;3.621818;9.1;;;;;1.909091;;0;;977.327273;34.366667;28.307778;22.327778;40.041667;
82583;31/10/1981;0000;9;3.7125;7.1;;;;;1.607143;;0;;974.9125;35.973684;29.707368;23.689474;38.720588;
82583;30/11/1981;0000;9;3.776389;7;;;;193;2.930556;1;0.8;;973.851389;35.495833;29.718333;23.983333;41.239583;
82583;31/12/1981;0000;9;3.741667;7.8;;;;;3.9;4;31.6;;974.555;34.815;29.015;23.925;52.175;
82583;31/01/1982;0000;9;2.776667;8.1;;;;;6.3;4;33.8;;974.718333;32.895;27.533;23.23;59.7125;
82583;28/02/1982;0000;9;2.748333;6.1;;;;;6.833333;9;65.8;;975.215;32.26;26.688;22.65;66.2125;
82583;31/03/1982;0000;9;2.198387;5;;;;;5.253968;8;150.9;;974.91746;31.5;25.965714;22.266667;74.952381;
82583;30/04/1982;0000;14;2.230667;7.3;;;;112.3;6.546667;13;71.4;;975.692;30.78;25.4992;21.952;77.66;
82583;31/05/1982;0000;14;3.132;7.8;;;;161.4;4.2;5;4.5;;976.462667;31.988;25.9072;20.852;62.09;
82583;30/06/1982;0000;9;3.527869;8.1;;;;;2.803279;1;0.4;;977.844262;32.85;26.77;21.355;48.8125;
82583;31/07/1982;0000;14;3.625806;6.8;;;;;3.225806;1;3.2;;977.645161;33.014286;27.14;21.195238;44.222222;
82583;31/08/1982;0000;14;4.021053;8;;;;207;1.907895;;0;;977.95;33.836;27.7208;22.112;39.78;
82583;30/09/1982;0000;9;4.085417;8.5;;;;;2.041667;;0;;976.552083;34.9875;28.87125;22.9625;37.984375;
82583;31/10/1982;0000;9;3.4;8.3;;;;;2.106383;;0;;975.457447;35.11875;28.89625;23.4125;38.40625;
82583;30/11/1982;0000;9;3.995062;8.1;399.2;;;216.8;2.308642;3;1.8;;974.730864;35.222222;29.357037;23.662963;37.203704;
82583;31/12/1982;0000;9;3.657813;7.5;;;;;3.046875;2;10.2;;974.557813;35.309524;29.442857;24.02381;41.154762;
82583;31/01/1983;0000;;;;401.6;;;177.6;;5;5.7;;;35.322581;;24.53871;;
82583;28/02/1983;0000;;;;;;;;;10;164.2;;;33.270588;;23.435294;;
82583;31/03/1983;0000;;;;345.9;;;192.9;;8;96;;;33.693548;;23.606452;;
82583;30/04/1983;0000;;;;277.8;;;229.8;;5;23.8;;;33.536667;;22.75;;
82583;31/05/1983;0000;;;;351.6;;;185.6;;4;2.7;;;34.258065;;23.683871;;
82583;30/06/1983;0000;;;;398.6;;;239.5;;0;0;;;34.073333;;22.573333;;
82583;31/07/1983;0000;;;;411.9;;;264.1;;1;1.8;;;33.7;;22.222581;;
82583;31/08/1983;0000;;;;437;;;266.3;;1;0.2;;;34.116129;;23.090323;;
82583;30/09/1983;0000;;;;524.1;;;258.6;;0;0;;;35.386667;;23.29;;
82583;31/10/1983;0000;;;;589.9;;;263;;;0;;;35.380645;;23.716129;;
82583;30/11/1983;0000;;;;543.6;;;259.1;;0;0;;;35.54;;23.433333;;
82583;31/12/1983;0000;;;;484.4;;;190.8;;2;4.2;;;34.919355;;23.83871;;
82583;31/01/1984;0000;;;;349;;;187.5;;9;81.2;;;34.158065;;23.248387;;
82583;29/02/1984;0000;;;;279.2;;;210.3;;9;112.1;;;33.913793;;22.62069;;
82583;31/03/1984;0000;14;1.848529;3.8;93.5;;;132.6;6.485294;22;374.7;;975.094118;30.503226;25.054783;21.916129;82.836957;
82583;30/04/1984;0000;14;1.852941;5.1;54.8;;;105.9;7.72549;23;237.5;;976.188235;29.5;24.76;22.043333;87.735294;
82583;31/05/1984;0000;9;2.44386;5;87.6;;;185.9;4.508772;11;52.6;;976.491228;29.716129;24.388421;21.009677;81.430556;
82583;30/06/1984;0000;;;6.1;206.9;;;226.5;;4;8.5;;977.883673;31.373333;24.30125;18.986667;66.671875;
82583;31/07/1984;0000;;;6.6;301.7;;;230.2;;0;0;;977.474074;32.693548;;19.429032;;
82583;31/08/1984;0000;;;;342.5;;;239.2;;1;1;;;33.983871;;21.293548;;
82583;30/09/1984;0000;;;;386.5;;;257.7;;1;4;;;35.086667;;22.033333;;
82583;31/10/1984;0000;;;;395.9;;;235.9;;1;46.3;;;35.245161;;22.822581;;
82583;30/11/1984;0000;;;;407.8;;;240.9;;0;0;;;35.67;;22.77;;
82583;31/12/1984;0000;;;;403.3;;;216.9;;1;0.1;;;35.593548;;22.832258;;
82583;31/01/1990;0000;9;3.232609;6.8;256.8;;;177.2;3.76087;0;0;;974.957143;32.477419;26.665806;21.9;61.782258;
82583;28/02/1990;0000;;;;;;;;;;0;;;;;;;
82583;31/01/1995;0000;9;3.040217;6.3;304;;;;5.804348;8;26;;977.686957;33.012903;27.199355;22.883871;61.637097;
82583;28/02/1995;0000;9;2.672619;7.5;130.6;;;;7.083333;11;102.9;;978.25;31.675;25.832143;22.617857;76.821429;
82583;31/03/1995;0000;9;2.234409;6.3;159.2;;;;5.967742;20;105.1;;976.964516;32.090323;26.00129;22.480645;76.862903;
82583;30/04/1995;0000;9;2.007778;8.6;89.2;;;6.1;7.122222;23;391.5;;976.555556;30.533333;25.338667;22.42;84.925;
82583;31/05/1995;0000;9;2.093333;6.3;83.1;;;;5.877778;14;177.3;;976.677778;30.176667;25.212667;22.326667;83.7;
82583;30/06/1995;0000;9;2.926667;6.1;145.6;;;167.9;3.655556;8;24.3;;979.186667;30.403333;24.583333;20.453333;75.266667;
82583;31/07/1995;0000;14;3.422581;6.5;279.6;;;255.3;2.946237;5;24.1;;978.367742;31.448387;24.595484;18.629032;64.112903;
82583;31/08/1995;0000;14;3.491398;8.5;419.5;;;289.4;2.11828;0;0;;978.584946;34.019355;26.583871;19.954839;48.91129;
82583;30/09/1995;0000;14;3.845556;9.1;493.7;;;294.8;1.766667;0;0;;978.724444;35.226667;27.83;21.41;43.825;
82583;31/10/1995;0000;9;3.574194;8.6;501;;;266.5;2.956989;1;23.3;;976.154839;36.019355;29.057419;22.577419;46.104839;
82583;30/11/1995;0000;9;3.25;6.6;411;;;194.5;5.533333;4;143.5;;975.876667;34.32;28.548667;22.923333;51.15;
82583;31/12/1995;0000;9;2.621505;7;336.4;;;270.7;5.130435;5;16.8;;976.288172;35.090323;28.438065;22.616129;53.16129;
82583;31/01/1996;0000;9;2.288172;7.5;205.7;;;198.8;5.924731;10;142;;975.55914;32.174194;26.281935;21.616129;69.677419;
82583;29/02/1996;0000;9;2.410345;5.1;182.2;;;174.2;6.45977;11;37.8;;975.783908;33.664286;26.724286;21.857143;68.491379;
82583;31/03/1996;0000;9;2.203226;7.8;102.4;;;151.6;7.236559;19;182.8;;976.495699;31.087097;25.141935;21.609677;82.508065;
82583;30/04/1996;0000;14;1.767778;5.1;59.2;;;133.3;6.722222;20;451.7;;977.056667;29.87;24.785333;21.573333;86.416667;
82583;31/05/1996;0000;9;2.37957;6;123;;;244.2;3.408602;8;95.3;;978.307527;30.606452;24.948387;20.593548;78.266129;
82583;30/06/1996;0000;9;3.246667;7.6;232;;;233.7;3.466667;3;5.5;;979.094444;31.306667;24.860667;19.65;67.5;
82583;31/07/1996;0000;14;3.446237;9.3;328;;;212.6;3.354839;3;4.6;;979.78172;32.787097;26.012258;19.774194;55.193548;
82583;31/08/1996;0000;9;3.776667;8.8;398.6;;;250.6;3.408602;5;19.4;;978.975269;33.851613;26.848387;20.687097;53.282258;
82583;30/09/1996;0000;9;3.926966;9.3;484.8;;;264;2.155556;1;0.2;;977.396667;35.613333;28.763333;22.493333;42.575;
82583;31/10/1996;0000;9;3.798913;7.5;469.6;;;253.5;3.16129;1;6;;976.226882;35.916129;29.322581;23.129032;43.362903;
82583;30/11/1996;0000;9;3.56;8.3;417.8;;;205;4.877778;4;19.7;;974.933333;35.32;28.986667;23.283333;47.541667;
82583;31/12/1996;0000;9;3.658065;9.5;461.8;;;240.7;3.612903;2;3.4;;975.77957;35.825806;29.324516;23.603226;45.830645;
82583;31/01/1997;0000;9;3.086022;8.1;323.8;;;140.8;7.05814;11;128.3;;975.78172;34.132258;28.035484;23.358065;57.306452;
82583;28/02/1997;0000;9;3.528049;7;278.5;;;210.9;5.16;5;3.5;;976.708333;33.221429;26.772143;21.878571;61.080357;
82583;31/03/1997;0000;9;2.5;8.3;213.2;;;138.1;7.043478;15;304.4;;976.303226;32.412903;26.434194;22.225806;70.532258;
82583;30/04/1997;0000;9;1.904444;4.5;92.8;;;173.4;6.033333;17;143;;977.625556;30.14;25.079333;21.666667;85.783333;
82583;31/05/1997;0000;9;2.215054;5.6;113.7;;;195.5;5.075269;13;84.8;;978.621505;29.841935;24.414194;20.625806;84.701613;
82583;30/06/1997;0000;14;2.754444;5.5;233.7;;;265.8;2.561798;0;0;;978.120225;32.623333;24.869655;18.453333;70.25;
82583;31/07/1997;0000;9;3.153261;7.1;350.5;;;269.7;2.430108;2;1.2;;980.084946;33.125806;26.089032;19.564516;55.443548;
82583;31/08/1997;0000;9;3.404301;7.5;407.1;;;274.4;2.741935;2;2.1;;979.972043;33.816129;27.109032;21.354839;46.701613;
82583;30/09/1997;0000;9;3.482222;7.6;398.1;;;268;2.166667;0;0;;977.352222;36.013333;28.946667;22.923333;40.116667;
82583;31/10/1997;0000;9;3.713978;6.8;426.1;;;253.8;3.311828;1;4.5;;976.174194;36.183871;29.450323;23.558065;43.596774;
82583;30/11/1997;0000;5;3.273333;6.3;405.7;;;224.2;3.944444;2;20.3;;976.082222;35.903333;29.526;24.03;45.608333;
82583;31/12/1997;0000;9;3.360215;6.8;402.3;;;242.8;4.72043;6;13.6;;976.268817;35.832258;29.466452;24.33871;49.467742;
82583;31/01/1998;0000;9;2.349462;6.5;172.5;;;155.8;7.387097;17;109.6;;976.648387;32.954839;27.060645;23.367742;72.233871;
82583;28/02/1998;0000;9;3.415476;7.3;275.2;;;216.4;5.011905;7;27.4;;977.539286;35.510714;28.729286;23.589286;61.181818;
82583;31/03/1998;0000;9;2.378495;6.8;206;;;169.1;7.032258;16;174.5;;976.693548;34.267742;27.919355;23.635484;67.201613;
82583;30/04/1998;0000;9;2.701111;6.1;200.3;;;222.6;4.677778;10;45.9;;976.691111;34.21;27.791333;23.036667;67.633333;
82583;31/05/1998;0000;9;2.910753;6.6;334.8;;;223.3;4.634409;7;18.8;;978.04086;35.203333;28.963226;23.706452;53.483871;
82583;30/06/1998;0000;9;3.47;7;368;;;216;3.522222;0;0;;979.658889;34.443333;28.252667;22.706667;47.541667;
82583;31/07/1998;0000;9;3.743478;6.6;427.6;;;244.2;3.55914;3;3.4;;979.433333;34.441935;28.321935;22.493548;45.209677;
82583;31/08/1998;0000;9;3.697849;8;481.7;;;275.7;2.698925;4;5.5;;978.741935;34.916129;28.434194;22.567742;44.645161;
82583;30/09/1998;0000;9;3.752222;6.6;468;;;272.3;2.044444;0;0;;977.971111;36.156667;29.632667;23.543333;39.233333;
82583;31/10/1998;0000;9;3.952688;7.8;524.3;;;274.4;2.537634;0;0;;977.26129;36.532258;30.214194;24.335484;37.741935;
82583;30/11/1998;0000;9;3.422222;7.5;431.4;;;179.5;4.488889;0;0;;975.614444;35.763333;29.888;24.33;43.708333;
82583;31/12/1998;0000;9;3.386022;7.8;422.4;;;228.2;4.473118;3;9.7;;976.329032;35.751613;29.577419;23.993548;44.725806;
82583;31/01/1999;0000;9;2.763441;6.1;266.6;;;205.4;6.580645;12;178.3;;976.045161;33.364516;27.525161;23.329032;62.08871;
82583;28/02/1999;0000;9;2.434524;5.8;165;;;190.1;6.738095;10;123.1;;976.792857;32.567857;26.699286;22.814286;69.741071;
82583;31/03/1999;0000;5;2.074194;5;105.3;;;153.1;6.83871;16;118.8;;976.522581;30.954839;25.434839;22.26129;80.701613;
82583;30/04/1999;0000;9;1.995556;4.8;93.5;;;181.1;6.288889;12;127.1;;977.877778;30.83;25.13;21.516667;81.7;
82583;31/05/1999;0000;9;2.133333;5.6;90;;;162.5;6.107527;20;196.4;;978.689247;30.396774;24.758065;21.229032;82.669355;
82583;30/06/1999;0000;9;2.74;6.5;228.8;;;254.1;3.244444;1;0.1;;978.617778;33.156667;25.704667;19.42;59.175;
82583;31/07/1999;0000;9;3.041935;6.8;356.7;;;267;2.666667;2;0.7;;979.889247;33.625806;26.345161;19.264516;45.991935;
82583;31/08/1999;0000;9;3.369892;7;423.7;;;304.7;1.860215;0;0;;979.417204;34.570968;27.374194;20.748387;40.653226;
82583;30/09/1999;0000;9;3.568889;6.6;411.9;;;274.2;2.8;3;3.5;;977.42;35.533333;28.811333;22.873333;41.183333;
82583;31/10/1999;0000;9;3.387097;7.5;442.2;;;272.7;2.967742;2;5;;977.388172;35.864516;29.11871;22.880645;42.927419;
82583;30/11/1999;0000;9;3.347778;7.8;371;;;202.9;4.633333;2;11.6;;976.185393;35.024138;29.068667;23.18;45.575;
82583;31/12/1999;0000;5;3.225806;8.3;309.1;;;178.4;6.043011;10;129.1;;976.236559;33.722581;28.098065;23.093548;55.16129;
82583;31/01/2000;0000;9;2.189247;6.5;125;;;193.7;6.129032;10;85.1;;976.447312;31.116129;25.714194;21.903226;74.540323;
82583;29/02/2000;0000;5;2.129885;6;108.3;;;189.1;7.151163;20;296;;977.854651;31.524138;25.274286;21.371429;78.196429;
82583;31/03/2000;0000;9;2.207527;6;92.1;;;190.8;6.236559;19;174;;976.73871;31.058065;25.255484;21.651613;81.08871;
82583;30/04/2000;0000;9;1.961111;6.5;74.7;;;177;6.444444;22;160.9;;977.664444;30.403333;24.91;21.58;83.325;
82583;31/05/2000;0000;9;2.312903;5.6;158.5;;;207.5;5;7;32;;978.407527;31.345161;25.173548;20.841935;75.201613;
82583;30/06/2000;0000;9;2.925556;7.8;293.4;;;167.1;5.280899;5;12.1;;979.124719;32.13;25.74;20.73;63.844828;
82583;31/07/2000;0000;9;2.753763;7.5;353.4;;;199.8;4.935484;8;13.1;;978.727957;32.754839;26.248387;21.016129;58.153226;
82583;31/08/2000;0000;9;3.607527;7.1;460.5;;;256.1;3.591398;4;11.9;;979.480645;33.725806;27.072258;21.341935;49.693548;
82583;30/09/2000;0000;9;3.373034;7.3;;;;246.9;3.755556;3;0.6;;977.853333;35.016667;28.405333;23.17;45.875;
82583;31/10/2000;0000;5;3.445161;7.5;;;;268.1;2.83871;1;0.1;;977.695699;35.896774;29.367097;23.429032;39.225;
82583;30/11/2000;0000;5;3.383333;7.3;484.8;;;256.9;3.8;1;0.9;;975.801111;35.42;29.218667;23.36;41.841667;
82583;31/01/2001;0000;9;2.756044;5.5;325.7;;;183.4;6.141304;5;10.8;;977.513043;34.2;27.949032;23.225806;54.282258;
82583;28/02/2001;0000;32;1.758333;4.5;134.1;;;144.2;7.77381;14;144.2;;976.82619;32.553571;26.198571;22.335714;72.544643;
82583;31/03/2001;0000;9;1.95914;4.6;122.9;;;172.3;6.946237;17;133.6;;977.665591;31.177419;25.570968;22.054839;78.241935;
82583;30/04/2001;0000;9;1.788889;5.3;93.9;;;155.4;7.177778;20;154.3;;978.123333;30.696667;25.140667;21.8;82.183333;
82583;31/05/2001;0000;9;2.262366;5.5;164.9;;;216.8;4.709677;6;22.8;;978.17957;32.503226;26.049677;21.116129;70.516129;
82583;30/06/2001;0000;9;2.722222;5.1;195.9;;;207.4;4.555556;7;38.3;;979.578889;32.2;26.034;21.133333;61.783333;
82583;31/07/2001;0000;9;3.48913;6.6;317.1;;;252.1;3.548387;4;4.1;;979.645161;33.229032;26.65871;20.864516;51.120968;
82583;31/08/2001;0000;9;4.009677;7.5;435;;;303.3;2.141304;1;0.3;;980.75;34.341935;27.43;21.25;40.625;
82583;30/09/2001;0000;9;3.373333;6.5;369.7;;;276.4;3;0;0;;978.052222;35.586667;28.937333;23.053333;41.208333;
82583;31/10/2001;0000;;;6.3;;;;;;0;0;;977.686667;36.04;29.477;23.545;41.5625;
82583;30/11/2001;0000;5;3.746667;7.5;368.9;;;234.7;3.9;0;0;;976.351111;35.74;29.589333;23.633333;43.408333;
82583;31/12/2001;0000;;;;;;;;;0;0;;;;;;;
82583;31/01/2002;0000;9;2.228571;9;90.9;;;144.8;7.608696;23;274.2;;977.181522;31.051613;25.429032;22.090323;78.532258;
82583;28/02/2002;0000;9;2.811905;6.3;154.2;;;210;4.650602;9;25.6;;977.144048;32.475;26.280714;21.835714;68.517857;
82583;31/03/2002;0000;9;2.254839;5.1;104.8;;;156.3;6.774194;18;123.7;;976.858065;31.43871;25.658065;21.954839;78.306452;
82583;30/04/2002;0000;9;1.963333;5;78.2;;;149.2;6.722222;14;99;;976.432222;30.423333;25.198667;21.68;82.158333;
82583;31/05/2002;0000;9;2.673118;6.5;151;;;199;5.184783;8;27.1;;977.456989;32.16129;25.939355;21.335484;70.766129;
82583;30/06/2002;0000;9;3.078261;6.5;;;;;4.985507;5;22.3;;978.817391;32.604348;26.146957;21.313043;61.054348;
82583;31/07/2002;0000;9;3.168817;7;279.7;;;244.6;3.709677;6;5.2;;979.388172;33.8;27.239355;21.496774;50.564516;
82583;31/08/2002;0000;14;3.680645;7.8;358.8;;;299;2.451613;0;0;;979.813115;34.854839;28.123226;22.012903;41.4;
82583;30/09/2002;0000;9;3.521667;8.3;345;;;275;2.966667;0;0;;978.765;35.643333;28.992;22.74;41.2;
82583;31/10/2002;0000;9;3.824194;7.8;405.2;;;297.1;2.774194;0;0;;977.225806;36.43871;29.778065;23.774194;38.387097;
82583;30/11/2002;0000;9;3.743333;8.3;335.4;;;268;2.65;0;0;;977.285;36.183333;29.876;24.093333;43.275;
82583;31/01/2003;0000;9;2.768852;6.1;222;179.891089;179.891089;198.9;6.196721;8;117.3;;978.086885;34.632258;28.36129;23.2;54.566667;
82583;28/02/2003;0000;9;1.983929;5.6;90.4;117.310879;117.310879;116.9;7.875;11;200.1;;977.839286;31.189286;25.922857;22.517857;76.04;
82583;31/03/2003;0000;9;1.667742;4.1;77;118.401173;118.401173;178.7;7.370968;18;414.9;;977.756452;30.925806;25.370323;22.106452;79.806452;
82583;30/04/2003;0000;9;1.815;5.8;84.4;122.8233;122.8233;199.2;6.1;14;57.5;1012.20339;978.19;31.19;25.86;22.486667;79.966667;
82583;31/05/2003;0000;9;1.733871;5.1;128.3;123.935333;83.8767;203.7;4.725806;9;50.2;;978.762903;31.948387;25.772258;21.274194;72.5;
82583;30/06/2003;0000;9;2.185;5.5;241.6;114.505845;81.7;233.7;4.15;4;41.5;;979.018333;32.096667;25.466;20.316667;65.233333;
82583;31/07/2003;0000;14;2.916129;6.6;336.4;128.597375;19.3;287;2.822581;1;19.3;;980.345161;33.080645;26.129032;19.983871;53.066667;
82583;31/08/2003;0000;9;2.81129;8;305.6;159.683928;3;278.9;3.177419;1;0.3;;979.924194;34.819355;27.746452;21.419355;44.709677;
82583;30/09/2003;0000;14;3.65;7;351.6;;;287.9;2.416667;0;0;;978.88;35.776667;29.018;22.866667;41.769231;
82583;31/10/2003;0000;9;3.680645;8;355.1;;;293.6;2.83871;0;0;;977.2;36.458065;29.709032;23.641935;41.607143;
82583;30/11/2003;0000;9;3.33;7.5;342.3;;;261.7;4.118644;1;0.1;;976.108333;36.336667;30.116667;24.283333;41.551724;
82583;31/12/2003;0000;;;;;;;;;;0;;;;;;;
82583;31/01/2004;0000;9;2.095082;6.6;166.2;;;150.3;7.606557;23;644.3;1010.22931;976.629508;32.429032;27.051613;23.212903;67.733333;
82583;29/02/2004;0000;9;1.993103;7.5;89.1;;;184.5;6.655172;15;198.1;;977.772414;30.82069;25.62;22.413793;78.793103;
82583;31/03/2004;0000;9;2.191935;5.1;112;;;217.7;5.870968;10;71;;977.298387;31.532258;26.04;22.458065;75;
82583;30/04/2004;0000;9;1.898333;5.6;130.4;;;186.6;4.9;7;48.6;1011.51;977.776667;32.206667;26.276667;22.446667;71.666667;
82583;31/05/2004;0000;9;2.33871;5.8;235.1;;;204.4;4.16129;8;38.1;1012.73;978.395161;32.864516;26.26;21.619355;67.633333;
82583;30/06/2004;0000;9;2.891667;6.8;281.1;;;192.7;4.716667;10;43.2;;981.288333;31.296667;25.306;20.716667;66.966667;
82583;31/07/2004;0000;9;3.092867;7.8;415.2;;;246;3.806452;3;3.4;;979.708065;32.722581;26.232258;20.825806;56.290323;
82583;31/08/2004;0000;9;3.309677;8.3;400.7;;;287.4;2.612903;4;6.2;;980.453226;34.603226;27.804516;21.696774;44.935484;
82583;30/09/2004;0000;9;3.713333;7.3;396.6;;;273.4;3.45;0;0;1011.9875;978.516667;35.636667;29.076;23.166667;40.307692;
82583;31/10/2004;0000;9;3.783871;7.8;399.6;;;287.4;3.112903;0;0;;977.046774;36.177419;29.710323;23.783871;42.032258;
82583;30/11/2004;0000;;;;;;;;;;0;;;;;;;
82583;31/12/2004;0000;9;3.035294;6.6;;;;195.5;4.588235;3;16.2;;976.396078;35.707692;29.352308;23.87037;45.461538;
82583;31/01/2005;0000;9;2.822581;8;216.5;;;202.8;5.532258;9;199.8;1009.645;976.146774;34.3;28.407097;23.383871;57.310345;
82583;28/02/2005;0000;9;2.4;5.5;140.9;;;183;6.625;9;38.5;;976.114286;33.578571;27.835714;23.585714;63.642857;
82583;31/03/2005;0000;9;2.164516;7.1;161.5;;;174.1;6.935484;15;248.1;;977.432258;34.019355;27.48129;23.387097;74.4;
82583;30/04/2005;0000;;;5;;;;;;6;41.3;;977.831707;32.02;26.567;22.885;74.947368;
82583;31/05/2005;0000;9;2.398387;7.3;229.1;;;188.7;5.322581;14;90;;978.291935;30.948387;25.686452;21.903226;72.806452;
82583;30/06/2005;0000;9;2.778333;7;375.9;;;184.1;4.216667;10;13.8;1013.105;979.295;32.29;26.242;21.45;64;
82583;31/07/2005;0000;9;3.382258;7.3;375.7;;;277.4;2.403226;1;0.1;;980.656452;33.66129;26.891613;20.764516;54.566667;
82583;31/08/2005;0000;9;3.479032;7.3;331.2;;;290.8;2.370968;2;14;;979.819355;34.241935;27.794194;22.03871;53.709677;
82583;30/09/2005;0000;9;3.868889;7;327.4;;;273.9;2.522222;0;0;;977.765556;35.383333;28.705333;22.81;49.133333;
82583;31/10/2005;0000;9;3.84086;7.8;438.1;;;310.7;2.322581;0;0;;976.290323;36.416129;29.919355;23.651613;44.072581;
82583;30/11/2005;0000;9;4.002222;8.3;442;;;275.2;3.144444;1;0.1;;974.896667;36.16;29.962;23.966667;44.041667;
82583;31/12/2005;0000;9;3.655914;8.3;368.5;;;204.5;5.16129;5;12.4;;974.660215;35.387097;29.495484;24.367742;49.201613;
82583;31/01/2006;0000;9;3.121505;6.3;288.1;;;247.9;5.16129;5;96.3;;974.91828;34.677419;29.001935;23.958065;53.822581;
82583;28/02/2006;0000;9;2.334524;5;166.7;;;168.8;6.857143;14;118.2;;975.866667;33.1;27.125714;23.157143;70.821429;
82583;31/03/2006;0000;9;2.387097;5;102.5;;;218.9;6.010753;13;136.1;;976.556989;31.912903;26.205806;22.735484;78.532258;
82583;30/04/2006;0000;14;1.705556;4.5;85.9;;;148;7.188889;27;140.5;;976.238889;30.843333;25.362;22.54;85.758333;
82583;31/05/2006;0000;14;2.331183;8.8;98.6;;;205.2;5.55914;13;81.9;;978.024731;30.609677;25.129677;21.641935;80.975806;
82583;30/06/2006;0000;14;3.287148;7.1;215.7;111.398652;85.7;220.4;4.516667;3;27.1;;978.884444;31.656667;25.412;20.406667;66.766667;
82583;31/07/2006;0000;14;3.570968;8.3;480.1;137.412182;0.2;253.8;4.11828;1;0.2;;979.465591;33.219355;26.647097;20.809677;57.306452;
82583;31/08/2006;0000;9;3.501075;8;459.6;153.722752;2.5;290;2.903226;2;2.5;;978.391398;34.148387;27.439355;21.432258;50.169355;
82583;30/09/2006;0000;9;3.718889;7.5;399;177.022113;0.9;285.1;2.988889;2;0.9;;977.864444;35.246667;28.722667;23.116667;46.208333;
82583;31/10/2006;0000;9;3.677419;7.3;410.2;211.116362;2;283.2;3.290323;1;2;;975.911828;36.03871;29.594839;23.6;45.137097;
82583;30/11/2006;0000;9;3.137778;6.3;376.7;201.596895;0;253.5;4.277778;0;0;;975.143333;35.636667;29.604;24;49.116667;
82583;31/12/2006;0000;9;3.664516;6.8;346.8;209.334363;5.5;247.7;4.548387;4;5.5;;976.278495;35.403226;29.582581;24.090323;50.298387;
82583;31/01/2007;0000;9;3.539331;7;368.7;221.458368;6.4;249.6;4.602151;4;6.4;;975.846237;35.929032;30.041935;24.73871;51.475806;
82583;28/02/2007;0000;9;2.397619;6.8;129.3;125.415626;125.415626;145.6;7.416667;17;281.2;;976.853571;32.557143;26.467857;22.892857;74.133929;
82583;31/03/2007;0000;9;2.420131;5.3;142.3;132.005668;132.005668;186.5;6.604839;10;61.1;;976.492473;31.309677;26.074194;22.612903;77.879032;
82583;30/04/2007;0000;9;2.483333;6.5;148.4;131.308888;105.894332;171.9;6.533333;12;76.4;;976.974444;32.796667;26.662;22.823333;75.083333;
82583;31/05/2007;0000;14;3.035484;6.8;219.7;137.889155;30.4;257.3;4.44086;5;30.4;;977.173118;32.867742;26.529677;21.609677;68.258065;
82583;30/06/2007;0000;9;3.734296;7.8;341.7;177.314499;9.1;240.1;3.533333;6;9.1;1012.56;978.763333;32.9;26.464667;21.07;58.808333;
82583;31/07/2007;0000;9;3.486022;7.3;357.7;154.352908;2.7;286.8;3.387097;3;2.7;;978.676344;33.858065;27.520645;22;51.637097;
82583;31/08/2007;0000;9;4.172819;8.1;416.3;73.690286;0.5;292.8;2.591398;1;0.5;;978.262366;34.012903;27.73871;22.067742;46.717742;
82583;30/09/2007;0000;9;4.214136;8.2;436.8;179.186495;0;298.6;3.2;0;0;;978.176667;34.99;28.846667;22.923333;40.958333;
82583;31/10/2007;0000;9;3.949462;7.1;462;211.116362;0;298.8;3.11828;0;0;;975.860215;35.887097;29.71871;23.464516;40.508065;
82583;30/11/2007;0000;9;3.876667;7.8;411.8;213.747342;0;297.9;3.611111;0;0;;974.634444;36.06;30.072667;23.856667;44.108333;
82583;31/12/2007;0000;9;3.175269;7.6;312;185.649036;23.2;210.9;5.322581;6;23.2;;975.212903;34.390323;28.591613;23.406452;55.330645;
82583;31/01/2008;0000;9;2.77957;6.1;239;167.756378;26.9;184.1;6.021505;14;26.9;;975.16129;33.906452;27.76;23.583871;65.5;
82583;29/02/2008;0000;9;2.755172;6.6;193.5;138.694935;135.9;201.4;5.954023;9;135.9;;976.462069;33.134483;26.973103;22.603448;67.931034;
82583;31/03/2008;0000;9;1.534409;6;65.9;113.522354;113.522354;153.1;7.569892;27;405.6;;976.321505;30.23871;24.999355;22.096774;85.806452;
82583;30/04/2008;0000;9;1.645556;5.5;61.7;110.028743;110.028743;147;6.755556;22;262.6;;975.961111;29.84;25.132667;22.326667;87.208333;
82583;31/05/2008;0000;9;2.219355;5.6;108.8;112.547981;112.547981;202.5;5.602151;12;32.1;;977.321505;30.496774;25.103871;21.577419;81.491935;
82583;30/06/2008;0000;14;3.082222;6.5;313.2;111.392617;15.004067;214.6;4.511111;2;2;;978.55;31.84;25.320667;20.21;67.108333;
82583;31/07/2008;0000;14;3.72043;7.8;392.7;125.210984;24.749944;248.1;4.376344;3;20.5;1013.17033;979.451613;32.145161;25.86129;20.296774;60.733871;
82583;31/08/2008;0000;14;3.641935;6.8;442.9;147.974304;46.874103;276;3.430108;2;45.4;;977.364516;33.632258;27.11871;21.309677;56.629032;
82583;30/09/2008;0000;9;4.104444;7.3;452.4;179.259111;0.686702;295.3;2.488889;0;0;;977.201111;35.5;28.788;22.83;46.266667;
82583;31/10/2008;0000;9;4.15669;9.6;501.7;206.285054;0.119766;309.7;2.860215;0;0;;976.265591;36.116129;29.589677;23.645161;43.145161;
82583;30/11/2008;0000;9;3.648889;7.1;451.5;206.44943;0.615211;274.6;3.666667;1;0.6;1008;974.766667;36.28;29.815333;23.64;43.625;
82583;31/12/2008;0000;9;2.934921;6.8;378.4;206.883635;1.101942;236.2;4.365079;3;1.1;;975.71746;35.825806;29.638065;24.167742;50.467742;
82583;31/01/2009;0000;9;3.070215;10.1;285.4;178.536508;67.000191;198.2;6.252688;9;67;;975.790323;34.309677;28.247097;23.558065;59.758065;
82583;28/02/2009;0000;9;2.075;5.5;108.5;117.310879;117.310879;162.3;7.5;15;181.2;;975.767857;31.6;25.859286;22.317857;78.071429;
82583;31/03/2009;0000;9;1.622581;4.1;68.8;120.044322;117.142677;178.3;6.903226;21;112.5;;977.035484;31.070968;25.500645;22.545161;;
82583;30/04/2009;0000;9;1.386667;3.6;52.4;108.546629;108.546629;128.4;7.95;25;508;;978.403333;30.17;25.048;22.193333;;
82583;31/05/2009;0000;9;1.406452;4.6;81.6;112.579123;112.579123;128.1;7.5;22;189.3;;978.675806;29.732258;25.079355;22.390323;;
82583;30/06/2009;0000;9;2.55;6.3;264.4;103.894475;69.237656;222.9;4.8;7;7.3;;978.812222;30.533333;24.759333;20.636667;78.8;
82583;31/07/2009;0000;9;2.85914;6;363.8;110.635801;38.264594;223.5;5.053763;6;14.8;;979.132258;31.522581;24.978065;19.983871;69.822581;
82583;31/08/2009;0000;9;3.38172;8.5;398.3;129.712892;28.392359;260.8;4.193548;2;18.6;;978.474194;33.058065;26.173548;20.519355;57.935484;
82583;30/09/2009;0000;9;3.697778;7;445.1;162.390315;6.53219;275.4;3.211111;3;2.7;;978.223333;34.903333;28.008667;22.293333;50.058333;
82583;31/10/2009;0000;9;3.083333;6;427.5;191.968886;1.030193;257.1;4.22619;1;0.2;;976.165476;35.677419;29.086452;22.841935;45.522727;
82583;30/11/2009;0000;9;3.736667;8.1;437.7;199.227356;0.723386;269.3;4.077778;1;0.6;;975.143333;36.01;29.497333;23.606667;44.966667;
82583;31/12/2009;0000;9;3.587302;9.6;424.6;202.014941;5.016886;194.4;5.349206;5;5;;976.874603;35.180645;29.306667;24.429032;;
82583;31/01/2010;0000;9;2.613978;6;264.3;159.473322;86.801413;161.6;6.451613;10;86.8;;976.297849;33.358065;27.281935;22.925806;67.032258;
82583;28/02/2010;0000;9;3.542857;8.1;341.9;180.507576;14.101072;177.3;5.678571;5;14.1;;975.353571;35.360714;29.269286;24.575;57.321429;
82583;31/03/2010;0000;9;2.725806;6.6;353.3;200.100228;68.400184;204.2;6.225806;8;68.4;;975.803226;35.745161;29.312258;24.374194;59.112903;
82583;30/04/2010;0000;9;2.111429;5.3;187.2;142.034342;108.900019;192.3;6;14;108.9;;976.958571;32.29;26.958;23.25;;
82583;31/05/2010;0000;9;2.489247;7.1;315.8;164.952959;18.400037;242.7;5.010753;5;18.4;;976.422581;34.767742;28.034194;23.090323;64.427419;
82583;30/06/2010;0000;9;3.574444;6.6;332.6;152.895454;2.600009;244.8;4.311111;4;2.6;;978.674444;34.103333;27.704667;22.226667;54.808333;
82583;31/07/2010;0000;14;3.606452;7.8;380.1;164.38237;2.400002;276.5;3.817204;1;2.4;1011.88172;978.321505;34.445161;28.085806;22.441935;45.725806;
82583;31/08/2010;0000;14;3.652688;7.8;396.3;172.098525;0;310.7;3.172043;0;0;;978.412903;34.625806;28.348387;22.680645;43.733871;
82583;30/09/2010;0000;9;3.954444;8.1;438.8;185.792968;0;304.2;2.811111;0;0;;976.958889;35.623333;29.099333;23.173333;39.516667;
82583;31/10/2010;0000;9;3.223656;7;365.5;203.78355;30;265.1;3.870968;3;30;;976.011828;35.932258;29.594667;23.612903;46.362903;
82583;30/11/2010;0000;9;3.375556;8.8;378.9;206.39622;0.4;256.1;3.866667;2;0.4;;974.595556;35.966667;29.754667;24.113333;44.383333;
82583;31/12/2010;0000;9;2.614286;7.6;233.2;163.941421;108.6;178.4;5.238095;9;108.6;;975.439683;33.351613;27.616774;23.303226;64.5625;
82583;31/01/2011;0000;9;2.14086;5.5;109.5;127.496585;127.496585;171.3;7.16129;15;184.3;;975.14086;30.783871;25.61871;22.1;77.330645;
82583;28/02/2011;0000;9;2.077381;6.3;94.5;111.101887;111.101887;165.2;6.892857;14;114.1;;976.017857;30.878571;25.373571;22.025;80.714286;
82583;31/03/2011;0000;9;1.944086;5.1;78.1;116.774141;116.774141;209.5;6.44086;13;157.7;;976.017204;30.635484;25.317419;22.025806;83.282258;
82583;30/04/2011;0000;9;1.648571;4;93.8;111.151562;111.151562;185.2;6.342857;13;215;1010.78;976.777143;30.86;25.264;21.59;83.966667;
82583;31/05/2011;0000;9;2.25914;6;123.9;108.770055;108.770055;188.9;6.236559;13;177.5;;976.894624;30.006452;24.934839;21.667742;83.822581;
82583;30/06/2011;0000;14;2.657778;6.3;322.3;107.82213;74.501765;214.5;4.244444;4;13.4;;978.204444;31.75;25.184667;20.43;72.058333;
82583;31/07/2011;0000;14;3.070968;6.6;332.9;114.958528;40.866083;226;4.311828;6;16.9;;978.335484;32.203226;25.386452;20.109677;64.806452;
82583;31/08/2011;0000;9;3.216129;6.1;348.3;145.401493;24.72289;288.8;3.806452;3;14.1;;978.436559;34.219355;27.044516;21.148387;53.475806;
82583;30/09/2011;0000;9;3.548889;9;410.1;169.502254;3.191541;291.4;3.011111;0;0;1011.65;978.15;35.34;28.358;22.156667;44.541667;
82583;31/10/2011;0000;9;3.204301;7.5;352.6;189.136694;28.474597;249.1;4.311828;3;27.9;;975.336559;35.26129;28.932667;23.109677;51.048387;
82583;30/11/2011;0000;9;3.334444;6.6;338.1;173.292652;37.906203;238.1;4.688889;1;37.8;1008.83;975.37;34.606667;28.340667;23.246667;53.175;
82583;31/12/2011;0000;9;3.351613;6.6;397.1;209.868361;0.032394;237.7;3.790323;0;0;;976.641935;36.587097;29.472903;23.4;48.766667;
82583;31/01/2012;0000;9;3.386022;7.5;345;181.905669;52.20329;196.4;5.666667;5;52.2;1008.95914;975.525806;34.248387;28.421379;23.583871;55.814516;
82583;29/02/2012;0000;9;3.148774;7.3;240.1;139.905883;40.700778;185.3;6.41954;13;40.7;;975.596552;33.637931;27.206429;22.917241;63.913793;
82583;31/03/2012;0000;9;2.856391;6.3;189.1;141.914951;64.800247;191.4;6.244624;20;64.8;;976.38172;33.606452;26.711333;22.541935;72.375;
82583;30/04/2012;0000;9;2.302896;5.5;180.3;149.289734;51.900132;211.9;5.432143;12;51.9;;976.798571;34.356667;27.369333;22.55;68.016667;
82583;31/05/2012;0000;9;3.213978;7.8;329.6;176.678943;4.700066;261.8;4.365591;4;4.7;;977.097849;35.096774;28.549032;23.029032;55.258065;
82583;30/06/2012;0000;9;3.314444;7;320.8;161.406728;1.1E-5;230.3;4.422222;0;0;;978.501111;34.333333;28.160667;22.586667;52.641667;
82583;31/07/2012;0000;9;3.74086;8;397.6;167.164126;0.400002;273.7;3.408602;1;0.4;;978.334409;34.248387;28.196;22.683871;47.685484;
82583;31/08/2012;0000;14;3.829032;6.8;454.4;173.130966;1.0E-6;322.1;2.602151;0;0;;979.117204;34.716129;28.306452;22.454839;41.241935;
82583;30/09/2012;0000;9;3.977148;8.3;465.7;188.017546;0;302.1;2.358333;0;0;;978.591111;35.64;29.042069;23.183333;40.5;
82583;31/10/2012;0000;9;3.796774;8;465.8;217.391021;0.5;293.4;3.311828;1;0.5;;975.963441;36.26129;29.975484;23.854839;43.169355;
82583;30/11/2012;0000;9;3.562222;6.6;390.3;212.505233;0.1;251.6;4.293333;1;0.1;;975.738667;36.053333;29.88;23.9;45.925;
82583;31/12/2012;0000;9;3.392473;7.5;362.5;217.894012;6.3;206.6;5.012987;2;6.3;;975.432895;35.654839;29.877333;24.512903;50.548387;
82583;31/01/2013;0000;9;3.117526;7;301.4;201.621773;13.7;171.2;6.206989;9;13.7;;976.041935;35.125806;29.230968;24.329032;56.556452;
82583;28/02/2013;0000;9;3.396429;7.6;308.2;178.277162;95.6;206.2;5.678571;9;95.6;;975.141667;35.189286;29.107857;24.153571;55.839286;
82583;31/03/2013;0000;9;2.941935;8.1;259.5;190.363169;63.4;204.2;5.763441;9;63.4;1009.32043;975.943011;34.780645;28.894839;24.364516;61.548387;
82583;30/04/2013;0000;9;2.375556;6.6;169.4;149.34732;90.8;194.8;7.166667;11;90.8;;977.933333;33.33;27.445333;23.573333;71.2;
82583;31/05/2013;0000;9;2.805435;5.8;207.4;138.786532;48.9;232.8;4.951613;7;48.9;;978.495161;32.367742;26.72129;22.283871;70.266667;
82583;30/06/2013;0000;9;3.015556;5.6;264.4;131.731656;37.6;227.8;4.333333;7;37.6;;979.146667;32.373333;26.629333;21.726667;66.75;
82583;31/07/2013;0000;9;3.398925;6.8;346.7;144.151056;11.3;256.1;3.870968;3;11.3;;979.904839;33.16129;27.025806;21.629032;55.733333;
82583;31/08/2013;0000;9;3.87381;8;348.1;182.306169;0.2;259.6;3.175439;1;0.2;;978.814035;34.848276;28.705714;22.975;50.142857;
82583;30/09/2013;0000;9;4.273333;8.3;443.9;202.700953;0.2;290.2;2.830508;1;0.2;;978.525424;35.843333;29.722069;24.016667;47.091667;
82583;31/10/2013;0000;9;4.103226;8.8;482.4;222.74249;0;283.9;3.758065;;0;;977.619355;36.254839;30.096129;24.203226;42.951613;
82583;31/12/2013;0000;9;3.417391;7.8;335.8;199.518775;74.8;232.6;5.590164;5;74.8;;976.304918;35.003226;29.052414;23.736667;52.525;
82583;31/01/2014;0000;9;2.549462;5.6;221.3;165.842697;53.5;200.8;6.322581;1;53.5;;977.208065;33.296774;27.737419;23.13871;62.532258;
82583;28/02/2014;0000;9;2.757143;6.6;175.7;135.081542;68.1;149.3;6.964286;;68.1;;976.592857;32.592857;26.918571;22.903571;68.883929;
82583;31/03/2014;0000;9;2.394624;6.1;169.6;136.152127;136.152127;193.1;6.790323;;195.5;;977.590323;32.380645;26.466452;22.606452;74.620968;
82583;30/04/2014;0000;9;1.973034;5.8;80.2;116.112719;116.112719;183.1;6.783333;;120.8;;978.198333;31.203333;25.631333;22.24;82.733333;
82583;31/05/2014;0000;9;2.194624;6.1;120.1;127.579993;82.927754;211.2;5.83871;;47.7;1012.25;978.451613;32;26.112258;21.845161;75.370968;
82583;30/06/2014;0000;9;3.391111;6.6;289.2;149.012244;22.315795;255.3;3.483333;;0;;979.028333;34.05;27.488;21.723333;56.675;
82583;31/07/2014;0000;9;3.781522;7.5;355.2;158.487649;5.950313;284.4;3.112903;;0.8;;980.837097;34.212903;27.697419;21.822581;49.298387;
82583;31/08/2014;0000;14;3.644086;7;409.4;170.815323;2.893835;310.6;2.387097;;1.8;;979.058065;34.974194;28.163871;21.935484;43.879032;
82583;30/09/2014;0000;9;3.734831;6.8;440.9;190.344964;2.209828;289.4;2.7;;2;1012.545;979.061667;35.746667;29.267333;23.353333;42.425;
82583;31/10/2014;0000;9;4.189888;8.3;492.4;211.973032;6.832793;302.5;3.016129;;6.8;;977.980645;35.996774;29.737419;23.987097;42.903226;
82583;30/11/2014;0000;9;3.389091;6.6;246.4;;;;4.555556;;19;;976.92;35.436364;29.107;23.781818;52.034091;
82583;31/01/2015;0000;9;3.206522;9.5;323;184.289673;75.9;247.6;4.344262;;75.9;;977.878689;34.577419;28.497419;23.296774;53.314516;
82583;28/02/2015;0000;9;2.980952;8.3;233.6;142.644477;93.4;170.2;6.285714;;93.4;;977.546429;33.742857;27.627857;23.239286;64.892857;
82583;31/03/2015;0000;9;2.090323;7;138.3;132.370224;132.370224;182.9;7.080645;;163.3;;977.872581;31.851613;26.186897;22.341935;78.516129;
82583;30/04/2015;0000;9;1.985556;6.1;79.6;126.517467;126.517467;220;6.05;;127.1;1012.315;978.335;31.763333;25.995333;22.296667;79.766667;
82583;31/05/2015;0000;9;2.051613;5.6;174.4;144.65142;42.634217;229.4;5.419355;;20.2;;978.679032;33.448387;27.104286;22.154839;66.607143;
82583;30/06/2015;0000;14;2.455;8.3;240.4;126.31151;62.588694;239.6;4.25;;58.1;;980.176667;32.816667;26.36;21.363333;64.655172;
82583;31/07/2015;0000;14;3.135484;7.3;304.1;138.306455;26.239223;248.3;4.225806;;23.1;;980.029032;32.916129;26.743226;21.754839;60.580645;
82583;31/08/2015;0000;9;3.609677;7.5;428.1;162.010764;1.66178;315.3;2.080645;;0.5;;979.769355;34.83871;27.873103;21.529032;46.103448;
82583;30/09/2015;0000;9;3.671622;8.3;433.6;192.77091;0.246439;287.7;2.766667;;0;;978.948333;35.72;29.238667;23.35;42.166667;
82583;31/10/2015;0000;9;;;506.1;222.74249;0.037433;302.3;2.241935;;0;;978.393548;36.519355;30.093333;23.922581;41.8;
82583;30/11/2015;0000;;;;;;;;;;0;;976.034483;37.313333;;;40.466667;
82583;31/12/2015;0000;;2.606496;5.1444;;;;;;;0;;977.783871;37.233333;30.789333;24.526667;42.266667;
82583;31/01/2016;0000;9;1.903428;4.62996;189.5;152.92067;152.92067;128.7;7.803279;;263.9;;977.934426;32.303226;27.054286;23.403226;78.166667;
82583;29/02/2016;0000;9;1.809726;3.60108;163.7;145.751399;113.022329;214.3;6.741379;;52.3;;977.867241;33.431034;27.203571;22.886207;78.035714;
82583;31/03/2016;0000;5;1.627654;4.11552;;154.092068;154.092068;199.8;6.709677;;179.1;;978.303226;32.996774;27.334667;23.416129;80.548387;
82583;30/04/2016;0000;9;1.834836;4.11552;;133.770057;103.504004;220.4;5.5;;74.9;1011.855;977.666667;32.253333;26.568276;22.65;81.866667;
82583;31/05/2016;0000;5;1.725863;3.08664;;156.8779;34.065836;213.6;4.899194;;6.3;1012.86129;978.71129;34.480645;27.628276;22.1;70.967742;
82583;30/06/2016;0000;14;2.177796;4.62996;;155.114968;22.436536;263;3.4375;;16.5;;980.513333;34.92;27.861333;22.163333;58.666667;
82583;31/07/2016;0000;9;2.389657;6.17328;;160.647938;1.681812;301.9;2.197581;;0.1;;979.616129;34.448387;27.760645;21.522581;50;
82583;31/08/2016;0000;;2.439441;5.1444;;;;;;;0;;979.587097;35.14;28.208;21.673333;44.4;
82583;30/09/2016;0000;;;;;;;;;;0;;;;;;;
82583;31/10/2016;0000;9;2.763041;6.17328;;228.360533;0;310.8;2.096774;;0;1010.15;976.893548;36.677419;30.28;24.177419;42.612903;
82583;30/11/2016;0000;5;2.940882;5.65884;;225.969505;0.1;273;3.479167;;0.1;1009.335;976.098333;36.54;30.427333;24.716667;44.8;
82583;31/01/2017;0000;5;2.116794;4.11552;279.2;186.696408;55.9;206.7;6.311475;;55.9;;976.870492;34.66129;28.506207;23.766667;64.612903;
82583;28/02/2017;0000;9;1.954872;4.11552;196.4;136.944139;100.8;172.8;7.214286;;100.8;1011.1875;977.126786;32.992857;27.180741;23.082143;75.678571;
82583;31/03/2017;0000;36;1.626294;3.60108;114.7;126.841944;85.3;166;7.451613;;85.3;;977.654839;31.487097;25.783333;22.525806;83.967742;
82583;30/04/2017;0000;9;1.480143;3.08664;97.5;121.23362;121.23362;179.3;6.366667;;143.6;;977.883333;31.6;25.864444;22.393333;84.766667;
82583;31/05/2017;0000;9;2.510345;6.5;192.7;146.645972;53.559149;229;4.629032;;38.8;;978.333871;33.66129;27.110323;22.2;74.193548;
82583;30/06/2017;0000;14;3.516667;7.8;329.9;153.066386;10.483596;238.6;3.383333;;4.6;;979.248333;34.117241;27.693103;21.96;60.233333;
82583;31/07/2017;0000;14;3.718911;8.23104;;152.221774;1.845605;257.6;3.487705;;0.5;;981.363934;33.263333;27.331333;21.787097;51.866667;
82583;31/08/2017;0000;9;3.360455;7.7166;;187.056795;0.3198;290.2;3.306452;;0;;979.391935;35.151613;28.883226;22.877419;46.580645;
82583;30/09/2017;0000;14;4.263748;8.23104;;197.690417;0.050165;291.1;2.351695;;0;;979.215254;35.593103;29.402069;23.71;43.344828;
82583;31/10/2017;0000;9;3.558913;7.7166;;;;291.4;3.114754;;0;;977.065574;36.6;30.376667;24.458065;45.066667;
82583;31/12/2017;0000;9;3.170974;8.23104;;223.349982;3.4;224.5;5;;3.4;;976.201639;35.53871;30.065806;24.854839;50.806452;
82583;31/01/2018;0000;9;2.721554;7.20216;;184.289673;32.7;190.7;5.887097;;32.7;;976.706452;34.464516;28.512258;23.941935;62.483871;
82583;28/02/2018;0000;5;1.762433;4.11552;;117.457335;117.457335;143.2;7.361111;;189.2;;976.955556;32.403704;26.123077;22.955556;82.185185;
82583;31/03/2018;0000;5;1.517598;3.08664;;136.152127;136.152127;189.1;6.541667;;205.8;1011.115;977.383333;31.9;26.442759;22.945161;83.413793;
82583;30/04/2018;0000;9;1.491004;3.60108;;;;176.6;6.207627;;214.9;;978.19661;30.324138;25.291429;22.196552;87.517241;

