Municipios,Ano,Mes,Total,Media,Dia1,Dia2,Dia3,Dia4,Dia5,Dia6,Dia7,Dia8,Dia9,Dia10,Dia11,Dia12,Dia13,Dia14,Dia15,Dia16,Dia17,Dia18,Dia19,Dia20,Dia21,Dia22,Dia23,Dia24,Dia25,Dia26,Dia27,Dia28,Dia29,Dia30,Dia31
Tauá,1974,1,152.6,4.92,0.0,0.0,0.0,0.0,0.0,0.0,0.0,0.0,0.0,0.0,0.0,22.6,15.3,2.3,35.0,0.0,0.0,0.0,24.6,0.0,0.0,0.0,0.0,17.6,0.0,0.0,0.0,17.0,0.0,16.6,1.6
Tauá,1974,2,86.4,3.09,0.0,0.0,0.0,0.0,0.0,0.0,0.0,0.0,24.2,0.0,0.0,0.0,0.0,0.0,0.0,0.0,0.0,20.0,8.8,0.0,0.0,0.0,9.0,0.0,20.4,0.0,0.0,4.0,0.0,0.0,0.0
Tauá,1974,3,315.7,10.18,3.0,2.2,4.0,10.0,0.0,23.2,0.0,0.0,0.0,16.8,6.0,0.0,0.0,22.6,0.0,15.0,0.0,5.0,0.0,0.0,0.0,32.0,45.3,35.0,25.0,47.6,0.0,0.0,23.0,0.0,0.0
Tauá,1974,4,344.6,11.49,20.6,21.8,12.2,10.6,18.0,13.0,0.0,0.0,0.0,0.0,0.0,42.0,78.0,12.0,0.0,0.0,26.0,25.2,15.6,10.0,17.6,0.0,0.0,0.0,0.0,0.0,0.0,8.0,14.0,0.0,0.0
Tauá,1974,5,107.4,3.46,0.0,6.0,30.0,0.0,0.0,0.0,0.0,0.0,0.0,0.0,0.0,0.0,28.0,0.0,0.0,0.0,0.0,0.0,0.0,0.0,0.0,0.0,0.0,21.0,0.0,0.0,0.0,11.0,0.0,11.4,0.0
Tauá,1974,6,0.0,0.0,0.0,0.0,0.0,0.0,0.0,0.0,0.0,0.0,0.0,0.0,0.0,0.0,0.0,0.0,0.0,0.0,0.0,0.0,0.0,0.0,0.0,0.0,0.0,0.0,0.0,0.0,0.0,0.0,0.0,0.0,0.0
Tauá,1974,7,0.0,0.0,0.0,0.0,0.0,0.0,0.0,0.0,0.0,0.0,0.0,0.0,0.0,0.0,0.0,0.0,0.0,0.0,0.0,0.0,0.0,0.0,0.0,0.0,0.0,0.0,0.0,0.0,0.0,0.0,0.0,0.0,0.0
Tauá,1974,8,0.0,0.0,0.0,0.0,0.0,0.0,0.0,0.0,0.0,0.0,0.0,0.0,0.0,0.0,0.0,0.0,0.0,0.0,0.0,0.0,0.0,0.0,0.0,0.0,0.0,0.0,0.0,0.0,0.0,0.0,0.0,0.0,0.0
Tauá,1974,9,7.2,0.24,0.0,0.0,0.0,0.0,0.0,0.0,0.0,0.0,0.0,0.0,0.0,0.0,0.0,0.0,0.0,0.0,0.0,0.6,6.6,0.0,0.0,0.0,0.0,0.0,0.0,0.0,0.0,0.0,0.0,0.0,0.0
Tauá,1974,10,5.0,0.16,0.0,0.0,0.0,0.0,0.0,0.0,0.0,0.0,0.0,5.0,0.0,0.0,0.0,0.0,0.0,0.0,0.0,0.0,0.0,0.0,0.0,0.0,0.0,0.0,0.0,0.0,0.0,0.0,0.0,0.0,0.0
Tauá,1974,11,0.0,0.0,0.0,0.0,0.0,0.0,0.0,0.0,0.0,0.0,0.0,0.0,0.0,0.0,0.0,0.0,0.0,0.0,0.0,0.0,0.0,0.0,0.0,0.0,0.0,0.0,0.0,0.0,0.0,0.0,0.0,0.0,0.0
Tauá,1974,12,39.7,1.28,0.0,0.0,0.0,0.3,0.1,23.4,0.0,0.0,0.0,0.0,0.0,0.0,6.4,0.0,0.0,0.0,0.0,0.0,0.0,3.2,0.0,0.0,0.1,0.0,0.0,0.0,3.8,2.4,0.0,0.0,0.0
Tauá,1975,1,142.3,4.59,0.0,0.0,0.0,0.0,0.0,0.0,0.0,2.3,0.0,0.0,0.0,0.0,0.0,0.0,0.0,0.0,0.0,0.0,9.7,9.6,40.8,0.8,30.4,16.0,0.0,0.0,0.0,4.8,26.1,1.8,0.0
Tauá,1975,2,89.6,3.2,0.0,0.0,22.0,10.5,0.0,0.0,3.8,21.0,10.5,0.0,3.8,0.0,0.0,0.0,0.0,2.0,0.0,0.0,0.0,0.0,0.0,0.0,0.0,16.0,0.0,0.0,0.0,0.0,0.0,0.0,0.0
Tauá,1975,3,186.1,6.0,2.7,18.7,1.4,3.5,6.7,48.0,14.0,46.0,6.5,0.0,0.0,8.4,0.0,0.0,0.0,0.0,2.0,0.0,4.0,0.0,2.3,0.0,1.5,2.0,0.0,3.0,5.2,0.0,10.2,0.0,0.0
Tauá,1975,4,122.6,4.09,0.0,0.2,0.0,8.9,21.8,0.0,0.6,0.5,0.0,0.0,0.0,0.8,0.0,11.5,0.0,0.0,0.0,1.1,0.0,2.0,2.1,0.0,15.5,11.2,7.0,0.5,29.2,5.8,3.9,0.0,0.0
Tauá,1975,5,51.6,1.66,0.0,35.4,0.0,0.0,0.0,0.0,0.0,0.0,0.1,0.0,0.0,0.0,0.0,3.3,0.0,0.0,0.2,3.0,0.1,1.4,6.9,1.2,0.0,0.0,0.0,0.0,0.0,0.0,0.0,0.0,0.0
Tauá,1975,6,120.2,4.01,0.0,5.0,0.0,0.0,0.0,0.0,0.0,0.0,0.0,0.0,0.0,0.0,0.0,0.0,0.0,0.0,0.0,0.0,50.0,0.0,0.0,4.0,0.1,0.0,2.0,17.1,0.4,0.0,41.6,0.0,0.0
Tauá,1975,7,33.8,1.09,0.0,0.0,1.3,0.0,0.0,0.0,0.0,18.0,0.0,0.0,2.2,0.0,0.4,0.3,0.0,0.0,9.0,1.3,0.0,0.3,0.0,0.7,0.0,0.0,0.0,0.0,0.0,0.3,0.0,0.0,0.0
Tauá,1975,8,0.0,0.0,0.0,0.0,0.0,0.0,0.0,0.0,0.0,0.0,0.0,0.0,0.0,0.0,0.0,0.0,0.0,0.0,0.0,0.0,0.0,0.0,0.0,0.0,0.0,0.0,0.0,0.0,0.0,0.0,0.0,0.0,0.0
Tauá,1975,9,0.0,0.0,0.0,0.0,0.0,0.0,0.0,0.0,0.0,0.0,0.0,0.0,0.0,0.0,0.0,0.0,0.0,0.0,0.0,0.0,0.0,0.0,0.0,0.0,0.0,0.0,0.0,0.0,0.0,0.0,0.0,0.0,0.0
Tauá,1975,10,0.0,0.0,0.0,0.0,0.0,0.0,0.0,0.0,0.0,0.0,0.0,0.0,0.0,0.0,0.0,0.0,0.0,0.0,0.0,0.0,0.0,0.0,0.0,0.0,0.0,0.0,0.0,0.0,0.0,0.0,0.0,0.0,0.0
Tauá,1975,11,5.8,0.19,0.0,0.0,0.0,0.0,0.0,0.0,0.0,0.0,0.0,0.0,0.0,0.0,0.0,0.0,0.0,0.0,0.0,0.0,0.0,0.0,0.0,0.0,0.0,0.0,0.0,0.0,0.0,5.8,0.0,0.0,0.0
Tauá,1975,12,0.0,0.0,0.0,0.0,0.0,0.0,0.0,0.0,0.0,0.0,0.0,0.0,0.0,0.0,0.0,0.0,0.0,0.0,0.0,0.0,0.0,0.0,0.0,0.0,0.0,0.0,0.0,0.0,0.0,0.0,0.0,0.0,0.0
Tauá,1976,1,13.5,0.44,0.8,0.0,0.0,0.0,0.0,0.0,0.2,0.0,5.9,0.0,0.0,0.1,0.0,0.0,5.8,0.0,0.0,0.0,0.0,0.7,0.0,0.0,0.0,0.0,0.0,0.0,0.0,0.0,0.0,0.0,0.0
Tauá,1976,2,67.7,2.33,0.0,1.0,8.1,2.3,1.1,0.0,0.1,0.0,0.0,0.0,1.2,0.1,4.9,45.2,0.0,0.0,0.0,0.3,0.0,0.0,0.0,3.4,0.0,0.0,0.0,0.0,0.0,0.0,0.0,0.0,0.0
Tauá,1976,3,50.1,1.62,0.0,0.0,0.0,0.0,0.0,1.1,3.0,17.6,2.6,0.9,5.5,0.0,0.4,2.7,0.4,5.1,3.4,5.8,0.0,0.3,0.0,0.0,0.0,0.0,0.0,0.0,0.0,0.0,0.4,0.0,0.9
Tauá,1976,4,48.5,1.62,35.3,1.9,0.0,0.3,0.0,0.0,0.0,0.7,0.0,0.5,0.8,0.0,0.0,0.0,1.2,0.0,0.3,0.2,0.0,0.9,0.0,0.0,0.0,0.0,6.4,0.0,0.0,0.0,0.0,0.0,0.0
Tauá,1976,5,5.9,0.19,0.0,0.0,0.0,0.0,2.8,0.0,0.0,0.0,0.0,0.0,0.0,0.0,0.0,0.0,0.0,0.0,0.6,0.0,0.0,0.0,0.0,0.0,0.0,0.0,0.0,0.0,2.5,0.0,0.0,0.0,0.0
Tauá,1976,6,2.3,0.08,0.0,0.0,0.0,0.0,0.0,0.0,0.0,0.0,0.0,0.0,0.0,0.0,0.0,0.0,0.0,0.0,0.0,0.0,2.3,0.0,0.0,0.0,0.0,0.0,0.0,0.0,0.0,0.0,0.0,0.0,0.0
Tauá,1976,7,8.3,0.27,0.0,0.0,0.0,7.3,0.0,0.0,0.0,0.0,0.0,0.0,1.0,0.0,0.0,0.0,0.0,0.0,0.0,0.0,0.0,0.0,0.0,0.0,0.0,0.0,0.0,0.0,0.0,0.0,0.0,0.0,0.0
Tauá,1976,8,0.0,0.0,0.0,0.0,0.0,0.0,0.0,0.0,0.0,0.0,0.0,0.0,0.0,0.0,0.0,0.0,0.0,0.0,0.0,0.0,0.0,0.0,0.0,0.0,0.0,0.0,0.0,0.0,0.0,0.0,0.0,0.0,0.0
Tauá,1976,9,50.5,1.68,0.0,0.0,0.0,0.0,0.0,0.0,0.0,0.0,0.0,0.0,0.0,0.0,0.0,0.0,0.0,0.0,0.0,0.0,0.0,0.0,0.0,0.0,0.0,43.8,0.0,0.0,0.0,0.0,0.0,6.7,0.0
Tauá,1976,10,21.1,0.68,0.0,0.0,0.0,0.0,0.0,0.0,0.0,0.0,0.0,0.0,0.0,0.0,0.0,0.0,19.1,2.0,0.0,0.0,0.0,0.0,0.0,0.0,0.0,0.0,0.0,0.0,0.0,0.0,0.0,0.0,0.0
Tauá,1976,11,39.8,1.33,0.0,0.0,0.0,0.0,0.0,0.0,0.0,0.0,0.0,0.0,0.0,0.0,0.0,0.3,35.2,0.0,0.0,0.0,0.0,0.0,0.0,0.0,0.0,0.0,0.0,3.9,0.0,0.0,0.4,0.0,0.0
Tauá,1976,12,10.4,0.34,0.0,0.0,0.0,9.8,0.0,0.0,0.0,0.0,0.0,0.0,0.0,0.0,0.0,0.0,0.0,0.0,0.0,0.0,0.0,0.6,0.0,0.0,0.0,0.0,0.0,0.0,0.0,0.0,0.0,0.0,0.0
Tauá,1977,1,48.3,1.56,0.0,0.2,0.0,2.7,0.5,0.0,0.5,0.0,0.0,0.1,0.0,0.0,0.0,0.0,8.0,0.0,0.0,0.0,0.0,0.0,18.3,2.7,0.0,0.0,2.6,5.6,5.4,0.0,0.0,0.1,1.6
Tauá,1977,2,44.2,1.58,0.4,0.0,0.0,0.0,6.8,0.0,0.1,0.0,4.6,0.0,5.7,0.2,1.2,0.0,0.0,0.0,0.0,0.2,0.1,0.0,0.3,16.2,0.0,0.0,7.0,1.0,0.4,0.0,0.0,0.0,0.0
Tauá,1977,3,77.6,2.5,0.0,0.0,0.5,0.0,6.2,0.0,0.0,4.4,1.0,17.7,0.2,0.0,0.0,2.1,2.4,0.6,0.0,2.4,0.0,8.3,0.0,0.0,0.0,0.1,0.0,12.5,0.0,0.0,0.7,18.5,0.0
Tauá,1977,4,222.6,7.42,16.0,18.4,15.5,14.4,8.7,8.7,2.8,0.4,19.1,4.6,15.0,3.1,7.5,1.1,0.1,4.4,0.0,0.6,0.0,0.0,0.0,0.0,0.0,0.0,0.0,11.5,2.2,68.5,0.0,0.0,0.0
Tauá,1977,5,0.0,0.0,0.0,0.0,0.0,0.0,0.0,0.0,0.0,0.0,0.0,0.0,0.0,0.0,0.0,0.0,0.0,0.0,0.0,0.0,0.0,0.0,0.0,0.0,0.0,0.0,0.0,0.0,0.0,0.0,0.0,0.0,0.0
Tauá,1977,6,58.7,1.96,0.0,0.1,1.0,1.6,6.4,19.8,0.0,3.0,0.7,0.0,0.0,0.2,0.0,0.0,0.0,0.4,0.0,2.9,0.0,0.0,4.6,18.0,0.0,0.0,0.0,0.0,0.0,0.0,0.0,0.0,0.0
Tauá,1977,7,16.3,0.53,0.0,0.0,0.0,0.0,12.4,0.0,0.0,2.8,0.1,0.1,0.2,0.0,0.0,0.0,0.0,0.0,0.0,0.0,0.0,0.0,0.0,0.0,0.0,0.0,0.0,0.0,0.0,0.6,0.1,0.0,0.0
Tauá,1977,8,0.0,0.0,0.0,0.0,0.0,0.0,0.0,0.0,0.0,0.0,0.0,0.0,0.0,0.0,0.0,0.0,0.0,0.0,0.0,0.0,0.0,0.0,0.0,0.0,0.0,0.0,0.0,0.0,0.0,0.0,0.0,0.0,0.0
Tauá,1977,9,0.0,0.0,0.0,0.0,0.0,0.0,0.0,0.0,0.0,0.0,0.0,0.0,0.0,0.0,0.0,0.0,0.0,0.0,0.0,0.0,0.0,0.0,0.0,0.0,0.0,0.0,0.0,0.0,0.0,0.0,0.0,0.0,0.0
Tauá,1977,10,0.0,0.0,0.0,0.0,0.0,0.0,0.0,0.0,0.0,0.0,0.0,0.0,0.0,0.0,0.0,0.0,0.0,0.0,0.0,0.0,0.0,0.0,0.0,0.0,0.0,0.0,0.0,0.0,0.0,0.0,0.0,0.0,0.0
Tauá,1977,11,0.0,0.0,0.0,0.0,0.0,0.0,0.0,0.0,0.0,0.0,0.0,0.0,0.0,0.0,0.0,0.0,0.0,0.0,0.0,0.0,0.0,0.0,0.0,0.0,0.0,0.0,0.0,0.0,0.0,0.0,0.0,0.0,0.0
Tauá,1977,12,31.5,1.02,0.0,0.0,0.0,0.0,0.0,0.0,0.0,0.0,0.0,0.0,0.0,0.0,0.0,0.4,18.2,6.7,0.2,0.0,0.0,0.0,0.0,0.0,0.0,0.0,0.0,0.0,1.1,0.0,0.0,4.9,0.0
Tauá,1978,1,0.0,0.0,0.0,0.0,0.0,0.0,0.0,0.0,0.0,0.0,0.0,0.0,0.0,0.0,0.0,0.0,0.0,0.0,0.0,0.0,0.0,0.0,0.0,0.0,0.0,0.0,0.0,0.0,0.0,0.0,0.0,0.0,0.0
Tauá,1978,2,100.6,3.59,0.0,0.0,0.0,0.0,0.0,0.0,0.1,2.6,0.8,1.2,13.2,20.1,0.0,0.0,0.0,0.0,0.0,0.0,0.0,0.0,0.0,0.0,0.0,0.0,0.0,0.0,0.0,62.6,0.0,0.0,0.0
Tauá,1978,3,93.5,3.02,13.8,10.9,6.6,0.0,0.1,1.8,0.2,0.0,0.0,27.6,0.0,0.0,0.0,4.1,26.8,1.6,0.0,0.0,0.0,0.0,0.0,0.0,0.0,0.0,0.0,0.0,0.0,0.0,0.0,0.0,0.0
Tauá,1978,4,93.9,3.13,0.0,0.1,0.0,0.0,0.0,2.9,0.6,0.0,0.0,13.2,7.4,0.0,0.2,25.6,0.0,0.0,0.0,0.0,0.0,0.0,0.0,4.6,0.0,20.6,0.0,0.0,2.5,0.8,15.0,0.4,0.0
Tauá,1978,5,75.7,2.44,3.6,4.8,1.0,0.8,4.2,0.0,0.6,0.0,0.0,0.0,0.0,0.6,11.9,4.8,0.0,0.6,13.0,0.0,0.0,0.0,26.4,3.4,0.0,0.0,0.0,0.0,0.0,0.0,0.0,0.0,0.0
Tauá,1978,6,6.7,0.22,0.0,0.0,0.0,0.0,0.0,0.4,0.0,0.0,0.0,0.0,0.0,0.0,0.0,0.0,0.0,0.0,0.8,0.0,0.0,0.0,0.0,0.0,0.0,0.0,0.0,0.0,2.3,3.0,0.2,0.0,0.0
Tauá,1978,7,51.4,1.66,0.0,0.0,0.0,0.0,0.0,0.0,0.0,6.8,0.0,0.0,0.0,0.0,0.0,2.6,0.0,0.0,0.0,0.0,0.0,1.0,0.0,0.0,0.0,0.3,0.0,4.0,0.0,17.0,19.7,0.0,0.0
Tauá,1978,8,0.0,0.0,0.0,0.0,0.0,0.0,0.0,0.0,0.0,0.0,0.0,0.0,0.0,0.0,0.0,0.0,0.0,0.0,0.0,0.0,0.0,0.0,0.0,0.0,0.0,0.0,0.0,0.0,0.0,0.0,0.0,0.0,0.0
Tauá,1978,9,0.0,0.0,0.0,0.0,0.0,0.0,0.0,0.0,0.0,0.0,0.0,0.0,0.0,0.0,0.0,0.0,0.0,0.0,0.0,0.0,0.0,0.0,0.0,0.0,0.0,0.0,0.0,0.0,0.0,0.0,0.0,0.0,0.0
Tauá,1978,10,1.1,0.04,0.0,0.0,0.0,0.0,0.0,0.0,0.0,0.0,0.0,0.0,0.0,0.0,0.0,0.0,0.0,0.0,0.0,0.0,0.0,0.0,0.0,0.0,0.0,0.0,0.0,0.0,1.0,0.0,0.1,0.0,0.0
Tauá,1978,11,1.4,0.05,0.0,0.0,0.0,0.0,0.0,0.0,0.0,0.0,0.0,0.0,0.0,0.0,0.0,0.0,0.0,0.0,0.0,0.0,0.0,0.0,0.0,0.0,0.0,0.0,0.0,0.0,0.0,0.0,0.0,1.4,0.0
Tauá,1978,12,3.7,0.12,0.0,3.4,0.0,0.0,0.3,0.0,0.0,0.0,0.0,0.0,0.0,0.0,0.0,0.0,0.0,0.0,0.0,0.0,0.0,0.0,0.0,0.0,0.0,0.0,0.0,0.0,0.0,0.0,0.0,0.0,0.0
Tauá,1979,1,92.7,2.99,0.0,0.0,0.0,0.0,0.0,0.0,0.0,0.0,0.0,0.0,0.0,0.0,0.0,0.0,17.4,2.0,0.0,41.4,0.0,0.0,0.0,0.0,0.0,29.3,2.6,0.0,0.0,0.0,0.0,0.0,0.0
Tauá,1979,2,61.4,2.19,0.0,0.0,0.0,0.0,13.9,0.0,0.0,0.0,0.0,0.0,0.0,0.0,0.0,0.0,0.0,0.0,0.0,0.0,0.0,0.0,0.8,10.4,0.0,2.8,4.3,22.4,3.7,3.1,0.0,0.0,0.0
Tauá,1979,3,32.7,1.05,0.0,0.0,0.0,0.0,0.0,0.4,0.0,0.0,0.0,1.6,7.6,2.4,0.0,0.0,0.0,0.0,0.0,0.0,0.0,0.0,0.0,0.8,0.0,0.0,0.0,0.1,0.0,0.0,14.5,5.3,0.0
Tauá,1979,4,73.5,2.45,0.0,0.0,0.0,5.6,0.0,0.0,0.0,0.0,0.0,0.0,0.0,0.0,0.0,0.0,0.0,0.7,0.0,0.0,0.0,0.0,4.2,0.6,0.0,0.0,6.8,1.2,3.5,50.3,0.0,0.6,0.0
Tauá,1979,5,83.0,2.68,2.6,8.5,3.4,0.0,43.2,0.0,0.0,0.6,0.0,0.0,5.4,0.0,0.0,0.0,0.0,16.4,0.0,0.0,0.0,2.9,0.0,0.0,0.0,0.0,0.0,0.0,0.0,0.0,0.0,0.0,0.0
Tauá,1979,6,3.3,0.11,0.0,0.0,2.5,0.0,0.0,0.0,0.5,0.0,0.0,0.0,0.0,0.0,0.0,0.0,0.0,0.0,0.0,0.0,0.0,0.0,0.0,0.0,0.0,0.0,0.0,0.0,0.3,0.0,0.0,0.0,0.0
Tauá,1979,7,0.0,0.0,0.0,0.0,0.0,0.0,0.0,0.0,0.0,0.0,0.0,0.0,0.0,0.0,0.0,0.0,0.0,0.0,0.0,0.0,0.0,0.0,0.0,0.0,0.0,0.0,0.0,0.0,0.0,0.0,0.0,0.0,0.0
Tauá,1979,8,0.0,0.0,0.0,0.0,0.0,0.0,0.0,0.0,0.0,0.0,0.0,0.0,0.0,0.0,0.0,0.0,0.0,0.0,0.0,0.0,0.0,0.0,0.0,0.0,0.0,0.0,0.0,0.0,0.0,0.0,0.0,0.0,0.0
Tauá,1979,9,18.5,0.62,0.0,0.0,0.3,0.0,0.0,0.8,13.5,0.0,0.0,0.0,0.0,0.0,0.0,0.0,0.0,0.0,0.0,0.0,0.0,0.1,3.6,0.2,0.0,0.0,0.0,0.0,0.0,0.0,0.0,0.0,0.0
Tauá,1979,10,1.0,0.03,0.0,0.0,0.0,0.0,0.0,0.0,0.0,0.0,0.0,0.0,0.0,0.0,0.0,0.0,0.0,0.0,1.0,0.0,0.0,0.0,0.0,0.0,0.0,0.0,0.0,0.0,0.0,0.0,0.0,0.0,0.0
Tauá,1979,11,49.2,1.64,0.0,0.0,0.0,0.0,0.0,0.0,0.0,0.0,0.0,0.0,0.0,0.0,0.0,0.0,0.1,1.5,0.0,0.0,47.6,0.0,0.0,0.0,0.0,0.0,0.0,0.0,0.0,0.0,0.0,0.0,0.0
Tauá,1979,12,0.0,0.0,0.0,0.0,0.0,0.0,0.0,0.0,0.0,0.0,0.0,0.0,0.0,0.0,0.0,0.0,0.0,0.0,0.0,0.0,0.0,0.0,0.0,0.0,0.0,0.0,0.0,0.0,0.0,0.0,0.0,0.0,0.0
Tauá,1980,1,70.1,2.26,0.0,0.0,0.0,0.0,2.6,0.0,1.9,0.0,0.0,0.0,0.0,0.0,0.0,41.2,17.7,0.0,2.1,4.6,0.0,0.0,0.0,0.0,0.0,0.0,0.0,0.0,0.0,0.0,0.0,0.0,0.0
Tauá,1980,2,132.8,4.58,0.0,0.0,0.0,0.6,0.0,0.2,0.9,3.3,0.0,0.6,3.9,8.8,13.6,0.0,8.5,42.8,0.1,26.4,0.0,15.9,3.4,0.0,0.2,3.1,0.1,0.2,0.0,0.0,0.2,0.0,0.0
Tauá,1980,3,91.6,2.95,1.8,7.8,0.0,0.2,0.8,0.0,45.3,1.8,0.0,0.0,5.6,0.0,0.0,0.0,2.6,4.2,0.0,0.0,0.0,17.0,1.8,0.0,0.0,2.5,0.0,0.0,0.0,0.0,0.2,0.0,0.0
Tauá,1980,4,27.0,0.9,0.0,0.0,10.4,3.1,0.3,0.0,0.2,0.0,0.0,0.0,0.0,0.0,0.0,0.0,0.0,0.0,13.0,0.0,0.0,0.0,0.0,0.0,0.0,0.0,0.0,0.0,0.0,0.0,0.0,0.0,0.0
Tauá,1980,5,2.3,0.07,1.3,0.0,0.0,0.0,0.0,0.0,0.0,0.0,0.0,0.0,0.0,0.0,0.0,0.0,0.0,0.0,0.0,0.0,0.0,0.0,0.0,0.0,0.0,0.0,0.0,1.0,0.0,0.0,0.0,0.0,0.0
Tauá,1980,6,10.4,0.35,0.0,0.0,0.0,0.0,0.0,0.0,0.0,0.0,0.0,9.0,1.2,0.0,0.0,0.0,0.0,0.0,0.0,0.0,0.0,0.0,0.0,0.0,0.0,0.0,0.0,0.0,0.0,0.2,0.0,0.0,0.0
Tauá,1980,7,0.0,0.0,0.0,0.0,0.0,0.0,0.0,0.0,0.0,0.0,0.0,0.0,0.0,0.0,0.0,0.0,0.0,0.0,0.0,0.0,0.0,0.0,0.0,0.0,0.0,0.0,0.0,0.0,0.0,0.0,0.0,0.0,0.0
Tauá,1980,8,0.6,0.02,0.0,0.0,0.0,0.0,0.0,0.0,0.0,0.6,0.0,0.0,0.0,0.0,0.0,0.0,0.0,0.0,0.0,0.0,0.0,0.0,0.0,0.0,0.0,0.0,0.0,0.0,0.0,0.0,0.0,0.0,0.0
Tauá,1980,9,1.0,0.03,0.0,0.0,0.0,0.0,0.0,0.0,0.0,0.0,0.0,0.0,0.0,0.0,0.0,0.0,0.0,0.0,0.0,0.0,0.0,0.0,0.0,0.0,0.0,0.0,0.0,1.0,0.0,0.0,0.0,0.0,0.0
Tauá,1980,10,27.4,0.88,0.0,25.4,0.0,1.7,0.1,0.0,0.0,0.0,0.0,0.0,0.0,0.0,0.0,0.0,0.0,0.0,0.0,0.0,0.0,0.0,0.0,0.0,0.0,0.0,0.0,0.0,0.2,0.0,0.0,0.0,0.0
Tauá,1980,11,1.2,0.04,0.0,0.0,0.0,0.0,0.0,0.0,0.0,0.0,0.0,0.0,0.0,0.0,0.0,0.5,0.0,0.7,0.0,0.0,0.0,0.0,0.0,0.0,0.0,0.0,0.0,0.0,0.0,0.0,0.0,0.0,0.0
Tauá,1980,12,8.0,0.26,0.0,0.0,0.0,0.0,0.0,0.0,0.0,0.0,0.0,0.0,0.0,0.0,0.0,0.0,0.0,0.0,0.0,0.0,0.0,7.0,0.0,0.7,0.0,0.0,0.0,0.3,0.0,0.0,0.0,0.0,0.0
Tauá,1981,1,39.2,1.26,0.0,0.0,0.0,0.0,0.0,0.0,0.0,0.0,0.0,7.4,0.0,0.0,0.0,0.0,0.0,0.0,0.0,0.0,3.1,0.0,0.0,0.0,0.0,0.0,0.0,4.8,22.9,0.0,0.8,0.0,0.2
Tauá,1981,2,69.8,2.49,0.0,0.0,0.0,0.0,0.0,19.1,0.0,0.0,1.0,0.0,0.0,0.0,0.0,15.2,15.2,3.0,3.0,13.3,0.0,0.0,0.0,0.0,0.0,0.0,0.0,0.0,0.0,0.0,0.0,0.0,0.0
Tauá,1981,3,347.7,11.22,0.0,0.0,0.0,0.0,0.0,0.0,0.0,0.0,0.0,0.0,0.0,20.8,18.0,96.8,9.6,11.4,36.0,0.0,0.0,33.4,0.1,4.2,0.4,6.6,3.9,17.5,6.6,0.0,5.4,51.7,25.3
Tauá,1981,4,116.9,3.9,38.9,59.6,2.2,0.1,0.0,0.2,0.0,0.0,0.0,0.0,0.0,0.0,0.0,0.0,12.8,0.0,0.0,0.0,0.0,0.7,0.0,0.0,0.0,0.0,0.0,2.4,0.0,0.0,0.0,0.0,0.0
Tauá,1981,5,1.8,0.06,0.0,0.0,1.8,0.0,0.0,0.0,0.0,0.0,0.0,0.0,0.0,0.0,0.0,0.0,0.0,0.0,0.0,0.0,0.0,0.0,0.0,0.0,0.0,0.0,0.0,0.0,0.0,0.0,0.0,0.0,0.0
Tauá,1981,6,0.0,0.0,0.0,0.0,0.0,0.0,0.0,0.0,0.0,0.0,0.0,0.0,0.0,0.0,0.0,0.0,0.0,0.0,0.0,0.0,0.0,0.0,0.0,0.0,0.0,0.0,0.0,0.0,0.0,0.0,0.0,0.0,0.0
Tauá,1981,7,0.0,0.0,0.0,0.0,0.0,0.0,0.0,0.0,0.0,0.0,0.0,0.0,0.0,0.0,0.0,0.0,0.0,0.0,0.0,0.0,0.0,0.0,0.0,0.0,0.0,0.0,0.0,0.0,0.0,0.0,0.0,0.0,0.0
Tauá,1981,8,0.1,0.0,0.0,0.0,0.0,0.0,0.0,0.0,0.0,0.0,0.0,0.0,0.0,0.0,0.0,0.0,0.0,0.0,0.0,0.0,0.0,0.1,0.0,0.0,0.0,0.0,0.0,0.0,0.0,0.0,0.0,0.0,0.0
Tauá,1981,9,0.0,0.0,0.0,0.0,0.0,0.0,0.0,0.0,0.0,0.0,0.0,0.0,0.0,0.0,0.0,0.0,0.0,0.0,0.0,0.0,0.0,0.0,0.0,0.0,0.0,0.0,0.0,0.0,0.0,0.0,0.0,0.0,0.0
Tauá,1981,10,0.0,0.0,0.0,0.0,0.0,0.0,0.0,0.0,0.0,0.0,0.0,0.0,0.0,0.0,0.0,0.0,0.0,0.0,0.0,0.0,0.0,0.0,0.0,0.0,0.0,0.0,0.0,0.0,0.0,0.0,0.0,0.0,0.0
Tauá,1981,11,0.0,0.0,0.0,0.0,0.0,0.0,0.0,0.0,0.0,0.0,0.0,0.0,0.0,0.0,0.0,0.0,0.0,0.0,0.0,0.0,0.0,0.0,0.0,0.0,0.0,0.0,0.0,0.0,0.0,0.0,0.0,0.0,0.0
Tauá,1981,12,72.3,2.33,0.0,0.0,0.0,0.0,0.0,4.0,0.0,0.0,0.0,0.0,0.0,0.0,0.0,0.0,0.0,0.0,0.0,0.0,0.0,0.0,9.4,0.1,54.4,4.4,0.0,0.0,0.0,0.0,0.0,0.0,0.0
Tauá,1982,1,11.7,0.38,0.0,0.0,0.0,0.0,0.0,0.0,0.0,0.0,0.0,0.0,0.0,0.0,0.0,0.0,0.0,0.0,0.0,0.0,0.0,0.0,0.0,4.0,1.3,0.0,0.0,0.0,0.8,5.6,0.0,0.0,0.0
Tauá,1982,2,138.4,4.94,2.0,0.0,0.0,17.0,0.0,0.0,0.0,0.0,0.0,0.0,0.0,0.0,0.0,0.1,0.0,0.0,0.0,59.7,4.2,4.9,0.0,0.0,0.1,0.0,0.0,7.9,7.3,35.2,0.0,0.0,0.0
Tauá,1982,3,60.2,1.94,5.3,0.0,0.7,1.4,0.0,0.0,0.1,1.1,33.0,9.4,0.0,6.8,0.1,0.0,0.0,0.0,0.0,0.0,0.0,0.0,0.1,0.0,0.0,0.0,0.0,0.0,0.0,0.0,2.2,0.0,0.0
Tauá,1982,4,104.3,3.48,0.0,0.0,0.0,0.0,0.0,4.1,0.0,0.0,0.0,0.0,0.0,0.0,6.5,4.6,27.0,8.4,18.0,0.0,7.6,1.2,0.0,0.0,3.3,7.0,16.6,0.0,0.0,0.0,0.0,0.0,0.0
Tauá,1982,5,43.1,1.39,0.0,0.0,0.0,0.0,0.0,0.2,0.7,2.2,0.2,0.0,0.0,0.0,39.8,0.0,0.0,0.0,0.0,0.0,0.0,0.0,0.0,0.0,0.0,0.0,0.0,0.0,0.0,0.0,0.0,0.0,0.0
Tauá,1982,6,2.0,0.07,0.0,0.0,0.0,1.7,0.0,0.0,0.0,0.0,0.0,0.0,0.0,0.0,0.0,0.0,0.0,0.0,0.0,0.0,0.0,0.0,0.0,0.0,0.2,0.0,0.1,0.0,0.0,0.0,0.0,0.0,0.0
Tauá,1982,7,10.0,0.32,0.0,0.0,0.0,0.0,0.0,0.0,0.0,0.0,0.0,0.0,0.0,0.0,0.0,0.0,2.9,1.3,0.0,0.0,0.0,0.0,0.0,0.0,0.0,0.9,0.0,0.0,0.0,3.7,0.0,1.2,0.0
Tauá,1982,8,9.7,0.31,0.0,0.0,0.0,0.0,0.0,0.0,0.0,0.0,0.0,0.0,0.0,0.0,0.0,0.0,0.0,0.0,0.0,0.0,0.0,0.0,0.0,0.0,0.0,0.0,0.0,9.7,0.0,0.0,0.0,0.0,0.0
Tauá,1982,9,6.6,0.22,0.0,0.0,0.0,0.0,0.0,0.0,0.0,1.0,0.0,0.0,0.0,0.0,0.0,0.0,0.0,3.9,0.0,0.0,0.0,0.0,0.0,0.0,0.0,0.0,0.0,1.7,0.0,0.0,0.0,0.0,0.0
Tauá,1982,10,6.4,0.21,0.0,0.0,0.0,0.0,0.0,0.0,0.0,0.0,0.0,0.0,0.0,0.0,0.0,0.0,0.0,0.0,0.0,0.0,0.0,0.0,0.0,0.0,0.0,0.0,0.0,0.0,0.0,6.4,0.0,0.0,0.0
Tauá,1982,11,0.3,0.01,0.0,0.0,0.0,0.0,0.0,0.0,0.0,0.0,0.0,0.0,0.0,0.0,0.0,0.0,0.0,0.0,0.0,0.0,0.0,0.0,0.0,0.0,0.0,0.0,0.0,0.0,0.2,0.1,0.0,0.0,0.0
Tauá,1982,12,0.0,0.0,0.0,0.0,0.0,0.0,0.0,0.0,0.0,0.0,0.0,0.0,0.0,0.0,0.0,0.0,0.0,0.0,0.0,0.0,0.0,0.0,0.0,0.0,0.0,0.0,0.0,0.0,0.0,0.0,0.0,0.0,0.0
Tauá,1983,1,7.3,0.24,0.0,0.0,0.0,0.0,0.0,0.0,0.0,0.0,0.0,0.0,0.0,0.0,0.0,0.0,0.0,0.0,0.0,0.0,0.0,0.0,0.0,0.0,0.0,0.0,0.0,0.0,0.0,0.0,7.3,0.0,0.0
Tauá,1983,2,140.4,5.01,0.0,0.0,1.6,5.4,1.7,11.7,25.0,0.3,33.3,0.2,0.0,0.0,34.4,2.4,0.0,0.0,0.0,0.0,10.8,2.8,10.8,0.0,0.0,0.0,0.0,0.0,0.0,0.0,0.0,0.0,0.0
Tauá,1983,3,46.5,1.5,0.0,0.0,0.0,0.0,0.0,0.0,2.7,0.0,1.3,0.0,0.1,0.0,0.0,0.0,0.0,0.0,0.0,0.0,0.0,0.0,0.0,8.0,0.0,3.6,3.0,0.0,0.0,27.8,0.0,0.0,0.0
Tauá,1983,4,19.7,0.66,0.0,0.0,0.0,0.0,0.0,0.0,14.2,2.6,0.0,0.0,0.0,0.0,0.0,0.0,0.0,0.0,0.4,1.4,0.0,0.0,0.0,0.0,0.0,0.0,1.1,0.0,0.0,0.0,0.0,0.0,0.0
Tauá,1983,5,5.8,0.19,0.0,0.0,0.2,0.0,0.0,0.0,0.0,0.0,0.0,0.0,3.3,2.2,0.0,0.0,0.0,0.1,0.0,0.0,0.0,0.0,0.0,0.0,0.0,0.0,0.0,0.0,0.0,0.0,0.0,0.0,0.0
Tauá,1983,6,1.0,0.03,0.0,0.0,0.0,0.9,0.0,0.0,0.0,0.0,0.1,0.0,0.0,0.0,0.0,0.0,0.0,0.0,0.0,0.0,0.0,0.0,0.0,0.0,0.0,0.0,0.0,0.0,0.0,0.0,0.0,0.0,0.0
Tauá,1983,7,1.5,0.05,0.0,0.0,0.0,0.0,0.0,0.0,0.0,0.0,0.0,1.3,0.0,0.0,0.0,0.2,0.0,0.0,0.0,0.0,0.0,0.0,0.0,0.0,0.0,0.0,0.0,0.0,0.0,0.0,0.0,0.0,0.0
Tauá,1983,8,2.9,0.09,0.3,0.0,0.0,0.0,0.0,2.4,0.0,0.0,0.0,0.0,0.0,0.0,0.0,0.0,0.0,0.0,0.0,0.0,0.0,0.0,0.0,0.0,0.2,0.0,0.0,0.0,0.0,0.0,0.0,0.0,0.0
Tauá,1983,9,0.0,0.0,0.0,0.0,0.0,0.0,0.0,0.0,0.0,0.0,0.0,0.0,0.0,0.0,0.0,0.0,0.0,0.0,0.0,0.0,0.0,0.0,0.0,0.0,0.0,0.0,0.0,0.0,0.0,0.0,0.0,0.0,0.0
Tauá,1983,10,0.0,0.0,0.0,0.0,0.0,0.0,0.0,0.0,0.0,0.0,0.0,0.0,0.0,0.0,0.0,0.0,0.0,0.0,0.0,0.0,0.0,0.0,0.0,0.0,0.0,0.0,0.0,0.0,0.0,0.0,0.0,0.0,0.0
Tauá,1983,11,0.0,0.0,0.0,0.0,0.0,0.0,0.0,0.0,0.0,0.0,0.0,0.0,0.0,0.0,0.0,0.0,0.0,0.0,0.0,0.0,0.0,0.0,0.0,0.0,0.0,0.0,0.0,0.0,0.0,0.0,0.0,0.0,0.0
Tauá,1983,12,0.1,0.0,0.0,0.0,0.0,0.0,0.0,0.0,0.0,0.0,0.0,0.0,0.0,0.0,0.0,0.0,0.0,0.0,0.0,0.0,0.0,0.0,0.0,0.0,0.0,0.0,0.0,0.1,0.0,0.0,0.0,0.0,0.0
Tauá,1984,1,16.7,0.54,0.0,0.0,0.7,0.0,1.4,0.0,0.0,0.0,0.0,0.0,2.3,0.0,0.0,0.0,11.6,0.4,0.1,0.1,0.0,0.1,0.0,0.0,0.0,0.0,0.0,0.0,0.0,0.0,0.0,0.0,0.0
Tauá,1984,2,58.9,2.03,0.0,11.8,0.0,0.2,1.9,0.0,0.0,4.4,0.0,0.0,0.0,0.0,0.3,0.9,2.3,0.0,0.1,0.0,0.0,0.0,0.0,0.0,0.0,0.0,0.0,0.3,0.0,0.0,36.7,0.0,0.0
Tauá,1984,3,129.7,4.18,1.7,6.5,0.0,0.0,2.4,4.2,13.3,10.1,0.9,8.4,0.0,0.0,12.6,0.0,17.9,1.0,3.6,26.9,0.0,0.0,0.0,19.8,0.0,0.0,0.0,0.0,0.4,0.0,0.0,0.0,0.0
Tauá,1984,4,268.9,8.96,0.0,0.0,9.1,13.8,32.3,41.4,18.0,0.3,8.3,0.0,3.1,3.4,0.6,9.6,55.5,20.4,0.0,3.5,0.5,19.8,4.7,0.1,0.0,3.9,2.1,1.4,12.6,0.5,1.8,2.2,0.0
Tauá,1984,5,42.6,1.37,0.0,0.0,0.0,0.1,0.0,2.1,3.7,0.0,0.0,0.0,0.0,0.0,0.0,12.2,1.0,0.0,0.0,0.0,0.0,0.9,0.3,20.4,0.3,1.1,0.5,0.0,0.0,0.0,0.0,0.0,0.0
Tauá,1984,6,10.9,0.36,0.0,0.0,0.0,0.0,5.8,0.0,0.0,0.0,0.9,0.0,0.0,1.2,0.0,0.0,0.0,0.0,0.0,0.0,0.0,0.0,0.0,0.0,0.0,0.0,0.0,0.0,0.0,0.0,3.0,0.0,0.0
Tauá,1984,7,0.0,0.0,0.0,0.0,0.0,0.0,0.0,0.0,0.0,0.0,0.0,0.0,0.0,0.0,0.0,0.0,0.0,0.0,0.0,0.0,0.0,0.0,0.0,0.0,0.0,0.0,0.0,0.0,0.0,0.0,0.0,0.0,0.0
Tauá,1984,8,12.9,0.42,0.0,0.0,0.0,0.0,0.0,0.0,0.0,0.0,1.6,0.0,0.0,0.0,0.0,0.0,0.0,0.0,0.0,0.0,0.0,0.0,0.0,0.0,0.0,4.3,0.0,0.0,0.1,0.0,2.5,4.3,0.1
Tauá,1984,9,5.8,0.19,2.9,0.0,0.0,1.5,0.0,0.0,0.0,0.0,0.0,0.0,0.0,0.0,0.0,0.0,0.0,0.0,0.0,0.0,0.0,0.0,0.0,0.0,0.0,0.0,0.0,1.4,0.0,0.0,0.0,0.0,0.0
Tauá,1984,10,6.9,0.22,0.0,0.0,0.0,0.0,0.0,0.0,0.0,0.0,0.0,6.4,0.0,0.0,0.0,0.0,0.0,0.0,0.0,0.0,0.0,0.0,0.0,0.0,0.0,0.0,0.0,0.0,0.0,0.5,0.0,0.0,0.0
Tauá,1984,11,12.9,0.43,0.0,0.3,0.0,0.0,0.0,0.0,0.0,0.0,0.0,0.0,0.0,0.0,0.0,0.0,12.6,0.0,0.0,0.0,0.0,0.0,0.0,0.0,0.0,0.0,0.0,0.0,0.0,0.0,0.0,0.0,0.0
Tauá,1984,12,5.7,0.18,0.0,0.0,0.0,0.0,0.0,0.0,0.0,0.0,0.0,0.0,0.0,0.0,0.0,0.0,0.0,0.0,0.0,0.0,0.0,0.0,0.0,0.0,4.6,0.0,1.0,0.1,0.0,0.0,0.0,0.0,0.0
Tauá,1985,1,208.2,6.72,4.2,0.0,0.0,13.6,0.0,0.0,8.4,0.7,0.1,1.4,2.4,0.4,43.0,1.3,0.0,0.0,0.0,25.3,58.9,2.8,0.1,0.0,7.1,0.0,6.9,0.0,0.0,0.4,4.6,25.0,1.6
Tauá,1985,2,228.1,8.15,5.4,0.1,4.6,0.0,20.6,0.7,1.1,0.0,0.0,3.7,0.0,0.0,14.6,0.0,4.5,0.2,3.6,64.4,0.0,101.4,0.2,0.0,0.8,0.0,2.2,0.0,0.0,0.0,0.0,0.0,0.0
Tauá,1985,3,274.9,8.87,22.7,0.0,0.0,4.7,3.1,7.4,3.0,0.1,0.0,0.0,0.0,0.0,0.0,0.0,16.6,0.1,2.1,0.0,0.0,6.3,9.0,0.8,11.4,66.5,35.2,0.0,3.3,24.7,13.4,2.2,42.3
Tauá,1985,4,345.5,11.52,1.0,3.7,18.5,5.3,17.9,15.1,3.6,2.0,41.8,16.9,27.1,24.5,34.7,21.6,8.4,2.0,33.8,0.5,1.3,0.0,2.2,1.7,15.4,0.2,0.1,0.0,0.1,1.3,6.0,38.8,0.0
Tauá,1985,5,109.4,3.53,66.0,3.4,5.5,0.0,1.8,0.1,15.4,0.6,1.4,6.7,0.0,0.0,0.6,1.5,1.6,0.2,0.0,0.0,0.0,0.0,0.0,0.0,3.3,0.0,0.0,0.0,0.0,0.0,0.0,0.0,1.3
Tauá,1985,6,9.5,0.32,0.0,0.0,0.0,0.0,0.2,0.0,0.0,0.0,0.0,0.0,0.0,3.6,0.0,0.0,0.0,0.0,0.0,0.0,3.3,0.0,0.0,0.9,1.5,0.0,0.0,0.0,0.0,0.0,0.0,0.0,0.0
Tauá,1985,7,61.1,1.97,0.8,0.0,0.0,1.6,0.0,0.0,0.0,14.9,0.0,0.0,6.5,0.0,0.2,0.0,0.0,16.5,0.0,0.0,0.0,0.0,0.0,0.0,0.0,0.0,0.0,0.0,0.0,9.5,0.2,0.0,10.9
Tauá,1985,8,43.2,1.39,0.0,0.0,0.0,0.0,0.0,0.0,3.3,1.7,0.0,0.0,0.0,0.0,0.0,0.0,0.0,0.0,3.2,0.0,0.0,0.0,0.0,0.0,0.0,0.0,31.6,3.4,0.0,0.0,0.0,0.0,0.0
Tauá,1985,9,1.9,0.06,0.0,0.0,0.0,0.0,0.0,0.0,0.0,0.0,0.0,0.0,0.2,1.7,0.0,0.0,0.0,0.0,0.0,0.0,0.0,0.0,0.0,0.0,0.0,0.0,0.0,0.0,0.0,0.0,0.0,0.0,0.0
Tauá,1985,10,0.0,0.0,0.0,0.0,0.0,0.0,0.0,0.0,0.0,0.0,0.0,0.0,0.0,0.0,0.0,0.0,0.0,0.0,0.0,0.0,0.0,0.0,0.0,0.0,0.0,0.0,0.0,0.0,0.0,0.0,0.0,0.0,0.0
Tauá,1985,11,0.1,0.0,0.0,0.0,0.0,0.0,0.1,0.0,0.0,0.0,0.0,0.0,0.0,0.0,0.0,0.0,0.0,0.0,0.0,0.0,0.0,0.0,0.0,0.0,0.0,0.0,0.0,0.0,0.0,0.0,0.0,0.0,0.0
Tauá,1985,12,192.1,6.2,0.0,0.0,0.0,0.0,0.0,0.0,49.5,2.0,0.0,0.0,1.8,7.5,0.0,1.5,0.6,0.0,8.0,0.0,1.8,0.2,0.0,0.0,0.8,32.0,0.0,0.0,0.5,34.4,0.0,18.5,33.0
Tauá,1986,1,12.9,0.42,0.0,0.0,0.0,0.5,0.0,0.0,0.0,0.0,0.0,0.0,0.0,0.0,0.0,0.0,0.0,0.0,0.0,0.0,0.0,0.0,0.0,1.5,0.0,0.0,0.0,0.0,0.0,6.9,0.0,0.0,4.0
Tauá,1986,2,88.9,3.18,39.5,3.9,0.0,2.6,0.0,3.4,1.8,0.0,0.0,0.5,0.0,0.0,0.0,0.0,0.8,0.0,0.0,0.0,0.0,5.3,2.3,4.3,0.0,1.9,0.0,0.0,22.6,0.0,0.0,0.0,0.0
Tauá,1986,3,291.4,9.4,0.0,3.3,3.7,39.5,5.6,7.2,0.1,0.0,39.7,7.4,1.6,7.8,3.7,0.0,1.7,1.1,0.0,0.7,0.0,0.0,0.8,2.0,41.6,17.8,44.8,29.4,2.1,0.6,1.7,19.8,7.7
Tauá,1986,4,189.5,6.32,0.6,8.5,0.3,0.0,0.0,0.0,0.0,30.4,4.6,13.3,0.0,0.0,0.0,6.4,32.3,16.6,10.8,27.7,0.0,0.0,6.0,0.0,0.0,0.0,14.4,17.6,0.0,0.0,0.0,0.0,0.0
Tauá,1986,5,49.6,1.6,0.0,0.0,2.6,0.0,0.0,19.1,3.2,0.1,0.0,0.0,0.0,0.0,0.0,0.0,0.0,0.0,0.0,0.7,0.0,0.0,0.0,0.0,1.3,5.5,17.1,0.0,0.0,0.0,0.0,0.0,0.0
Tauá,1986,6,27.6,0.92,5.7,1.5,1.1,6.7,0.1,0.0,0.0,1.6,0.0,0.0,10.0,0.0,0.0,0.0,0.0,0.9,0.0,0.0,0.0,0.0,0.0,0.0,0.0,0.0,0.0,0.0,0.0,0.0,0.0,0.0,0.0
Tauá,1986,7,17.7,0.57,0.0,0.1,2.3,0.0,8.3,0.0,0.0,0.0,0.0,0.0,0.0,0.0,0.0,0.0,0.0,0.6,4.3,2.1,0.0,0.0,0.0,0.0,0.0,0.0,0.0,0.0,0.0,0.0,0.0,0.0,0.0
Tauá,1986,8,2.2,0.07,0.0,0.0,0.0,0.0,0.0,0.0,0.0,0.0,0.0,0.0,0.0,0.0,0.0,0.0,2.2,0.0,0.0,0.0,0.0,0.0,0.0,0.0,0.0,0.0,0.0,0.0,0.0,0.0,0.0,0.0,0.0
Tauá,1986,9,2.6,0.09,0.0,0.0,0.0,0.0,0.0,0.0,0.0,0.0,0.0,0.0,0.0,0.0,0.0,0.0,0.0,2.6,0.0,0.0,0.0,0.0,0.0,0.0,0.0,0.0,0.0,0.0,0.0,0.0,0.0,0.0,0.0
Tauá,1986,10,2.7,0.09,0.0,0.0,0.0,0.0,0.0,0.0,0.0,0.0,0.0,0.0,0.0,0.0,0.0,0.0,0.0,2.6,0.0,0.0,0.1,0.0,0.0,0.0,0.0,0.0,0.0,0.0,0.0,0.0,0.0,0.0,0.0
Tauá,1986,11,1.2,0.04,0.0,0.0,0.0,0.0,0.0,0.0,0.0,0.0,0.0,0.0,0.0,0.0,0.0,0.0,0.0,0.0,0.0,0.0,0.0,0.0,0.1,0.1,0.0,0.0,1.0,0.0,0.0,0.0,0.0,0.0,0.0
Tauá,1986,12,6.4,0.21,0.1,0.0,0.0,0.0,0.0,0.0,0.0,0.0,0.0,0.0,0.0,0.0,0.5,0.0,0.0,0.0,0.0,0.0,0.0,0.0,0.0,0.0,5.8,0.0,0.0,0.0,0.0,0.0,0.0,0.0,0.0
Tauá,1987,1,41.8,1.35,0.0,10.1,0.0,9.3,0.0,0.0,0.0,0.0,16.0,2.0,0.0,0.0,0.0,0.0,0.0,0.0,0.0,0.0,0.0,2.9,1.5,0.0,0.0,0.0,0.0,0.0,0.0,0.0,0.0,0.0,0.0
Tauá,1987,2,40.4,1.44,0.0,0.0,0.0,0.0,0.0,0.0,10.0,2.8,0.0,0.0,5.9,17.5,0.0,0.0,0.0,2.6,0.0,1.6,0.0,0.0,0.0,0.0,0.0,0.0,0.0,0.0,0.0,0.0,0.0,0.0,0.0
Tauá,1987,3,282.5,9.11,0.0,14.3,5.2,2.6,0.0,1.0,0.2,0.0,37.2,0.4,0.0,13.3,0.0,6.5,0.2,0.8,7.5,1.0,6.1,74.0,0.5,55.7,0.0,4.2,0.8,1.3,4.6,2.8,8.4,33.0,0.9
Tauá,1987,4,89.9,3.0,68.7,0.6,0.7,0.0,0.4,0.0,0.0,0.0,0.0,17.0,0.0,0.0,0.7,0.0,0.0,0.5,0.0,0.0,0.0,0.0,0.0,0.0,0.1,0.0,0.0,0.0,0.2,0.0,1.0,0.0,0.0
Tauá,1987,5,7.8,0.25,0.0,5.0,0.0,0.0,0.6,0.0,0.2,0.0,0.0,0.0,0.0,2.0,0.0,0.0,0.0,0.0,0.0,0.0,0.0,0.0,0.0,0.0,0.0,0.0,0.0,0.0,0.0,0.0,0.0,0.0,0.0
Tauá,1987,6,19.4,0.65,0.0,0.0,0.0,0.0,0.0,0.0,6.8,4.3,0.0,0.0,0.0,0.0,0.2,2.4,0.6,0.0,0.0,0.0,0.0,0.9,0.0,0.0,0.0,0.0,0.0,0.0,0.6,0.0,0.0,3.6,0.0
Tauá,1987,7,34.2,1.1,0.0,0.0,0.0,0.0,0.0,0.0,0.0,0.0,0.0,11.8,0.0,6.0,4.6,0.0,0.0,0.0,0.0,0.0,0.0,0.0,0.0,0.0,0.0,0.0,0.0,0.0,0.0,0.0,11.8,0.0,0.0
Tauá,1987,8,0.0,0.0,0.0,0.0,0.0,0.0,0.0,0.0,0.0,0.0,0.0,0.0,0.0,0.0,0.0,0.0,0.0,0.0,0.0,0.0,0.0,0.0,0.0,0.0,0.0,0.0,0.0,0.0,0.0,0.0,0.0,0.0,0.0
Tauá,1987,9,0.0,0.0,0.0,0.0,0.0,0.0,0.0,0.0,0.0,0.0,0.0,0.0,0.0,0.0,0.0,0.0,0.0,0.0,0.0,0.0,0.0,0.0,0.0,0.0,0.0,0.0,0.0,0.0,0.0,0.0,0.0,0.0,0.0
Tauá,1987,10,0.0,0.0,0.0,0.0,0.0,0.0,0.0,0.0,0.0,0.0,0.0,0.0,0.0,0.0,0.0,0.0,0.0,0.0,0.0,0.0,0.0,0.0,0.0,0.0,0.0,0.0,0.0,0.0,0.0,0.0,0.0,0.0,0.0
Tauá,1987,11,0.0,0.0,0.0,0.0,0.0,0.0,0.0,0.0,0.0,0.0,0.0,0.0,0.0,0.0,0.0,0.0,0.0,0.0,0.0,0.0,0.0,0.0,0.0,0.0,0.0,0.0,0.0,0.0,0.0,0.0,0.0,0.0,0.0
Tauá,1987,12,0.0,0.0,0.0,0.0,0.0,0.0,0.0,0.0,0.0,0.0,0.0,0.0,0.0,0.0,0.0,0.0,0.0,0.0,0.0,0.0,0.0,0.0,0.0,0.0,0.0,0.0,0.0,0.0,0.0,0.0,0.0,0.0,0.0
Tauá,1988,1,24.7,0.8,0.0,4.5,0.0,0.0,0.0,0.0,0.0,0.0,0.0,0.0,0.0,0.0,1.6,0.0,0.0,0.0,0.0,0.0,0.0,0.0,0.0,0.0,0.0,0.0,5.7,0.5,11.0,0.4,0.0,1.0,0.0
Tauá,1988,2,38.7125,1.3525,0.0,0.0,0.0,3.1,0.0,1.2,0.0,0.0,0.0,0.0,1.7,0.0,27.45000000000001,9.95,21.65,4.0,2.5,0.5,4.05,2.8,0.0,0.0,0.0,0.0,0.0,8.2,0.0,5.4,0.0,0.0,0.0
Tauá,1988,3,98.1,4.55875,42.8,24.0,0.0,0.0,17.9,9.2,0.0,0.0,23.7,0.1,1.5,10.1,43.7,27.75,0.0,4.2,8.3,14.0,11.8,34.9,6.7,10.65,30.75,5.3,16.2,10.65,0.1,0.2,0.0,0.0,17.65
Tauá,1988,4,106.375,6.307499999999999,6.2,0.0,0.0,0.0,0.2,2.1,8.3,26.0,15.825,2.75,16.25,4.0,23.1,16.0,51.25,6.3,13.4,11.95,5.65,24.55,5.6,1.0,11.975,1.6,11.75,3.95,0.0,0.0,0.1,7.3,0.0
Tauá,1988,5,96.65,3.2350000000000003,15.6,0.0,29.0,23.0,52.0,2.0,0.0,0.0,0.0,10.1,0.0,0.0,0.0,4.1,0.0,15.0,9.9,12.8,0.0,0.0,37.1,15.0,0.0,8.0,0.0,0.0,0.0,0.0,4.0,0.0,0.0
Tauá,1988,6,17.9,0.795,0.0,0.0,0.0,0.0,0.0,0.0,2.6,0.3,0.0,5.0,0.0,0.0,0.0,0.0,0.0,0.0,0.0,0.0,0.0,0.0,0.0,0.7,7.7,0.0,0.0,19.5,0.0,0.0,0.0,0.0,0.0
Tauá,1988,7,2.1,0.07,0.0,0.0,0.0,0.0,0.0,0.0,0.0,0.0,0.0,0.0,0.0,2.1,0.0,0.0,0.0,0.0,0.0,0.0,0.0,0.0,0.0,0.0,0.0,0.0,0.0,0.0,0.0,0.0,0.0,0.0,0.0
Tauá,1988,8,0.0,0.0,0.0,0.0,0.0,0.0,0.0,0.0,0.0,0.0,0.0,0.0,0.0,0.0,0.0,0.0,0.0,0.0,0.0,0.0,0.0,0.0,0.0,0.0,0.0,0.0,0.0,0.0,0.0,0.0,0.0,0.0,0.0
Tauá,1988,9,0.0,0.0,0.0,0.0,0.0,0.0,0.0,0.0,0.0,0.0,0.0,0.0,0.0,0.0,0.0,0.0,0.0,0.0,0.0,0.0,0.0,0.0,0.0,0.0,0.0,0.0,0.0,0.0,0.0,0.0,0.0,0.0,0.0
Tauá,1988,10,5.4,0.17,0.0,0.0,0.0,0.0,0.0,0.0,0.0,0.0,0.0,0.0,0.0,0.0,0.0,0.0,0.0,0.0,5.4,0.0,0.0,0.0,0.0,0.0,0.0,0.0,0.0,0.0,0.0,0.0,0.0,0.0,0.0
Tauá,1988,11,0.0,0.0,0.0,0.0,0.0,0.0,0.0,0.0,0.0,0.0,0.0,0.0,0.0,0.0,0.0,0.0,0.0,0.0,0.0,0.0,0.0,0.0,0.0,0.0,0.0,0.0,0.0,0.0,0.0,0.0,0.0,0.0,0.0
Tauá,1988,12,104.175,3.8625,0.6,0.0,0.0,0.0,0.0,0.0,0.0,29.6,0.5,12.0,0.0,0.0,0.0,1.6,27.725,22.5,4.5,15.7,20.85,0.5,0.2,0.0,18.8,2.0,7.1,0.0,0.0,0.0,0.0,0.0,0.0
Tauá,1989,1,51.9,1.67,7.5,0.0,0.0,0.0,0.0,0.0,0.0,0.0,0.0,0.0,0.0,0.0,0.2,0.6,0.2,0.0,0.0,0.0,0.0,0.0,0.0,0.0,0.0,36.7,0.3,0.0,0.0,6.4,0.0,0.0,0.0
Tauá,1989,2,26.2,0.94,0.0,0.0,0.0,0.0,0.0,0.0,0.0,8.6,0.8,0.0,0.0,0.0,1.4,2.1,4.7,0.0,0.0,0.0,0.0,0.0,0.0,8.6,0.0,0.0,0.0,0.0,0.0,0.0,0.0,0.0,0.0
Tauá,1989,3,165.9,6.4,0.0,0.0,1.1,0.0,0.0,0.0,15.0,0.0,12.1,0.0,0.7,8.6,0.0,0.0,0.0,1.4,0.0,47.0,28.2,2.0,4.4,6.4,0.3,9.1,8.0,7.0,0.0,20.8,37.6,98.4,11.6
Tauá,1989,4,336.6,11.22,6.9,0.2,3.6,0.0,111.4,70.4,2.5,51.5,14.6,2.0,3.8,1.5,4.1,0.0,3.6,2.7,0.0,0.0,0.0,0.0,0.2,0.0,0.0,14.6,8.9,0.0,0.0,6.9,0.2,27.0,0.0
Tauá,1989,5,75.6,2.44,0.0,0.5,3.6,0.0,22.8,0.0,0.0,0.0,8.2,14.9,12.3,0.0,0.1,0.0,0.0,0.0,0.0,0.6,0.0,1.3,0.0,1.7,0.0,0.0,0.0,0.0,0.0,0.8,0.0,0.5,8.3
Tauá,1989,6,7.7,0.26,0.4,0.0,0.0,0.0,0.0,0.0,0.0,0.0,0.0,0.0,0.0,0.0,0.0,0.0,0.0,0.0,0.0,0.0,3.7,0.1,0.0,1.1,2.4,0.0,0.0,0.0,0.0,0.0,0.0,0.0,0.0
Tauá,1989,7,10.3,0.33,0.0,0.0,0.0,0.0,0.0,2.6,3.5,0.0,4.2,0.0,0.0,0.0,0.0,0.0,0.0,0.0,0.0,0.0,0.0,0.0,0.0,0.0,0.0,0.0,0.0,0.0,0.0,0.0,0.0,0.0,0.0
Tauá,1989,8,6.6,0.21,0.0,0.0,0.0,0.0,0.0,0.0,0.0,0.0,0.0,0.0,0.0,0.0,0.0,0.0,1.4,2.8,0.0,0.0,0.0,2.3,0.1,0.0,0.0,0.0,0.0,0.0,0.0,0.0,0.0,0.0,0.0
Tauá,1989,9,0.5,0.02,0.0,0.0,0.0,0.0,0.0,0.0,0.0,0.0,0.0,0.0,0.0,0.0,0.0,0.0,0.0,0.0,0.0,0.0,0.0,0.0,0.5,0.0,0.0,0.0,0.0,0.0,0.0,0.0,0.0,0.0,0.0
Tauá,1989,10,0.0,0.0,0.0,0.0,0.0,0.0,0.0,0.0,0.0,0.0,0.0,0.0,0.0,0.0,0.0,0.0,0.0,0.0,0.0,0.0,0.0,0.0,0.0,0.0,0.0,0.0,0.0,0.0,0.0,0.0,0.0,0.0,0.0
Tauá,1989,11,0.0,0.0,0.0,0.0,0.0,0.0,0.0,0.0,0.0,0.0,0.0,0.0,0.0,0.0,0.0,0.0,0.0,0.0,0.0,0.0,0.0,0.0,0.0,0.0,0.0,0.0,0.0,0.0,0.0,0.0,0.0,0.0,0.0
Tauá,1989,12,287.9,9.29,0.0,0.0,0.3,0.0,0.0,0.0,0.0,3.2,0.4,0.0,0.0,0.0,6.8,0.0,0.0,0.2,0.5,0.0,5.4,0.8,27.8,0.8,97.6,14.6,93.3,33.2,1.3,0.1,1.6,0.0,0.0
Tauá,1990,1,1.9,0.06,0.0,0.1,0.0,0.0,0.0,0.0,0.0,0.0,0.0,0.0,0.0,0.0,0.0,0.0,0.0,0.0,0.0,0.0,0.0,0.0,0.0,0.0,0.0,0.0,0.0,0.0,0.0,1.8,0.0,0.0,0.0
Tauá,1990,2,76.7,2.74,0.0,0.0,0.0,0.0,0.0,0.0,0.0,0.0,0.0,0.0,0.0,0.0,0.0,0.0,0.0,0.0,3.8,15.5,0.3,2.0,0.0,1.5,8.8,0.0,4.9,34.1,5.8,0.0,0.0,0.0,0.0
Tauá,1990,3,48.8,12.565,0.0,0.0,0.8,27.2,0.0,0.0,0.0,0.0,0.0,0.0,0.0,1.6,0.0,0.0,0.5,0.0,0.0,0.0,0.1,17.5,2.8,47.0,0.0,0.0,0.1,0.0,0.0,0.0,0.0,0.0,0.0
Tauá,1990,4,96.8,39.475,0.0,0.0,0.0,62.9,6.5,0.0,21.2,9.0,0.0,0.0,0.0,0.0,0.0,0.0,0.0,0.0,0.7,0.0,4.2,2.4,0.0,0.0,0.0,0.0,0.9,0.0,1.0,4.7,6.2,11.0,0.0
Tauá,1990,5,24.0,0.77,0.0,0.2,0.0,0.4,0.0,0.0,0.0,0.0,0.0,0.0,0.0,0.0,0.0,0.0,7.6,2.6,0.0,0.0,0.0,0.0,0.0,0.0,0.0,0.0,0.0,0.0,10.8,0.0,2.4,0.0,0.0
Tauá,1990,6,14.6,0.49,0.0,0.0,14.6,0.0,0.0,0.0,0.0,0.0,0.0,0.0,0.0,0.0,0.0,0.0,0.0,0.0,0.0,0.0,0.0,0.0,0.0,0.0,0.0,0.0,0.0,0.0,0.0,0.0,0.0,0.0,0.0
Tauá,1990,7,0.0,0.0,0.0,0.0,0.0,0.0,0.0,0.0,0.0,0.0,0.0,0.0,0.0,0.0,0.0,0.0,0.0,0.0,0.0,0.0,0.0,0.0,0.0,0.0,0.0,0.0,0.0,0.0,0.0,0.0,0.0,0.0,0.0
Tauá,1990,8,0.0,0.0,0.0,0.0,0.0,0.0,0.0,0.0,0.0,0.0,0.0,0.0,0.0,0.0,0.0,0.0,0.0,0.0,0.0,0.0,0.0,0.0,0.0,0.0,0.0,0.0,0.0,0.0,0.0,0.0,0.0,0.0,0.0
Tauá,1990,9,0.0,0.0,0.0,0.0,0.0,0.0,0.0,0.0,0.0,0.0,0.0,0.0,0.0,0.0,0.0,0.0,0.0,0.0,0.0,0.0,0.0,0.0,0.0,0.0,0.0,0.0,0.0,0.0,0.0,0.0,0.0,0.0,0.0
Tauá,1990,10,0.0,0.0,0.0,0.0,0.0,0.0,0.0,0.0,0.0,0.0,0.0,0.0,0.0,0.0,0.0,0.0,0.0,0.0,0.0,0.0,0.0,0.0,0.0,0.0,0.0,0.0,0.0,0.0,0.0,0.0,0.0,0.0,0.0
Tauá,1990,11,0.0,0.0,0.0,0.0,0.0,0.0,0.0,0.0,0.0,0.0,0.0,0.0,0.0,0.0,0.0,0.0,0.0,0.0,0.0,0.0,0.0,0.0,0.0,0.0,0.0,0.0,0.0,0.0,0.0,0.0,0.0,0.0,0.0
Tauá,1990,12,0.8,0.03,0.0,0.0,0.0,0.0,0.0,0.0,0.0,0.0,0.0,0.0,0.0,0.0,0.0,0.0,0.0,0.0,0.0,0.0,0.0,0.0,0.0,0.0,0.0,0.0,0.0,0.0,0.0,0.0,0.0,0.0,0.8
Tauá,1991,1,124.7,30.6325,0.0,2.5,0.0,0.0,0.0,0.0,0.0,0.0,0.0,0.0,0.0,0.0,0.0,0.0,0.0,0.0,0.0,15.1,19.4,7.0,25.75,3.9,52.0,77.25,0.0,0.0,0.0,0.0,0.0,0.0,0.0
Tauá,1991,2,49.8,1.775,2.0,0.0,0.0,0.0,2.5,0.0,13.0,0.0,0.0,0.0,0.0,0.0,0.0,0.0,2.6,34.0,2.2,13.0,2.75,11.8,0.0,0.0,0.0,0.0,0.0,0.0,0.0,0.0,0.0,0.0,0.0
Tauá,1991,3,119.6,3.855,22.8,0.0,0.0,0.0,0.0,8.9,0.0,0.0,0.0,7.6,5.0,0.0,0.1,0.0,0.0,10.5,10.2,5.0,0.0,0.0,0.0,18.0,0.0,0.0,0.0,21.0,10.3,41.0,47.8,0.0,0.0
Tauá,1991,4,27.9,0.93,5.4,0.0,0.0,0.0,0.0,0.0,0.0,0.0,0.0,0.0,0.0,0.0,0.0,0.0,0.0,0.0,1.0,0.6,2.8,0.0,5.6,7.8,0.0,0.0,0.0,0.0,0.0,0.0,0.0,27.0,0.0
Tauá,1991,5,43.55,1.4175,24.9,0.0,0.0,0.0,0.0,4.4,0.0,0.0,5.2,10.0,2.5,0.0,0.0,0.0,13.15,0.0,0.0,0.0,0.0,2.5,0.0,0.0,0.0,0.0,14.1,4.0,0.0,0.0,0.0,0.0,0.0
Tauá,1991,6,7.2,0.24,0.0,0.0,0.0,0.0,0.0,0.0,7.2,0.0,0.0,0.0,0.0,0.0,0.0,0.0,0.0,0.0,0.0,0.0,0.0,0.0,0.0,0.0,0.0,0.0,0.0,0.0,0.0,0.0,0.0,0.0,0.0
Tauá,1991,7,0.0,0.0,0.0,0.0,0.0,0.0,0.0,0.0,0.0,0.0,0.0,0.0,0.0,0.0,0.0,0.0,0.0,0.0,0.0,0.0,0.0,0.0,0.0,0.0,0.0,0.0,0.0,0.0,0.0,0.0,0.0,0.0,0.0
Tauá,1991,8,0.0,0.0,0.0,0.0,0.0,0.0,0.0,0.0,0.0,0.0,0.0,0.0,0.0,0.0,0.0,0.0,0.0,0.0,0.0,0.0,0.0,0.0,0.0,0.0,0.0,0.0,0.0,0.0,0.0,0.0,0.0,0.0,0.0
Tauá,1991,9,0.0,0.0,0.0,0.0,0.0,0.0,0.0,0.0,0.0,0.0,0.0,0.0,0.0,0.0,0.0,0.0,0.0,0.0,0.0,0.0,0.0,0.0,0.0,0.0,0.0,0.0,0.0,0.0,0.0,0.0,0.0,0.0,0.0
Tauá,1991,10,0.0,0.0,0.0,0.0,0.0,0.0,0.0,0.0,0.0,0.0,0.0,0.0,0.0,0.0,0.0,0.0,0.0,0.0,0.0,0.0,0.0,0.0,0.0,0.0,0.0,0.0,0.0,0.0,0.0,0.0,0.0,0.0,0.0
Tauá,1991,11,0.0,0.0,0.0,0.0,0.0,0.0,0.0,0.0,0.0,0.0,0.0,0.0,0.0,0.0,0.0,0.0,0.0,0.0,0.0,0.0,0.0,0.0,0.0,0.0,0.0,0.0,0.0,0.0,0.0,0.0,0.0,0.0,0.0
Tauá,1991,12,0.0,0.0,0.0,0.0,0.0,0.0,0.0,0.0,0.0,0.0,0.0,0.0,0.0,0.0,0.0,0.0,0.0,0.0,0.0,0.0,0.0,0.0,0.0,0.0,0.0,0.0,0.0,0.0,0.0,0.0,0.0,0.0,0.0
Tauá,1992,1,197.4,6.37,0.0,0.0,0.0,0.0,0.0,0.0,0.0,0.0,0.0,0.0,0.0,0.0,0.0,0.0,0.0,0.0,0.0,0.0,0.0,0.0,0.0,0.0,0.9,4.4,6.8,128.6,3.5,0.4,0.0,52.8,0.0
Tauá,1992,2,91.8,3.17,0.0,0.0,7.5,0.0,0.0,0.0,0.0,0.0,0.0,0.0,0.0,7.3,3.8,0.0,9.6,5.8,0.0,4.4,23.0,9.4,11.0,0.0,0.0,10.0,0.0,0.0,0.0,0.0,0.0,0.0,0.0
Tauá,1992,3,18.05,1.065,0.0,0.0,0.0,0.0,0.0,0.0,0.0,0.0,5.2,0.0,0.0,0.0,0.0,6.8,0.0,0.6,1.0,0.1,0.0,0.0,0.0,0.0,2.0,0.0,0.0,0.0,0.0,4.1,14.3,2.0,0.0
Tauá,1992,4,47.8,1.59,9.6,2.9,27.4,0.0,0.0,0.0,0.0,0.0,0.0,0.0,0.0,0.0,0.0,0.0,7.9,0.0,0.0,0.0,0.0,0.0,0.0,0.0,0.0,0.0,0.0,0.0,0.0,0.0,0.0,0.0,0.0
Tauá,1992,5,0.0,0.0,0.0,0.0,0.0,0.0,0.0,0.0,0.0,0.0,0.0,0.0,0.0,0.0,0.0,0.0,0.0,0.0,0.0,0.0,0.0,0.0,0.0,0.0,0.0,0.0,0.0,0.0,0.0,0.0,0.0,0.0,0.0
Tauá,1992,6,0.0,0.0,0.0,0.0,0.0,0.0,0.0,0.0,0.0,0.0,0.0,0.0,0.0,0.0,0.0,0.0,0.0,0.0,0.0,0.0,0.0,0.0,0.0,0.0,0.0,0.0,0.0,0.0,0.0,0.0,0.0,0.0,0.0
Tauá,1992,7,0.0,0.0,0.0,0.0,0.0,0.0,0.0,0.0,0.0,0.0,0.0,0.0,0.0,0.0,0.0,0.0,0.0,0.0,0.0,0.0,0.0,0.0,0.0,0.0,0.0,0.0,0.0,0.0,0.0,0.0,0.0,0.0,0.0
Tauá,1992,8,0.0,0.0,0.0,0.0,0.0,0.0,0.0,0.0,0.0,0.0,0.0,0.0,0.0,0.0,0.0,0.0,0.0,0.0,0.0,0.0,0.0,0.0,0.0,0.0,0.0,0.0,0.0,0.0,0.0,0.0,0.0,0.0,0.0
Tauá,1992,9,0.0,0.0,0.0,0.0,0.0,0.0,0.0,0.0,0.0,0.0,0.0,0.0,0.0,0.0,0.0,0.0,0.0,0.0,0.0,0.0,0.0,0.0,0.0,0.0,0.0,0.0,0.0,0.0,0.0,0.0,0.0,0.0,0.0
Tauá,1992,10,0.0,0.0,0.0,0.0,0.0,0.0,0.0,0.0,0.0,0.0,0.0,0.0,0.0,0.0,0.0,0.0,0.0,0.0,0.0,0.0,0.0,0.0,0.0,0.0,0.0,0.0,0.0,0.0,0.0,0.0,0.0,0.0,0.0
Tauá,1992,11,0.0,0.0,0.0,0.0,0.0,0.0,0.0,0.0,0.0,0.0,0.0,0.0,0.0,0.0,0.0,0.0,0.0,0.0,0.0,0.0,0.0,0.0,0.0,0.0,0.0,0.0,0.0,0.0,0.0,0.0,0.0,0.0,0.0
Tauá,1992,12,0.0,0.0,0.0,0.0,0.0,0.0,0.0,0.0,0.0,0.0,0.0,0.0,0.0,0.0,0.0,0.0,0.0,0.0,0.0,0.0,0.0,0.0,0.0,0.0,0.0,0.0,0.0,0.0,0.0,0.0,0.0,0.0,0.0
Tauá,1993,1,9.1,0.29,0.0,0.0,0.0,0.0,0.0,0.0,0.0,0.0,0.0,0.0,0.0,0.0,0.0,0.0,0.0,0.0,8.3,0.0,0.8,0.0,0.0,0.0,0.0,0.0,0.0,0.0,0.0,0.0,0.0,0.0,0.0
Tauá,1993,2,100.7,3.6,0.0,0.0,0.0,0.0,0.0,0.0,0.0,0.0,0.0,0.0,0.0,0.0,36.4,54.7,0.0,1.6,0.0,0.0,0.0,0.0,0.0,0.0,0.0,8.0,0.0,0.0,0.0,0.0,0.0,0.0,0.0
Tauá,1993,3,33.5,16.6125,24.4,2.9,1.0,1.2,5.4,4.8,0.0,0.0,0.0,0.0,0.0,0.0,0.0,0.0,0.0,0.0,0.0,0.0,0.0,0.0,0.0,0.0,0.0,0.0,0.0,1.2,0.0,0.0,25.4,14.35,0.0
Tauá,1993,4,43.7,1.46,0.8,0.0,0.0,0.0,0.0,0.0,0.0,5.3,0.0,0.0,0.0,0.0,0.0,0.0,0.0,0.0,0.0,0.0,7.2,15.2,0.4,0.0,12.0,0.0,0.0,0.0,2.8,0.0,0.0,0.0,0.0
Tauá,1993,5,84.0,2.71,0.0,28.0,7.0,0.0,0.0,0.0,0.0,0.0,0.0,0.0,0.0,0.0,0.0,0.0,0.0,0.0,0.0,0.0,0.0,0.0,0.0,30.0,18.8,0.2,0.0,0.0,0.0,0.0,0.0,0.0,0.0
Tauá,1993,6,2.7,0.09,0.0,0.0,0.0,0.0,0.0,0.0,0.0,0.0,0.0,0.0,2.7,0.0,0.0,0.0,0.0,0.0,0.0,0.0,0.0,0.0,0.0,0.0,0.0,0.0,0.0,0.0,0.0,0.0,0.0,0.0,0.0
Tauá,1993,7,3.4,0.11,0.0,0.0,0.0,0.0,0.0,0.0,0.0,0.0,0.0,0.0,0.0,0.0,0.0,3.4,0.0,0.0,0.0,0.0,0.0,0.0,0.0,0.0,0.0,0.0,0.0,0.0,0.0,0.0,0.0,0.0,0.0
Tauá,1993,8,0.0,0.0,0.0,0.0,0.0,0.0,0.0,0.0,0.0,0.0,0.0,0.0,0.0,0.0,0.0,0.0,0.0,0.0,0.0,0.0,0.0,0.0,0.0,0.0,0.0,0.0,0.0,0.0,0.0,0.0,0.0,0.0,0.0
Tauá,1993,9,0.0,0.0,0.0,0.0,0.0,0.0,0.0,0.0,0.0,0.0,0.0,0.0,0.0,0.0,0.0,0.0,0.0,0.0,0.0,0.0,0.0,0.0,0.0,0.0,0.0,0.0,0.0,0.0,0.0,0.0,0.0,0.0,0.0
Tauá,1993,10,3.2,0.1,0.0,0.0,0.0,0.4,0.0,0.0,0.0,0.0,0.2,0.0,0.0,0.0,0.0,0.0,0.0,0.0,0.0,2.6,0.0,0.0,0.0,0.0,0.0,0.0,0.0,0.0,0.0,0.0,0.0,0.0,0.0
Tauá,1993,11,0.0,0.0,0.0,0.0,0.0,0.0,0.0,0.0,0.0,0.0,0.0,0.0,0.0,0.0,0.0,0.0,0.0,0.0,0.0,0.0,0.0,0.0,0.0,0.0,0.0,0.0,0.0,0.0,0.0,0.0,0.0,0.0,0.0
Tauá,1993,12,50.1125,9.24125,0.0,0.0,0.0,0.0,0.0,0.0,0.0,0.0,0.0,0.0,0.0,0.0,0.0,0.0,0.0,0.0,0.0,0.0,0.0,0.0,0.0,0.0,0.0,0.0,0.0,0.0,0.0,50.1125,0.0,0.0,0.0
Tauá,1994,1,86.65,18.02125,0.0,0.0,0.0,0.0,64.6,16.9875,0.0,0.0,0.0,0.0,0.0,0.0,0.0,0.0,0.0,36.9,3.6,0.0,0.0,0.0,0.0,0.0,0.0,0.0,0.0,0.0,0.0,0.0,0.0,0.0,0.0
Tauá,1994,2,110.3,3.94,0.0,0.0,0.0,0.0,3.9,6.7,0.4,0.2,0.0,5.2,0.0,0.0,12.7,58.0,9.0,0.0,0.0,0.0,0.0,0.0,10.6,0.0,0.0,0.0,0.0,0.0,3.6,0.0,0.0,0.0,0.0
Tauá,1994,3,168.5,5.44,0.0,0.0,0.2,0.0,0.0,0.0,2.0,2.2,79.0,0.0,0.0,5.3,2.5,0.0,0.0,56.0,0.0,0.0,0.0,0.0,0.0,0.0,0.0,1.0,0.2,6.8,4.5,0.0,0.0,0.2,8.6
Tauá,1994,4,90.0,3.0,0.0,0.0,14.6,0.0,0.0,7.0,4.0,0.0,0.0,0.0,2.0,0.0,0.0,0.0,4.5,10.1,16.2,14.0,2.9,1.0,0.1,0.0,0.0,0.0,0.0,0.0,4.9,0.0,0.0,8.7,0.0
Tauá,1994,5,51.2,1.65,0.0,0.0,1.8,0.0,1.4,0.0,0.0,0.0,1.0,2.3,0.0,0.0,0.0,0.0,23.8,1.0,12.7,2.6,0.0,0.0,0.0,0.2,1.3,0.1,0.0,0.0,0.0,3.0,0.0,0.0,0.0
Tauá,1994,6,63.6,2.12,0.0,0.0,0.0,2.1,8.6,16.2,2.2,0.0,0.0,0.0,0.0,0.0,0.0,0.0,0.0,0.0,0.0,1.8,0.0,0.1,0.5,0.0,0.0,1.6,0.0,0.9,0.9,0.0,28.7,0.0,0.0
Tauá,1994,7,0.0,0.0,0.0,0.0,0.0,0.0,0.0,0.0,0.0,0.0,0.0,0.0,0.0,0.0,0.0,0.0,0.0,0.0,0.0,0.0,0.0,0.0,0.0,0.0,0.0,0.0,0.0,0.0,0.0,0.0,0.0,0.0,0.0
Tauá,1994,8,0.0,0.0,0.0,0.0,0.0,0.0,0.0,0.0,0.0,0.0,0.0,0.0,0.0,0.0,0.0,0.0,0.0,0.0,0.0,0.0,0.0,0.0,0.0,0.0,0.0,0.0,0.0,0.0,0.0,0.0,0.0,0.0,0.0
Tauá,1994,9,8.2,0.27,0.0,0.0,0.0,0.0,0.0,0.0,0.0,0.0,0.0,0.0,0.0,0.0,0.0,0.0,0.0,8.2,0.0,0.0,0.0,0.0,0.0,0.0,0.0,0.0,0.0,0.0,0.0,0.0,0.0,0.0,0.0
Tauá,1994,10,0.0,0.0,0.0,0.0,0.0,0.0,0.0,0.0,0.0,0.0,0.0,0.0,0.0,0.0,0.0,0.0,0.0,0.0,0.0,0.0,0.0,0.0,0.0,0.0,0.0,0.0,0.0,0.0,0.0,0.0,0.0,0.0,0.0
Tauá,1994,11,0.0,0.0,0.0,0.0,0.0,0.0,0.0,0.0,0.0,0.0,0.0,0.0,0.0,0.0,0.0,0.0,0.0,0.0,0.0,0.0,0.0,0.0,0.0,0.0,0.0,0.0,0.0,0.0,0.0,0.0,0.0,0.0,0.0
Tauá,1994,12,154.4,4.98,0.0,0.0,0.0,0.0,0.0,0.0,0.0,0.0,0.0,0.0,0.0,0.0,0.0,0.0,0.0,0.0,0.0,0.0,0.0,0.0,0.0,0.0,0.0,0.0,0.0,2.4,14.0,56.0,4.8,0.0,77.2
Tauá,1995,1,82.5,2.66,0.0,0.0,1.4,0.0,61.6,0.0,0.0,0.0,0.0,0.0,0.0,0.0,0.4,0.0,0.0,0.0,0.0,0.0,0.0,0.0,0.0,0.0,0.0,0.0,0.0,0.0,0.0,0.0,0.0,19.1,0.0
Tauá,1995,2,160.1,5.72,0.0,2.7,6.8,0.0,1.5,11.0,0.0,0.0,20.0,22.0,8.0,0.0,0.0,0.0,0.8,21.0,7.9,10.3,11.0,10.0,1.1,0.0,0.0,0.0,26.0,0.0,0.0,0.0,0.0,0.0,0.0
Tauá,1995,3,124.0,4.0,12.7,1.2,0.0,0.0,0.0,0.0,0.0,0.0,0.1,0.0,0.0,0.0,0.0,0.0,0.0,28.0,0.0,0.0,7.0,0.0,15.0,19.0,0.0,0.0,30.0,10.0,0.0,1.0,0.0,0.0,0.0
Tauá,1995,4,208.6,6.95,0.0,33.0,10.0,0.0,0.0,16.4,33.5,12.5,0.0,10.2,9.0,10.0,9.8,3.8,19.7,19.4,1.0,1.8,2.0,10.8,0.2,0.0,1.8,0.0,0.0,0.0,0.8,2.9,0.0,0.0,0.0
Tauá,1995,5,34.3,1.11,2.3,5.7,3.2,0.6,0.0,0.0,0.0,0.0,0.0,0.0,0.0,0.0,0.0,0.0,0.5,4.5,0.0,0.0,3.6,0.1,0.0,3.6,0.0,1.8,0.7,1.0,0.0,0.6,6.0,0.1,0.0
Tauá,1995,6,10.0,0.33,0.0,0.0,0.0,0.2,0.0,0.0,0.0,0.0,0.0,0.0,0.0,9.0,0.0,0.2,0.0,0.0,0.0,0.0,0.0,0.0,0.0,0.0,0.0,0.0,0.0,0.0,0.6,0.0,0.0,0.0,0.0
Tauá,1995,7,8.0,0.26,0.0,1.2,0.0,0.0,0.0,0.0,0.0,0.0,0.0,0.2,0.0,0.0,0.0,0.0,0.0,0.0,5.0,0.0,0.0,0.0,0.0,0.0,0.3,1.0,0.3,0.0,0.0,0.0,0.0,0.0,0.0
Tauá,1995,8,0.0,0.0,0.0,0.0,0.0,0.0,0.0,0.0,0.0,0.0,0.0,0.0,0.0,0.0,0.0,0.0,0.0,0.0,0.0,0.0,0.0,0.0,0.0,0.0,0.0,0.0,0.0,0.0,0.0,0.0,0.0,0.0,0.0
Tauá,1995,9,0.0,0.0,0.0,0.0,0.0,0.0,0.0,0.0,0.0,0.0,0.0,0.0,0.0,0.0,0.0,0.0,0.0,0.0,0.0,0.0,0.0,0.0,0.0,0.0,0.0,0.0,0.0,0.0,0.0,0.0,0.0,0.0,0.0
Tauá,1995,10,23.6,0.76,0.0,0.0,0.0,0.0,0.0,0.0,0.0,0.0,0.0,0.0,0.0,0.0,0.0,0.0,0.0,0.0,0.0,0.0,0.0,0.0,0.0,0.0,0.0,0.0,0.0,0.0,0.0,0.0,0.0,0.0,23.6
Tauá,1995,11,77.7,2.59,0.0,0.0,0.0,0.0,0.0,0.0,0.0,0.0,0.0,0.0,0.0,0.0,0.0,0.0,0.0,0.0,0.0,0.0,0.0,0.0,0.0,0.0,0.0,77.7,0.0,0.0,0.0,0.0,0.0,0.0,0.0
Tauá,1995,12,2.4,0.08,0.0,0.0,0.0,0.0,0.0,0.0,0.0,0.0,0.0,0.0,0.0,0.0,0.0,0.0,0.0,0.0,0.0,0.0,0.0,0.0,0.0,0.0,0.0,0.0,0.0,0.0,0.0,0.0,0.0,2.4,0.0
Tauá,1996,1,53.7,1.73,0.0,0.0,0.0,0.0,2.7,12.0,3.0,2.0,0.0,0.0,0.0,0.0,0.0,4.7,1.6,0.2,25.4,0.0,0.0,2.1,0.0,0.0,0.0,0.0,0.0,0.0,0.0,0.0,0.0,0.0,0.0
Tauá,1996,2,52.0,1.79,12.0,3.1,0.0,2.5,0.0,2.0,0.0,0.0,0.0,0.0,0.0,0.0,0.0,8.0,0.0,0.0,0.0,0.0,0.4,3.4,1.0,0.0,2.4,0.2,1.3,14.0,0.0,0.0,1.7,0.0,0.0
Tauá,1996,3,134.1,4.33,0.0,0.4,4.1,0.0,0.4,0.0,22.0,0.0,0.0,0.0,7.2,39.4,0.0,0.0,0.0,2.4,0.0,0.0,3.0,0.0,2.2,1.4,0.0,39.3,0.0,0.0,11.8,0.5,0.0,0.0,0.0
Tauá,1996,4,199.1,6.64,0.0,0.1,1.6,0.0,5.0,0.0,13.5,0.9,0.0,0.0,16.4,0.0,0.0,0.0,23.5,0.0,2.8,0.0,0.0,3.1,60.1,0.5,18.0,5.2,9.1,13.1,12.2,6.4,0.0,7.6,0.0
Tauá,1996,5,46.9,1.51,0.2,0.0,0.0,14.6,14.8,0.8,0.7,0.0,0.0,0.0,0.0,0.0,0.0,0.0,0.0,0.0,0.0,0.0,0.0,0.0,0.0,0.0,0.0,0.0,0.0,0.0,0.0,0.0,0.0,0.2,15.6
Tauá,1996,6,1.4,0.05,0.0,0.0,0.0,0.0,0.0,0.0,0.0,0.0,0.0,0.0,0.0,0.0,0.0,0.0,0.0,0.0,0.0,0.0,0.0,0.0,0.0,0.0,0.0,0.0,0.0,0.0,0.8,0.6,0.0,0.0,0.0
Tauá,1996,7,0.0,0.0,0.0,0.0,0.0,0.0,0.0,0.0,0.0,0.0,0.0,0.0,0.0,0.0,0.0,0.0,0.0,0.0,0.0,0.0,0.0,0.0,0.0,0.0,0.0,0.0,0.0,0.0,0.0,0.0,0.0,0.0,0.0
Tauá,1996,8,0.0,0.0,0.0,0.0,0.0,0.0,0.0,0.0,0.0,0.0,0.0,0.0,0.0,0.0,0.0,0.0,0.0,0.0,0.0,0.0,0.0,0.0,0.0,0.0,0.0,0.0,0.0,0.0,0.0,0.0,0.0,0.0,0.0
Tauá,1996,9,1.3,0.04,0.0,0.0,0.0,0.0,0.0,0.0,0.0,0.0,0.0,1.3,0.0,0.0,0.0,0.0,0.0,0.0,0.0,0.0,0.0,0.0,0.0,0.0,0.0,0.0,0.0,0.0,0.0,0.0,0.0,0.0,0.0
Tauá,1996,10,0.0,0.0,0.0,0.0,0.0,0.0,0.0,0.0,0.0,0.0,0.0,0.0,0.0,0.0,0.0,0.0,0.0,0.0,0.0,0.0,0.0,0.0,0.0,0.0,0.0,0.0,0.0,0.0,0.0,0.0,0.0,0.0,0.0
Tauá,1996,11,0.0,0.0,0.0,0.0,0.0,0.0,0.0,0.0,0.0,0.0,0.0,0.0,0.0,0.0,0.0,0.0,0.0,0.0,0.0,0.0,0.0,0.0,0.0,0.0,0.0,0.0,0.0,0.0,0.0,0.0,0.0,0.0,0.0
Tauá,1996,12,0.0,0.0,0.0,0.0,0.0,0.0,0.0,0.0,0.0,0.0,0.0,0.0,0.0,0.0,0.0,0.0,0.0,0.0,0.0,0.0,0.0,0.0,0.0,0.0,0.0,0.0,0.0,0.0,0.0,0.0,0.0,0.0,0.0
Tauá,1997,1,161.2,5.2,0.0,0.0,3.0,0.0,0.0,0.0,3.0,0.0,0.0,7.0,0.0,0.0,0.0,3.7,0.0,0.0,0.0,0.0,0.0,0.0,0.0,10.2,0.0,89.6,12.0,32.3,0.4,0.0,0.0,0.0,0.0
Tauá,1997,2,45.7,1.63,0.0,0.0,7.8,0.0,0.7,1.3,0.0,1.1,3.5,4.5,2.2,0.0,3.0,0.1,0.8,0.0,0.0,0.0,0.0,0.0,0.0,10.7,10.0,0.0,0.0,0.0,0.0,0.0,0.0,0.0,0.0
Tauá,1997,3,144.8,4.67,0.0,0.0,0.0,2.0,6.2,0.0,0.0,0.0,0.0,16.0,0.0,0.0,0.0,5.3,0.0,0.0,0.0,0.0,0.0,0.0,1.0,0.0,0.0,11.9,80.0,0.6,3.5,16.0,2.3,0.0,0.0
Tauá,1997,4,138.3,4.61,4.7,4.7,0.0,0.0,0.2,0.0,0.5,0.0,0.0,14.2,0.0,0.0,0.0,35.0,0.0,25.6,0.0,0.0,0.0,2.6,0.0,0.0,0.0,1.0,0.0,0.0,37.8,0.0,11.2,0.8,0.0
Tauá,1997,5,59.4,1.92,0.3,4.4,8.6,3.5,3.1,0.0,0.0,5.2,0.0,0.0,0.0,0.0,0.0,0.0,0.0,0.0,0.0,3.0,0.0,12.5,0.0,0.0,0.0,18.8,0.0,0.0,0.0,0.0,0.0,0.0,0.0
Tauá,1997,6,0.0,0.0,0.0,0.0,0.0,0.0,0.0,0.0,0.0,0.0,0.0,0.0,0.0,0.0,0.0,0.0,0.0,0.0,0.0,0.0,0.0,0.0,0.0,0.0,0.0,0.0,0.0,0.0,0.0,0.0,0.0,0.0,0.0
Tauá,1997,7,0.0,0.0,0.0,0.0,0.0,0.0,0.0,0.0,0.0,0.0,0.0,0.0,0.0,0.0,0.0,0.0,0.0,0.0,0.0,0.0,0.0,0.0,0.0,0.0,0.0,0.0,0.0,0.0,0.0,0.0,0.0,0.0,0.0
Tauá,1997,8,0.0,0.0,0.0,0.0,0.0,0.0,0.0,0.0,0.0,0.0,0.0,0.0,0.0,0.0,0.0,0.0,0.0,0.0,0.0,0.0,0.0,0.0,0.0,0.0,0.0,0.0,0.0,0.0,0.0,0.0,0.0,0.0,0.0
Tauá,1997,9,0.0,0.0,0.0,0.0,0.0,0.0,0.0,0.0,0.0,0.0,0.0,0.0,0.0,0.0,0.0,0.0,0.0,0.0,0.0,0.0,0.0,0.0,0.0,0.0,0.0,0.0,0.0,0.0,0.0,0.0,0.0,0.0,0.0
Tauá,1997,10,0.0,0.0,0.0,0.0,0.0,0.0,0.0,0.0,0.0,0.0,0.0,0.0,0.0,0.0,0.0,0.0,0.0,0.0,0.0,0.0,0.0,0.0,0.0,0.0,0.0,0.0,0.0,0.0,0.0,0.0,0.0,0.0,0.0
Tauá,1997,11,0.0,0.0,0.0,0.0,0.0,0.0,0.0,0.0,0.0,0.0,0.0,0.0,0.0,0.0,0.0,0.0,0.0,0.0,0.0,0.0,0.0,0.0,0.0,0.0,0.0,0.0,0.0,0.0,0.0,0.0,0.0,0.0,0.0
Tauá,1997,12,18.0,0.58,0.0,0.0,0.0,0.0,0.0,0.0,0.0,0.0,0.0,0.0,0.0,0.0,0.0,0.0,0.0,0.0,0.0,0.0,0.0,0.0,0.0,18.0,0.0,0.0,0.0,0.0,0.0,0.0,0.0,0.0,0.0
Tauá,1998,1,86.1,2.78,0.0,0.0,0.1,0.0,0.0,0.0,0.0,0.0,0.0,0.0,21.0,0.4,1.0,4.0,1.0,0.0,0.0,0.0,0.0,6.4,3.7,8.0,0.0,0.0,0.0,0.0,4.1,17.2,0.0,0.0,19.2
Tauá,1998,2,0.0,0.0,0.0,0.0,0.0,0.0,0.0,0.0,0.0,0.0,0.0,0.0,0.0,0.0,0.0,0.0,0.0,0.0,0.0,0.0,0.0,0.0,0.0,0.0,0.0,0.0,0.0,0.0,0.0,0.0,0.0,0.0,0.0
Tauá,1998,3,141.4,4.56,0.0,0.0,0.0,0.0,0.0,0.0,0.0,0.0,0.0,15.9,0.2,0.0,0.0,6.4,0.0,0.0,4.4,18.4,0.0,0.0,62.3,0.0,2.8,3.8,27.2,0.0,0.0,0.0,0.0,0.0,0.0
Tauá,1998,4,56.52499999999999,1.88125,0.0,20.09375,18.1125,14.775,1.6,0.0,0.0,0.0,0.0,0.0,0.0,0.0,0.0,0.0,0.0,0.0,0.0,0.0,0.0,0.0,0.0,0.0,0.0,0.0,0.0,0.0,0.0,4.0,0.0,4.2,0.0
Tauá,1998,5,7.4,0.24,0.0,0.0,0.0,0.0,0.0,0.0,0.0,0.0,0.0,7.4,0.0,0.0,0.0,0.0,0.0,0.0,0.0,0.0,0.0,0.0,0.0,0.0,0.0,0.0,0.0,0.0,0.0,0.0,0.0,0.0,0.0
Tauá,1998,6,0.0,0.0,0.0,0.0,0.0,0.0,0.0,0.0,0.0,0.0,0.0,0.0,0.0,0.0,0.0,0.0,0.0,0.0,0.0,0.0,0.0,0.0,0.0,0.0,0.0,0.0,0.0,0.0,0.0,0.0,0.0,0.0,0.0
Tauá,1998,7,0.0,0.0,0.0,0.0,0.0,0.0,0.0,0.0,0.0,0.0,0.0,0.0,0.0,0.0,0.0,0.0,0.0,0.0,0.0,0.0,0.0,0.0,0.0,0.0,0.0,0.0,0.0,0.0,0.0,0.0,0.0,0.0,0.0
Tauá,1998,8,0.0,0.0,0.0,0.0,0.0,0.0,0.0,0.0,0.0,0.0,0.0,0.0,0.0,0.0,0.0,0.0,0.0,0.0,0.0,0.0,0.0,0.0,0.0,0.0,0.0,0.0,0.0,0.0,0.0,0.0,0.0,0.0,0.0
Tauá,1998,9,0.0,0.0,0.0,0.0,0.0,0.0,0.0,0.0,0.0,0.0,0.0,0.0,0.0,0.0,0.0,0.0,0.0,0.0,0.0,0.0,0.0,0.0,0.0,0.0,0.0,0.0,0.0,0.0,0.0,0.0,0.0,0.0,0.0
Tauá,1998,10,0.0,0.0,0.0,0.0,0.0,0.0,0.0,0.0,0.0,0.0,0.0,0.0,0.0,0.0,0.0,0.0,0.0,0.0,0.0,0.0,0.0,0.0,0.0,0.0,0.0,0.0,0.0,0.0,0.0,0.0,0.0,0.0,0.0
Tauá,1998,11,0.0,0.0,0.0,0.0,0.0,0.0,0.0,0.0,0.0,0.0,0.0,0.0,0.0,0.0,0.0,0.0,0.0,0.0,0.0,0.0,0.0,0.0,0.0,0.0,0.0,0.0,0.0,0.0,0.0,0.0,0.0,0.0,0.0
Tauá,1998,12,0.0,0.0,0.0,0.0,0.0,0.0,0.0,0.0,0.0,0.0,0.0,0.0,0.0,0.0,0.0,0.0,0.0,0.0,0.0,0.0,0.0,0.0,0.0,0.0,0.0,0.0,0.0,0.0,0.0,0.0,0.0,0.0,0.0
Tauá,1999,1,82.39609374999998,2.659921875,30.0,0.0,0.0,0.0,0.0,0.0,0.0,30.9125,2.475,6.875,36.08125,0.0,0.0,0.0,0.0,0.0,0.0,0.0,2.0,12.603125,7.3000000000000025,2.825,4.2,0.0,0.0,1.0,0.0,0.0,0.0,16.0,7.6
Tauá,1999,2,76.9390625,2.746015625,5.8000000000000025,0.0,0.0,11.75,2.1875,4.0875,0.0,0.1,0.0,10.3,4.2,12.1,10.503125,8.05,0.0,0.0,10.0,11.19375,8.325,16.05,20.3,0.0,29.703125,2.625,1.45,0.0,7.4125,0.8,0.0,0.0,0.0
Tauá,1999,3,128.95937500000002,4.16171875,7.0,0.0,0.0,7.0,6.7843750000000025,7.475,0.0,26.0,11.54375,10.05,4.0,21.575,28.3078125,7.9625,1.875,1.4500000000000002,13.8125,8.225,11.75390625,4.5625,20.75,6.21875,7.6375,16.7,42.0,12.25,9.075,22.275,2.9375,3.45,3.6
Tauá,1999,4,61.75703125,2.057265625,6.1,2.0,5.75,8.4,12.05,7.8625,3.1,6.9,2.95,0.0,11.2,13.8,33.696875,19.7125,5.3,0.0,0.0,0.0,0.0,0.0,0.0,6.0,0.0,7.0125,1.4,9.0,10.75,0.0,0.0,7.825,0.0
Tauá,1999,5,120.2015625,3.87609375,6.5,12.1,2.5,7.0375,1.9,6.05625,49.81875,0.2,6.25,11.953125,14.825,8.6875,44.6,32.0,19.45,6.65,1.0,14.5,0.0,0.0,0.0,0.0,4.1,0.0,0.0,0.0,0.0,0.0,0.0,0.0,0.0
Tauá,1999,6,8.4,0.28,0.0,0.0,0.0,0.0,0.0,0.0,0.0,0.0,0.0,0.0,8.4,0.0,0.0,0.0,0.0,0.0,0.0,0.0,0.0,0.0,0.0,0.0,0.0,0.0,0.0,0.0,0.0,0.0,0.0,0.0,0.0
Tauá,1999,7,0.0,0.0,0.0,0.0,0.0,0.0,0.0,0.0,0.0,0.0,0.0,0.0,0.0,0.0,0.0,0.0,0.0,0.0,0.0,0.0,0.0,0.0,0.0,0.0,0.0,0.0,0.0,0.0,0.0,0.0,0.0,0.0,0.0
Tauá,1999,8,0.0,0.0,0.0,0.0,0.0,0.0,0.0,0.0,0.0,0.0,0.0,0.0,0.0,0.0,0.0,0.0,0.0,0.0,0.0,0.0,0.0,0.0,0.0,0.0,0.0,0.0,0.0,0.0,0.0,0.0,0.0,0.0,0.0
Tauá,1999,9,0.0,0.0,0.0,0.0,0.0,0.0,0.0,0.0,0.0,0.0,0.0,0.0,0.0,0.0,0.0,0.0,0.0,0.0,0.0,0.0,0.0,0.0,0.0,0.0,0.0,0.0,0.0,0.0,0.0,0.0,0.0,0.0,0.0
Tauá,1999,10,0.0,0.0,0.0,0.0,0.0,0.0,0.0,0.0,0.0,0.0,0.0,0.0,0.0,0.0,0.0,0.0,0.0,0.0,0.0,0.0,0.0,0.0,0.0,0.0,0.0,0.0,0.0,0.0,0.0,0.0,0.0,0.0,0.0
Tauá,1999,11,30.0,1.0,0.0,0.0,0.0,0.0,0.0,0.0,0.0,0.0,0.0,0.0,0.0,0.0,0.0,0.0,0.0,0.0,0.0,0.0,0.0,0.0,0.0,0.0,0.0,0.0,30.0,0.0,0.0,0.0,0.0,0.0,0.0
Tauá,1999,12,96.90546875,3.125703125,0.0,0.0,0.0,0.0,0.0,0.0,0.0,0.0,0.0,0.0,0.0,0.0,0.0,0.0,0.0,0.0,0.0,0.0,0.0,22.75,42.4875,4.5,30.584375,6.0,2.4,35.0,34.5,31.875,17.95,13.3,0.0
Tauá,2000,1,50.97890625,1.6421875,20.0,0.0,0.0,7.0,18.0,22.0375,17.95,39.6,26.375,16.85,0.0,0.0,10.2,0.0,7.775,2.95,1.1,0.0,0.0,20.0,0.0,13.8,5.3,4.9,0.0,0.0,0.0,0.0,0.0,0.0,0.0
Tauá,2000,2,89.996875,3.104921875,0.0,0.0,0.0,0.0,0.0,0.0,0.0,7.0,9.153125,0.0,0.0,0.0,3.0,16.975,4.25,0.6,16.4,10.225,20.675,15.825,20.3,11.05,3.15,19.025,12.025,8.0,11.1,8.712500000000002,20.0,0.0,0.0
Tauá,2000,3,92.75546875,2.9926562500000005,0.0,0.8,0.0,14.2,0.0,36.9,12.0,28.0,0.0,5.0,11.45,0.0,44.6,34.35,11.3,20.55,0.0,3.0,11.275,15.125,5.875,8.0,15.15,4.9,11.35,8.0,20.5359375,14.73125,13.4,22.625,14.0
Tauá,2000,4,95.1890625,3.17328125,9.6125,0.0,8.2,6.0,0.0,8.5,32.1,7.0,8.175,11.1,7.29375,2.5,23.37187500000001,27.48671875,3.7,20.36875,10.33125,13.8,5.1,2.95,10.15,16.2,30.0,0.0,0.0,27.2,0.0,0.0,0.0,0.0,0.0
Tauá,2000,5,28.96875,0.9359375,0.0,0.0,0.0,2.0,0.0,0.0,0.0,11.35625,5.3375,0.0,0.0,0.0,0.0,0.0,0.0,0.0,0.0,14.3,6.0,0.0,0.0,0.0,11.5,0.0,0.0,0.0,0.0,0.0,0.0,0.4,20.428125
Tauá,2000,6,32.9,1.095,0.0,0.0,0.0,0.0,0.0,0.0,0.0,0.0,0.0,0.0,0.0,20.0,0.0,0.0,0.0,8.45,0.0,0.0,0.0,10.8,0.0,0.0,8.0,0.0,0.0,0.0,0.0,0.0,0.0,0.0,0.0
Tauá,2000,7,23.24375,0.746875,9.1,15.487500000000002,0.0,0.0,0.0,0.0,0.0,0.0,0.0,0.0,14.875,7.2,0.0,0.0,0.0,0.0,0.0,0.0,0.0,0.0,5.0,0.0,0.0,0.0,0.0,0.0,0.0,0.0,0.0,0.0,0.0
Tauá,2000,8,13.35,0.43,0.0,0.9,0.0,0.0,0.0,0.0,0.3,0.0,10.95,3.6,0.0,0.0,0.0,0.0,0.0,0.0,0.0,0.0,0.0,0.0,0.0,0.0,0.0,0.0,0.0,0.0,0.0,0.0,0.0,0.0,0.0
Tauá,2000,9,7.8,0.26,0.0,0.0,0.0,0.0,0.0,0.0,0.0,0.0,0.4,0.1,0.0,0.0,0.0,0.0,2.6,0.0,0.0,4.7,0.0,0.0,0.0,0.0,0.0,0.0,0.0,0.0,0.0,0.0,0.0,0.0,0.0
Tauá,2000,10,14.0,0.45,0.0,0.0,0.0,0.0,0.0,0.0,0.0,0.0,0.0,0.0,0.0,0.0,0.0,0.0,14.0,0.0,0.0,0.0,0.0,0.0,0.0,0.0,0.0,0.0,0.0,0.0,0.0,0.0,0.0,0.0,0.0
Tauá,2000,11,7.6999999999999975,0.2575,0.0,0.0,0.0,0.0,0.0,22.0,0.0,0.0,8.4,0.0,0.0,0.0,0.0,0.0,0.0,0.0,0.0,0.0,0.0,0.0,0.0,0.0,0.0,0.0,0.0,0.2,0.0,0.0,0.0,0.0,0.0
Tauá,2000,12,43.6125,1.455,0.0,0.0,0.0,0.0,0.0,22.4,0.0,0.0,0.0,0.0,0.0,0.0,10.6,8.825,16.975,18.1625,9.25,0.0,0.0,32.0,0.0,4.5,0.0,0.0,0.0,0.0,12.0,0.0,0.0,16.0,0.0
Tauá,2001,1,21.0203125,0.67890625,0.0,0.0,7.8,27.2,0.0,0.0,0.0,4.4,0.0,0.0,0.0,3.725,22.165625,11.4625,0.0,0.0,0.0,0.0,0.0,0.0,0.0,0.0,0.0,0.0,0.0,0.0,0.0,0.0,0.0,0.0,4.0
Tauá,2001,2,50.3296875,1.79896484375,0.5,3.1,10.775,16.575000000000006,10.0,0.0,0.0,0.0,19.1,0.7,0.0,11.0,15.4625,17.489453125,0.0,6.55,7.2,0.0,0.0,8.2,0.0,0.1,0.0,0.0,6.1,12.0,20.6,38.6,0.0,0.0,0.0
Tauá,2001,3,76.2431640625,2.4578125,37.1796875,6.2,0.0,0.0,0.0,0.0,0.0,0.0,0.0,0.0,14.5125,11.4625,16.15,20.8109375,31.8875,0.2,0.0,0.0,0.0,0.0,10.7,6.3,3.0,0.0,0.0,10.2,2.3,0.0,2.5,9.975,0.0
Tauá,2001,4,79.58320312500003,2.65388671875,14.5,0.0,2.275,0.0,0.0,6.5,0.7,0.0,0.0,0.0,16.75,7.675,31.0625,8.83125,0.9,4.1,12.5125,16.525,36.09375,7.1999999999999975,17.2,0.8,0.0,0.0,2.1,0.0,0.0,19.80625,8.25,8.8,0.0
Tauá,2001,5,6.725,0.215,0.0,0.0,0.0,0.0,0.0,5.7,0.0,0.0,0.0,6.2,0.0,0.0,0.0,0.0,0.0,0.0,0.0,0.0,0.0,0.0,13.0,0.0,0.0,1.0,0.0,0.0,0.0,0.0,0.0,0.0,0.0
Tauá,2001,6,54.80625,1.827578125,15.08125,3.5,6.0,12.86875,15.0,0.0,0.0,0.0,0.0,0.0,0.0,0.0,0.0,0.0,0.0,0.0,0.0,0.0,0.0,0.0,0.0,0.0,2.0,0.0,0.0,0.0,8.8,50.575,0.0,0.0,0.0
Tauá,2001,7,9.85,0.32,0.0,0.0,0.0,12.3,0.0,0.0,0.0,0.0,0.0,0.0,0.0,0.0,0.0,0.0,0.0,0.0,0.0,0.0,2.4,3.0,0.0,0.0,2.0,0.0,0.0,0.0,0.0,0.0,0.0,0.0,0.0
Tauá,2001,8,0.0,0.0,0.0,0.0,0.0,0.0,0.0,0.0,0.0,0.0,0.0,0.0,0.0,0.0,0.0,0.0,0.0,0.0,0.0,0.0,0.0,0.0,0.0,0.0,0.0,0.0,0.0,0.0,0.0,0.0,0.0,0.0,0.0
Tauá,2001,9,18.0,0.6,0.0,0.0,0.0,0.0,0.0,0.0,0.0,0.0,0.0,0.0,0.0,0.0,0.0,0.0,0.0,0.0,0.0,0.0,18.0,0.0,0.0,0.0,0.0,0.0,0.0,0.0,0.0,0.0,0.0,0.0,0.0
Tauá,2001,10,11.5,0.37,0.0,0.0,0.0,0.0,0.0,0.0,0.0,0.0,0.0,10.0,0.0,0.0,15.5,0.0,0.0,0.0,0.0,0.0,0.0,0.0,0.0,0.0,0.0,0.0,0.0,0.0,0.0,0.0,0.0,0.0,0.0
Tauá,2001,11,0.0,0.0,0.0,0.0,0.0,0.0,0.0,0.0,0.0,0.0,0.0,0.0,0.0,0.0,0.0,0.0,0.0,0.0,0.0,0.0,0.0,0.0,0.0,0.0,0.0,0.0,0.0,0.0,0.0,0.0,0.0,0.0,0.0
Tauá,2001,12,17.05,0.55,0.0,0.0,0.0,0.0,0.0,0.0,0.0,0.0,10.0,0.0,7.1,0.0,0.0,0.0,0.0,0.0,0.0,0.0,0.0,0.0,0.0,0.0,0.0,0.0,0.0,0.0,0.0,0.0,16.0,15.0,13.0
Tauá,2002,1,203.533203125,6.621640625,27.925,28.11875,5.85,0.0,0.0,10.2,24.6,28.5625,18.671875,18.2,22.3,9.715625,10.6375,3.55,34.1,9.190625,46.103125,29.3140625,8.96875,1.0,12.0,17.49375,0.0,0.0,0.0,0.0,22.7875,9.0,7.2,2.0,0.0
Tauá,2002,2,36.3421875,1.298671875,1.2,0.0,5.0,6.2,0.0,5.0,0.0,0.0,10.0,12.41875,18.2,3.4,10.0,15.2,23.425,0.0,0.0,0.0,0.0,0.0,0.0,0.0,0.0,0.0,0.0,0.0,0.0,0.0,0.0,0.0,0.0
Tauá,2002,3,85.9736328125,2.77220703125,0.0,0.0,17.5,16.70625,13.890625,18.6875,21.796875,17.643750000000004,16.0,22.5,12.175,22.0,0.0,23.5,22.0,0.0,0.0,8.475,5.8249999999999975,0.4,5.6,0.0,0.0,9.4,0.0,2.8,2.5,14.0,12.75,0.0,0.0
Tauá,2002,4,62.03505859375,2.0709765625000003,0.0,3.075,9.1,8.684375,4.6,6.0,12.075,10.921875,5.0,6.91875,15.575,21.359375,19.425,15.934375,18.025,14.725,0.0,0.0,10.6,0.0,0.0,0.0,0.0,0.0,0.0,0.0,0.0,0.0,0.0,0.0,0.0
Tauá,2002,5,23.48125,0.7572851562499999,6.7109375,12.178125,9.0,12.0,23.0,0.0,4.2,3.5,0.0,0.0,0.0,0.0,0.0,0.0,0.0,1.0,0.0,0.0,0.0,0.0,0.0,0.0,0.0,4.0,0.0,0.0,0.0,0.0,0.0,0.0,22.2
Tauá,2002,6,39.13125,1.3050000000000002,5.975,5.0,0.0,17.0,0.0,10.0,25.65,15.9,1.6,0.0,0.0,0.0,6.0,0.0,0.0,1.4,0.0,0.0,0.0,0.0,0.0,0.0,0.0,0.0,0.0,0.0,0.0,0.0,0.0,0.0,0.0
Tauá,2002,7,0.0,0.0,0.0,0.0,0.0,0.0,0.0,0.0,0.0,0.0,0.0,0.0,0.0,0.0,0.0,0.0,0.0,0.0,0.0,0.0,0.0,0.0,0.0,0.0,0.0,0.0,0.0,0.0,0.0,0.0,0.0,0.0,0.0
Tauá,2002,8,0.0,0.0,0.0,0.0,0.0,0.0,0.0,0.0,0.0,0.0,0.0,0.0,0.0,0.0,0.0,0.0,0.0,0.0,0.0,0.0,0.0,0.0,0.0,0.0,0.0,0.0,0.0,0.0,0.0,0.0,0.0,0.0,0.0
Tauá,2002,9,0.0,0.0,0.0,0.0,0.0,0.0,0.0,0.0,0.0,0.0,0.0,0.0,0.0,0.0,0.0,0.0,0.0,0.0,0.0,0.0,0.0,0.0,0.0,0.0,0.0,0.0,0.0,0.0,0.0,0.0,0.0,0.0,0.0
Tauá,2002,10,0.0,0.0,0.0,0.0,0.0,0.0,0.0,0.0,0.0,0.0,0.0,0.0,0.0,0.0,0.0,0.0,0.0,0.0,0.0,0.0,0.0,0.0,0.0,0.0,0.0,0.0,0.0,0.0,0.0,0.0,0.0,0.0,0.0
Tauá,2002,11,0.0,0.0,0.0,0.0,0.0,0.0,0.0,0.0,0.0,0.0,0.0,0.0,0.0,0.0,0.0,0.0,0.0,0.0,0.0,0.0,0.0,0.0,0.0,0.0,0.0,0.0,0.0,0.0,0.0,0.0,0.0,0.0,0.0
Tauá,2002,12,20.55,0.665,0.0,0.0,0.0,0.0,0.0,0.0,0.0,9.8,10.2,52.0,0.0,0.0,0.0,0.0,0.0,0.0,0.0,0.0,0.0,0.0,0.0,0.0,0.0,0.0,0.0,0.0,0.0,0.0,0.0,0.0,0.0
Tauá,2003,1,56.11298828125,1.8112841796875,0.0,7.5,0.0,0.0,13.5,0.0,0.0,0.0,0.2,0.1,0.0,35.7,0.0,0.0,0.0,0.0,0.0,10.0,40.05,48.8375,7.7,13.35,6.7,0.2,0.0,0.0,0.0,4.05,0.0,0.0,4.8125
Tauá,2003,2,87.11005859375,13.325151367187502,16.0,1.4,15.0,11.45,9.1125,1.2,0.0,12.0,0.0,0.0,5.112500000000002,8.725,9.084375,20.0,4.1,5.65,3.2,23.475,5.36875,4.9,31.440625,12.8125,0.0,35.83203125,39.87167968750001,37.60078125,16.125,19.2125,0.0,0.0,0.0
Tauá,2003,3,181.74130859375,5.8642431640625015,7.0,35.0,9.6875,7.64375,14.9453125,26.2,0.0,10.05,0.0,0.0,0.0,0.0,0.0,0.0,16.8875,10.21015625,22.6046875,9.025,30.9125,10.740625,51.8859375,14.90625,9.307812499999997,25.12890625,31.52500000000001,39.0703125,1.2,0.0,10.775,16.349999999999998,12.334375
Tauá,2003,4,47.497802734375,1.5837158203125,15.93125,16.0,6.2,5.0,11.05,14.2,1.0,0.0,4.0,5.8375,0.0,0.0,7.25,1.0,6.5,6.0,0.0,0.0,7.0,0.7,12.95,18.2515625,6.0,0.0,10.0,9.0,3.709375,14.4625,3.35,2.0,0.0
Tauá,2003,5,28.78701171875,0.9288330078125,0.0,12.325,11.275,27.8,20.967578125,14.65,0.0,0.0,0.0,0.0,0.0,0.0,0.0,0.0,0.0,0.4,0.0,0.0,6.390625,0.0,0.0,0.0,0.0,0.0,0.0,0.0,0.0,0.0,0.0,3.35,0.0
Tauá,2003,6,46.4451171875,1.5481640625000002,6.8,7.3,0.0,12.028125,29.0,13.625,0.0,0.0,0.0,0.0,5.3,2.8,0.0,0.0,20.2875,44.24375,15.0,0.0,0.0,0.0,10.0,0.0,0.0,0.0,0.0,0.0,0.0,0.0,0.0,0.0,0.0
Tauá,2003,7,0.0,0.0,0.0,0.0,0.0,0.0,0.0,0.0,0.0,0.0,0.0,0.0,0.0,0.0,0.0,0.0,0.0,0.0,0.0,0.0,0.0,0.0,0.0,0.0,0.0,0.0,0.0,0.0,0.0,0.0,0.0,0.0,0.0
Tauá,2003,8,0.0,0.0,0.0,0.0,0.0,0.0,0.0,0.0,0.0,0.0,0.0,0.0,0.0,0.0,0.0,0.0,0.0,0.0,0.0,0.0,0.0,0.0,0.0,0.0,0.0,0.0,0.0,0.0,0.0,0.0,0.0,0.0,0.0
Tauá,2003,9,0.0,0.0,0.0,0.0,0.0,0.0,0.0,0.0,0.0,0.0,0.0,0.0,0.0,0.0,0.0,0.0,0.0,0.0,0.0,0.0,0.0,0.0,0.0,0.0,0.0,0.0,0.0,0.0,0.0,0.0,0.0,0.0,0.0
Tauá,2003,10,0.0,0.0,0.0,0.0,0.0,0.0,0.0,0.0,0.0,0.0,0.0,0.0,0.0,0.0,0.0,0.0,0.0,0.0,0.0,0.0,0.0,0.0,0.0,0.0,0.0,0.0,0.0,0.0,0.0,0.0,0.0,0.0,0.0
Tauá,2003,11,29.0,0.97,0.0,0.0,0.0,0.0,0.0,29.0,0.0,0.0,0.0,0.0,0.0,0.0,0.0,0.0,0.0,0.0,0.0,0.0,0.0,0.0,0.0,0.0,0.0,0.0,0.0,0.0,0.0,0.0,0.0,0.0,0.0
Tauá,2003,12,9.9375,0.32,0.0,0.0,0.0,0.0,0.0,0.0,0.0,0.0,0.0,0.0,0.0,0.0,0.0,0.0,0.0,20.4,0.0,0.0,0.0,0.0,0.0,0.0,7.0,0.0,0.0,0.0,0.0,12.0,6.0,4.1,0.0
Tauá,2004,1,394.473046875,12.72336669921875,0.0,0.0,0.0,0.0,3.0,0.0,0.0,0.0,3.0,25.0,31.25,46.04521484375,36.6,7.1671875,8.031249999999998,20.85,15.255078125,22.919921875,22.89375,42.12822265625,17.9125,12.612109375,9.2814453125,15.549780273437502,31.11845703125,20.172900390625,23.1852294921875,31.57021484375,13.030859375,24.79375,30.874609375
Tauá,2004,2,71.234765625,2.4562890625,0.0,10.0,5.5625,6.73125,9.11640625,22.78125,4.675,4.25,7.6999999999999975,7.6,0.0,0.0,0.0,0.0,25.3,17.9400390625,4.901562500000002,0.0,0.0,0.0,5.3,3.4,0.0,0.0,11.5,9.025,31.1125,14.375,16.7375,0.0,0.0
Tauá,2004,3,59.8875,1.93298828125,1.1,0.0,12.875,2.2,0.0,0.0,35.8390625,28.05,0.9,0.0,5.1,0.0,10.0,0.0,0.0,23.1,13.16640625,7.0500000000000025,0.0,0.0,3.2,3.0,0.0,0.0,0.0,8.6,14.5,0.0,0.0,0.0,0.0
Tauá,2004,4,37.77734375,1.260703125,0.0,0.0,0.0,5.3,4.05,27.0,23.86406250000001,4.6,14.5,0.0,0.0,0.0,0.0,0.0,0.0,2.0,0.0,0.0,0.0,0.6,0.0,1.6,32.0,0.0,0.0,16.45,6.025,12.6,0.0,0.0,0.0
Tauá,2004,5,26.884375,0.8687109375,0.0,18.0,0.0,0.0,60.1,0.0,5.0,0.0,2.55,15.4,8.1875,0.0,0.0,0.0,0.0,0.0,39.2,14.4,0.0,8.2625,10.0,0.0,30.0,0.0,0.0,0.0,0.0,0.0,5.65,0.0,3.0
Tauá,2004,6,19.4328125,0.6487499999999999,4.3875,23.0,0.0,17.2,4.0,0.0,0.0,0.0,2.4,0.0,5.0,0.0,0.0,2.6,3.55,2.8,6.4,13.1,5.0,6.0,7.8,3.2,2.4,0.0,0.0,0.0,0.0,0.0,0.0,0.0,0.0
Tauá,2004,7,14.625,0.47,0.0,0.0,9.3,8.5,0.0,0.0,14.5,0.0,0.0,0.0,0.0,0.0,0.0,0.0,0.0,4.800000000000002,0.0,0.0,0.0,0.0,0.0,0.0,0.0,0.0,0.0,0.0,0.0,0.0,0.0,0.0,0.0
Tauá,2004,8,0.0,0.0,0.0,0.0,0.0,0.0,0.0,0.0,0.0,0.0,0.0,0.0,0.0,0.0,0.0,0.0,0.0,0.0,0.0,0.0,0.0,0.0,0.0,0.0,0.0,0.0,0.0,0.0,0.0,0.0,0.0,0.0,0.0
Tauá,2004,9,0.0,0.0,0.0,0.0,0.0,0.0,0.0,0.0,0.0,0.0,0.0,0.0,0.0,0.0,0.0,0.0,0.0,0.0,0.0,0.0,0.0,0.0,0.0,0.0,0.0,0.0,0.0,0.0,0.0,0.0,0.0,0.0,0.0
Tauá,2004,10,0.0,0.0,0.0,0.0,0.0,0.0,0.0,0.0,0.0,0.0,0.0,0.0,0.0,0.0,0.0,0.0,0.0,0.0,0.0,0.0,0.0,0.0,0.0,0.0,0.0,0.0,0.0,0.0,0.0,0.0,0.0,0.0,0.0
Tauá,2004,11,0.0,0.0,0.0,0.0,0.0,0.0,0.0,0.0,0.0,0.0,0.0,0.0,0.0,0.0,0.0,0.0,0.0,0.0,0.0,0.0,0.0,0.0,0.0,0.0,0.0,0.0,0.0,0.0,0.0,0.0,0.0,0.0,0.0
Tauá,2004,12,7.5,0.24,0.0,0.0,0.0,0.0,0.0,0.0,0.0,0.0,0.0,0.0,0.0,0.0,0.0,0.0,0.0,0.0,0.0,0.0,0.0,0.0,0.0,0.0,0.0,0.0,0.0,0.0,0.0,0.0,10.0,5.0,0.0
Tauá,2005,1,84.275,2.718330078125,0.0,0.0,0.0,0.0,0.0,0.0,0.0,0.0,0.0,0.0,0.0,0.0,11.0,5.2,7.2,14.4,6.4625,0.0,17.4,12.55,0.0,4.0,7.35,18.125,52.90000000000001,39.5109375,8.0,0.0,0.0,0.0,0.0
Tauá,2005,2,9.722265625,0.3486718750000001,0.0,0.0,0.0,0.0,0.0,4.1,15.55,0.4,0.0,0.0,0.0,0.0,0.0,0.0,0.0,8.55625,2.4625,5.0,0.0,0.0,0.3,0.0,5.0,8.0,0.0,0.0,0.0,18.0,0.0,0.0,0.0
Tauá,2005,3,208.80693359375,6.7364355468750015,0.0,0.0,0.0,0.0,0.0,0.0,0.0,0.0,0.0,0.0,0.0,0.0,0.0,0.0,0.0,0.0,5.3,0.0,25.165625,25.25,5.71875,5.0625,4.45,41.364453125,61.319140625,28.9359375,18.1140625,30.834375,27.473046875,15.034375,20.575
Tauá,2005,4,39.76015625,1.3260546875,0.0,0.0,2.2,0.0,0.0,0.0,0.2,0.0,0.0,0.0,0.0,3.0,7.95,3.8,26.425,0.0,0.0,0.0,0.0,2.0,0.0,0.0,0.0,0.0,0.0,0.0,0.0,60.0,7.9499999999999975,15.753125,0.0
Tauá,2005,5,20.16953125,0.653671875,14.0,9.2,8.0,4.0,17.474999999999998,0.0,0.0,2.3,15.0,0.0,0.0,0.0,1.2999999999999998,13.7625,0.1,0.0,8.35,5.05,0.0,1.0,0.0,0.0,14.75,9.6,0.0,0.0,0.0,0.0,0.0,0.0,0.0
Tauá,2005,6,26.209765625,0.8740234375,0.0,0.0,0.0,0.0,0.0,0.0,0.0,0.0,0.0,5.0,0.0,0.0,0.0,0.0,0.0,29.0,0.0,0.0,0.0,0.0,11.0,0.0,0.0,0.0,13.6,12.6109375,8.3875,9.349999999999998,0.0,0.0,0.0
Tauá,2005,7,0.0,0.0,0.0,0.0,0.0,0.0,0.0,0.0,0.0,0.0,0.0,0.0,0.0,0.0,0.0,0.0,0.0,0.0,0.0,0.0,0.0,0.0,0.0,0.0,0.0,0.0,0.0,0.0,0.0,0.0,0.0,0.0,0.0
Tauá,2005,8,0.0,0.0,0.0,0.0,0.0,0.0,0.0,0.0,0.0,0.0,0.0,0.0,0.0,0.0,0.0,0.0,0.0,0.0,0.0,0.0,0.0,0.0,0.0,0.0,0.0,0.0,0.0,0.0,0.0,0.0,0.0,0.0,0.0
Tauá,2005,9,0.0,0.0,0.0,0.0,0.0,0.0,0.0,0.0,0.0,0.0,0.0,0.0,0.0,0.0,0.0,0.0,0.0,0.0,0.0,0.0,0.0,0.0,0.0,0.0,0.0,0.0,0.0,0.0,0.0,0.0,0.0,0.0,0.0
Tauá,2005,10,0.0,0.0,0.0,0.0,0.0,0.0,0.0,0.0,0.0,0.0,0.0,0.0,0.0,0.0,0.0,0.0,0.0,0.0,0.0,0.0,0.0,0.0,0.0,0.0,0.0,0.0,0.0,0.0,0.0,0.0,0.0,0.0,0.0
Tauá,2005,11,0.0,0.0,0.0,0.0,0.0,0.0,0.0,0.0,0.0,0.0,0.0,0.0,0.0,0.0,0.0,0.0,0.0,0.0,0.0,0.0,0.0,0.0,0.0,0.0,0.0,0.0,0.0,0.0,0.0,0.0,0.0,0.0,0.0
Tauá,2005,12,50.7453125,1.81640625,0.0,0.0,0.0,0.0,7.6,4.0,42.940625,7.65,0.0,0.0,0.0,0.0,0.0,0.0,0.0,0.0,0.0,0.0,0.0,0.0,0.0,0.0,0.0,0.0,0.0,0.0,0.0,0.0,0.0,0.0,0.0
Tauá,2006,1,7.64921875,0.2472265625,6.6,2.0,0.0,0.0,0.0,11.0,0.0,0.0,0.0,9.4,8.1,5.2,0.0,0.0,0.0,15.6,0.0,11.0,6.0,0.0,0.0,0.0,0.0,0.0,0.0,0.0,0.0,0.0,0.0,0.0,0.0
Tauá,2006,2,33.5892578125,1.1975390625,0.0,0.0,44.0,6.6,11.8,0.0,0.0,13.0,0.0,12.0,0.0,10.0,9.0,0.0,20.5,4.05,11.5,14.66875,17.56875,16.675,0.0,14.1,9.625,9.0,8.3,5.125,29.0,25.0,0.0,0.0,0.0
Tauá,2006,3,89.57109374999996,2.8882812500000004,2.95,3.65,4.2,0.0,9.5,8.0,0.0,0.0,8.0,0.0,9.4,0.0,21.0,22.76250000000001,21.675,14.6,8.0,5.1,15.25,12.85,16.41875,4.0,28.75,31.990625,10.45,1.3,8.0,10.5,0.0,0.0,0.0
Tauá,2006,4,68.64453125,2.2892968750000007,9.2,0.0,20.0,10.4375,19.7,6.9375,8.675,11.8,3.5,15.75,5.2,0.0,0.0,0.3,6.8,19.884375,0.0,22.65,26.7125,0.0,12.6,10.2,6.65,3.0,8.1875,7.8,0.0,0.0,0.0,8.0,0.0
Tauá,2006,5,42.703125,1.374375,6.025,0.0,0.0,0.0,0.0,8.0,14.74375,22.1,0.0,1.0,4.275,0.0,7.4,20.1,13.1,13.0,1.0,0.0,0.0,0.0,0.0,0.0,8.5,11.6,0.0,9.2,3.2,5.8,16.8,0.0,0.0
Tauá,2006,6,50.046875,1.6706249999999998,0.0,0.0,0.0,0.0,0.0,0.0,0.0,0.0,0.0,10.0,0.0,8.0,46.6875,0.0,0.0,0.0,0.0,8.4,0.0,0.0,0.0,0.0,0.0,0.0,0.0,0.0,0.0,0.0,0.0,0.0,0.0
Tauá,2006,7,0.0,0.0,0.0,0.0,0.0,0.0,0.0,0.0,0.0,0.0,0.0,0.0,0.0,0.0,0.0,0.0,0.0,0.0,0.0,0.0,0.0,0.0,0.0,0.0,0.0,0.0,0.0,0.0,0.0,0.0,0.0,0.0,0.0
Tauá,2006,8,0.0,0.0,0.0,0.0,0.0,0.0,0.0,0.0,0.0,0.0,0.0,0.0,0.0,0.0,0.0,0.0,0.0,0.0,0.0,0.0,0.0,0.0,0.0,0.0,0.0,0.0,0.0,0.0,0.0,0.0,0.0,0.0,0.0
Tauá,2006,9,0.0,0.0,0.0,0.0,0.0,0.0,0.0,0.0,0.0,0.0,0.0,0.0,0.0,0.0,0.0,0.0,0.0,0.0,0.0,0.0,0.0,0.0,0.0,0.0,0.0,0.0,0.0,0.0,0.0,0.0,0.0,0.0,0.0
Tauá,2006,10,0.0,0.0,0.0,0.0,0.0,0.0,0.0,0.0,0.0,0.0,0.0,0.0,0.0,0.0,0.0,0.0,0.0,0.0,0.0,0.0,0.0,0.0,0.0,0.0,0.0,0.0,0.0,0.0,0.0,0.0,0.0,0.0,0.0
Tauá,2006,11,13.5,0.45,0.0,0.0,0.0,0.0,13.0,0.0,0.0,0.0,0.0,0.0,0.0,0.0,0.0,0.0,0.0,0.0,12.0,0.0,0.0,2.0,0.0,0.0,0.0,0.0,0.0,0.0,0.0,0.0,0.0,0.0,0.0
Tauá,2006,12,14.1,0.4525,0.0,0.0,0.0,0.0,0.0,0.0,0.0,0.0,0.0,0.0,0.0,0.0,0.0,0.0,0.0,0.0,0.0,0.0,0.0,0.0,0.0,0.0,0.0,0.0,0.0,0.0,0.0,0.0,0.0,0.0,14.1
Tauá,2007,1,36.425,1.1725,34.95,16.775,11.125,0.0,0.0,0.0,0.0,0.0,0.0,0.0,0.0,0.0,0.0,0.0,0.0,0.0,0.0,0.0,0.0,0.0,0.0,0.0,0.0,0.0,0.0,0.0,0.0,0.0,0.0,0.0,0.0
Tauá,2007,2,280.3431640625,10.301835937499998,9.3,0.0,0.0,0.0,0.0,1.0,12.0,37.5,22.0,14.0,0.0,0.0,15.825,45.4390625,8.553125,24.35,48.0796875,52.49765625,13.9125,34.976171875,10.66875,14.1046875,38.2703125,13.890625,12.65,19.55,0.1,6.95,0.0,0.0,0.0
Tauá,2007,3,52.071875,1.68,18.8015625,19.3625,1.05,9.8,1.85,0.0,0.2,3.2,3.125,7.25,0.0,0.0,0.0,0.2,16.4,14.7375,7.225,14.0,4.4,0.3,0.0,0.0,0.0,0.0,0.0,0.0,3.4,0.0,0.0,0.0,0.0
Tauá,2007,4,61.19687500000001,2.038125,0.0,3.1,0.0,12.0,0.0,0.0,14.0,6.3,0.0,0.0,15.8,0.0,0.0,0.0,0.0,4.65,12.6,27.7,12.75,6.0375,0.0,12.1125,0.0,6.1999999999999975,29.5,5.2,9.50625,2.75,4.975,0.0,0.0
Tauá,2007,5,14.85625,0.478125,10.9125,2.55,0.0,0.0,0.0,0.0,0.0,0.0,0.0,0.0,0.0,0.0,0.0,0.0,0.0,0.0,0.0,0.0,0.0,0.0,0.0,0.0,0.0,0.0,2.1,0.0,6.95,1.3,0.0,0.0,0.0
Tauá,2007,6,16.3,0.545,16.3,0.0,0.0,0.0,0.0,0.0,0.0,0.0,0.0,0.0,0.0,0.0,0.0,0.0,0.0,0.0,0.0,0.0,0.0,0.0,0.0,0.0,0.0,0.0,0.0,0.0,0.0,0.0,0.0,0.0,0.0
Tauá,2007,7,0.0,0.0,0.0,0.0,0.0,0.0,0.0,0.0,0.0,0.0,0.0,0.0,0.0,0.0,0.0,0.0,0.0,0.0,0.0,0.0,0.0,0.0,0.0,0.0,0.0,0.0,0.0,0.0,0.0,0.0,0.0,0.0,0.0
Tauá,2007,8,0.0,0.0,0.0,0.0,0.0,0.0,0.0,0.0,0.0,0.0,0.0,0.0,0.0,0.0,0.0,0.0,0.0,0.0,0.0,0.0,0.0,0.0,0.0,0.0,0.0,0.0,0.0,0.0,0.0,0.0,0.0,0.0,0.0
Tauá,2007,9,0.0,0.0,0.0,0.0,0.0,0.0,0.0,0.0,0.0,0.0,0.0,0.0,0.0,0.0,0.0,0.0,0.0,0.0,0.0,0.0,0.0,0.0,0.0,0.0,0.0,0.0,0.0,0.0,0.0,0.0,0.0,0.0,0.0
Tauá,2007,10,0.0,0.0,0.0,0.0,0.0,0.0,0.0,0.0,0.0,0.0,0.0,0.0,0.0,0.0,0.0,0.0,0.0,0.0,0.0,0.0,0.0,0.0,0.0,0.0,0.0,0.0,0.0,0.0,0.0,0.0,0.0,0.0,0.0
Tauá,2007,11,0.0,0.0,0.0,0.0,0.0,0.0,0.0,0.0,0.0,0.0,0.0,0.0,0.0,0.0,0.0,0.0,0.0,0.0,0.0,0.0,0.0,0.0,0.0,0.0,0.0,0.0,0.0,0.0,0.0,0.0,0.0,0.0,0.0
Tauá,2007,12,28.4078125,0.914453125,0.0,0.0,0.0,0.0,0.0,0.0,0.0,0.0,0.0,0.0,0.0,0.0,0.0,0.0,0.0,32.6625,1.0,0.0,0.0,0.0,0.0,0.0,0.0,0.0,0.0,0.0,0.6,12.73125,0.0,0.0,0.0
Tauá,2008,1,18.3029296875,0.67021484375,0.0,0.0,0.0,32.0,1.1,0.0,0.0,0.0,0.0,0.0,0.0,19.0,3.5,7.55,8.2,12.9,5.0,30.2,12.75,2.7875,10.75,8.1,6.15,7.65,13.0,11.4,0.4,0.0,0.0,0.6,10.534375
Tauá,2008,2,59.8671875,2.0658203125,19.352734375,20.35,0.0,0.0,0.0,0.0,0.0,0.0,0.0,0.0,0.0,0.0,0.0,0.0,13.6,5.0,0.0,9.25,0.0,13.5,0.0,0.0,0.0,7.4,19.0,0.4,20.05625,15.15,23.4875,0.0,0.0
Tauá,2008,3,239.31640625,7.722109375,40.16875,4.525,1.0,0.4,6.3,3.5,14.0,9.65,7.8125,4.925,12.8875,17.175,8.037500000000001,9.21875,21.8625,26.3015625,10.0,0.0,14.7,62.7625,11.03125,11.875,20.5,26.81875,0.8,13.61875,6.45,7.15,23.35,27.565625000000004,26.33125
Tauá,2008,4,197.325,6.57828125,18.9125,32.5984375,61.09375,0.0,32.075,10.70625,3.95,3.9,14.1875,6.8,9.85,10.05,22.0,45.9375,5.5749999999999975,2.2,9.85,6.4,0.0,0.0,6.0,8.975,6.2,5.5,0.0,3.4,0.0,0.0,27.6,23.5375,0.0
Tauá,2008,5,32.542187500000004,2.74453125,9.8,19.5,12.825,2.2,0.0,14.9,15.8,0.0,13.6,7.0,11.2,3.0,2.8,0.0,0.0,0.0,0.0,16.0,0.0,0.0,0.0,0.0,0.0,11.0,0.0,0.0,0.0,0.0,18.3,15.5,0.0
Tauá,2008,6,11.6,0.39,0.0,0.0,0.0,0.0,0.0,0.0,0.0,0.0,8.6,0.0,3.0,0.0,0.0,0.0,0.0,0.0,0.0,0.0,0.0,0.0,0.0,0.0,0.0,0.0,0.0,0.0,0.0,0.0,0.0,0.0,0.0
Tauá,2008,7,6.95,0.225,5.5,0.0,0.0,0.0,0.0,0.0,0.0,0.0,0.0,0.0,0.0,0.0,0.0,0.0,0.0,0.0,0.0,0.0,0.0,0.0,0.0,0.0,0.0,0.0,0.0,0.0,0.0,8.4,0.0,0.0,0.0
Tauá,2008,8,16.0,0.52,0.0,0.0,0.0,0.0,0.0,0.0,0.0,0.0,16.0,0.0,0.0,0.0,0.0,0.0,0.0,0.0,0.0,0.0,0.0,0.0,0.0,0.0,0.0,0.0,0.0,0.0,0.0,0.0,0.0,0.0,0.0
Tauá,2008,9,0.0,0.0,0.0,0.0,0.0,0.0,0.0,0.0,0.0,0.0,0.0,0.0,0.0,0.0,0.0,0.0,0.0,0.0,0.0,0.0,0.0,0.0,0.0,0.0,0.0,0.0,0.0,0.0,0.0,0.0,0.0,0.0,0.0
Tauá,2008,10,0.0,0.0,0.0,0.0,0.0,0.0,0.0,0.0,0.0,0.0,0.0,0.0,0.0,0.0,0.0,0.0,0.0,0.0,0.0,0.0,0.0,0.0,0.0,0.0,0.0,0.0,0.0,0.0,0.0,0.0,0.0,0.0,0.0
Tauá,2008,11,0.0,0.0,0.0,0.0,0.0,0.0,0.0,0.0,0.0,0.0,0.0,0.0,0.0,0.0,0.0,0.0,0.0,0.0,0.0,0.0,0.0,0.0,0.0,0.0,0.0,0.0,0.0,0.0,0.0,0.0,0.0,0.0,0.0
Tauá,2008,12,0.0,0.0,0.0,0.0,0.0,0.0,0.0,0.0,0.0,0.0,0.0,0.0,0.0,0.0,0.0,0.0,0.0,0.0,0.0,0.0,0.0,0.0,0.0,0.0,0.0,0.0,0.0,0.0,0.0,0.0,0.0,0.0,0.0
Tauá,2009,1,87.30693359375,2.816142578125,0.0,0.0,0.0,0.0,0.0,0.0,0.0,0.0,7.75,0.0,0.0,0.0,0.0,0.0,0.0,11.4,14.7875,21.7125,12.95,0.0,11.075,33.973828125,15.55,12.35,20.2,8.75,0.0,0.0,0.0,45.15,0.0
Tauá,2009,2,63.114208984375,2.2530224609375,20.0,9.0,11.4875,2.0,0.0,8.0,0.0,7.0,0.0,0.0,5.0,16.0,3.0,8.5,19.0,0.0,3.0,16.64375,3.3375,0.0,19.30625,14.25,14.953125,5.9,0.0,7.85,0.0,6.5,0.0,0.0,0.0
Tauá,2009,3,51.529052734375,1.66384765625,6.278125,8.279296875,13.41484375,15.3,8.95,5.275,1.4,18.6375,10.025,0.5,7.45,21.275,12.6875,22.340625,10.725,14.35,7.5875,16.1,9.2,3.9,5.0,9.1,7.2,4.0,11.0,0.0,0.0,13.0,0.0,0.0,9.05
Tauá,2009,4,264.322265625,8.809013671875,16.4078125,13.84609375,11.49375,15.75,12.025,3.8125,0.0,2.2,20.762500000000006,10.465625,15.26875,29.65078125,17.459375,8.7,18.6640625,8.7125,21.925,13.01875,6.0,13.981640625,11.2578125,15.175,55.8173828125,46.125,23.8,8.496875,26.4375,20.41328125,6.65,28.0125,0.0
Tauá,2009,5,91.2205078125,2.943095703125,6.0,24.105859375,7.875,8.575,11.575,21.55,4.824999999999998,11.546484375,12.775,11.375,4.725,5.4250000000000025,6.3,0.0,0.0,0.7,7.7,10.04375,3.5,0.0,13.825,5.55,0.0,15.5,0.1,15.3,29.25,16.740625,0.9,16.0,0.0
Tauá,2009,6,20.6359375,0.68796875,0.0,8.0,1.1,10.825,0.3,0.7,0.0,0.0,5.0,11.0,17.6,34.5,0.0,0.0,0.0,0.0,0.0,0.0,0.0,0.0,0.0,0.0,0.0,0.0,0.0,0.0,0.0,0.0,0.0,0.0,0.0
Tauá,2009,7,33.31640625,1.07455078125,0.0,0.0,0.0,0.0,0.0,0.0,0.0,0.0,0.0,2.0,0.0,0.0,0.0,8.1,0.0,0.0,0.0,0.0,0.0,0.0,20.0,23.13046875,8.36875,13.1625,0.0,9.0,0.0,0.0,0.0,0.0,3.2
Tauá,2009,8,44.41875,1.4346875,0.0,0.0,0.0,0.0,5.0,7.78125,0.0,0.0,0.0,0.0,0.0,0.0,0.0,0.0,0.0,0.0,0.0,0.0,0.0,0.0,0.0,0.0,0.0,0.0,6.5,4.7,24.0875,17.0,0.2,0.0,0.0
Tauá,2009,9,44.0,1.47,0.0,0.0,0.0,0.0,0.0,0.0,0.0,0.0,0.0,0.0,0.0,0.0,44.0,0.0,0.0,0.0,0.0,0.0,0.0,0.0,0.0,0.0,0.0,0.0,0.0,0.0,0.0,0.0,0.0,0.0,0.0
Tauá,2009,10,0.0,0.0,0.0,0.0,0.0,0.0,0.0,0.0,0.0,0.0,0.0,0.0,0.0,0.0,0.0,0.0,0.0,0.0,0.0,0.0,0.0,0.0,0.0,0.0,0.0,0.0,0.0,0.0,0.0,0.0,0.0,0.0,0.0
Tauá,2009,11,14.0,0.47,0.0,0.0,0.0,0.0,0.0,0.0,0.0,0.0,0.0,0.0,0.0,0.0,0.0,0.0,0.0,0.0,0.0,0.0,0.0,0.0,0.0,0.0,0.0,0.0,0.0,0.0,0.0,0.0,0.0,14.0,0.0
Tauá,2009,12,30.425,0.98,11.7,0.0,0.0,0.0,0.0,0.0,0.0,0.0,0.0,0.0,0.0,0.0,0.0,0.0,0.0,0.0,0.0,0.0,0.0,0.0,0.0,0.0,0.3,0.0,0.0,0.0,0.0,0.0,0.0,0.0,20.25
Tauá,2010,1,103.3455078125,3.3330273437500004,13.0,16.525,25.4375,9.38125,3.0,0.0,0.0,0.0,0.5,24.325,44.65,0.0,0.0,0.0,0.0,0.0,0.0,0.0,35.0,31.85,7.1,0.0,0.0,0.0,0.0,29.2875,14.175,0.0,0.0,1.2,0.0
Tauá,2010,2,23.075,0.825,1.0,0.2,0.0,0.0,8.0,0.0,0.0,0.0,0.0,0.0,8.0,0.0,0.0,0.0,11.8,0.0,0.0,6.0,1.1,0.3,0.0,0.4,43.0,0.0,0.0,0.0,0.0,21.0,0.0,0.0,0.0
Tauá,2010,3,57.872265625,1.86875,6.0,0.0,0.0,0.0,0.0,0.0,0.0,0.0,0.0,0.0,0.0,0.0,1.1,0.0,0.0,0.0,0.0,23.0,7.8,0.0,7.5,2.325,11.9,7.8,6.0,26.05,34.0,36.0,28.2375,0.0,5.15
Tauá,2010,4,91.7923828125,5.3261328125,8.0,9.6,20.0,15.01875,15.55,5.0,5.0,21.55,33.6125,33.1,10.709375,25.59375,80.0,0.0,0.6,0.3,0.0,8.0,10.025,0.0,0.0,0.0,0.0,0.0,0.0,0.0,0.0,0.0,9.25,14.5,0.0
Tauá,2010,5,20.1765625,0.65421875,0.3,0.0,8.799999999999997,1.2,14.0,7.0,0.0,0.0,0.0,0.0,0.0,0.0,0.0,0.0,0.0,0.0,0.0,0.0,0.0,0.0,0.0,0.0,0.0,0.0,0.0,0.0,10.0,9.0,0.0,0.0,0.0
Tauá,2010,6,32.825,1.095,82.5,4.0,0.0,0.0,0.0,0.0,0.0,0.0,0.0,0.0,0.0,0.0,0.0,0.0,0.0,0.0,0.0,7.8,7.0,0.0,0.0,0.0,8.0,10.0,0.0,0.0,0.0,0.0,0.0,0.0,0.0
Tauá,2010,7,0.0,0.0,0.0,0.0,0.0,0.0,0.0,0.0,0.0,0.0,0.0,0.0,0.0,0.0,0.0,0.0,0.0,0.0,0.0,0.0,0.0,0.0,0.0,0.0,0.0,0.0,0.0,0.0,0.0,0.0,0.0,0.0,0.0
Tauá,2010,8,0.0,0.0,0.0,0.0,0.0,0.0,0.0,0.0,0.0,0.0,0.0,0.0,0.0,0.0,0.0,0.0,0.0,0.0,0.0,0.0,0.0,0.0,0.0,0.0,0.0,0.0,0.0,0.0,0.0,0.0,0.0,0.0,0.0
Tauá,2010,9,0.0,0.0,0.0,0.0,0.0,0.0,0.0,0.0,0.0,0.0,0.0,0.0,0.0,0.0,0.0,0.0,0.0,0.0,0.0,0.0,0.0,0.0,0.0,0.0,0.0,0.0,0.0,0.0,0.0,0.0,0.0,0.0,0.0
Tauá,2010,10,32.35,1.0425,0.0,0.0,0.0,0.0,0.0,0.0,0.0,0.0,0.0,0.0,0.0,0.0,0.0,0.0,0.0,0.0,0.0,0.0,0.0,0.0,0.0,0.0,26.1,38.0,0.0,13.0,10.0,0.0,0.0,0.0,0.0
Tauá,2010,11,26.75,0.895,0.0,0.0,0.0,0.0,0.0,0.0,0.0,0.0,0.0,0.0,0.0,0.0,0.0,0.0,26.75,0.0,0.0,0.0,0.0,0.0,0.0,0.0,0.0,0.0,0.0,0.0,0.0,0.0,0.0,0.0,0.0
Tauá,2010,12,45.86972656250001,1.5533203125,0.0,0.0,0.0,0.0,0.0,0.0,0.1,5.3,4.9,11.8,23.5,9.7,10.0,5.825,12.85,10.6625,30.0,10.30625,14.2375,0.0,2.0,0.2,0.0,15.4,0.0,0.0,0.0,0.0,0.0,0.0,0.0
Tauá,2011,1,184.57119140625,5.955947265624999,5.0,9.5,6.8,8.325,8.0,0.0,0.0,39.5,6.0,19.97734375,16.0,1.0,0.0,0.0,19.0,0.0,0.0,0.0,29.0,30.209375,10.1625,7.359375,47.875,43.146875,23.425,18.771875,0.0,20.36015625,2.4875000000000003,10.1,7.59375
Tauá,2011,2,114.97412109375,4.108212890625,2.175,12.0,0.2,6.5,12.0,0.0,0.0,0.0,16.1,0.0,0.5,7.9,1.6,0.0,0.0,7.025,25.0,19.1,1.8,0.0,9.975,5.015625,0.0,1.1,18.05,28.31875,21.73125,42.476953125,0.0,0.0,0.0
Tauá,2011,3,68.87080078125,2.219462890625,13.0125,24.128125,8.75,13.25,10.7375,10.75,0.0,11.425,19.7125,0.0,25.0,4.55,12.5,13.85,5.5,8.899999999999997,0.0,0.0,0.0,0.0,0.0,3.2,3.05,22.0,1.4,0.0,6.2,0.0,12.8,10.0,0.0
Tauá,2011,4,114.3021484375,3.8078125,4.0,5.05,14.5375,0.0,5.0,0.0,0.0,0.0,9.75,6.575,11.875,14.5,18.9,0.7,7.8,0.0,0.0,3.825,5.0,25.225,1.05,0.0,14.0,18.9,37.809375,40.2,6.75,0.0,0.0,3.25,0.0
Tauá,2011,5,112.053515625,3.61267578125,0.0,1.4,12.05,12.4875,20.95546875,19.00625,0.1,0.0,0.0,0.0,44.59375,2.6,0.0,0.0,0.0,0.0,7.65,34.2,4.1000000000000005,43.13125,0.0,0.0,0.0,0.0,9.0,0.0,0.0,0.0,0.0,0.0,0.1
Tauá,2011,6,16.4734375,0.58984375,0.0,0.0,0.0,0.0,0.0,0.0,0.0,0.0,0.0,0.0,0.0,15.8,14.0,0.0,0.0,0.0,0.0,0.0,0.0,5.19375,0.0,0.0,0.0,0.0,0.0,0.0,0.0,0.0,0.0,0.0,0.0
Tauá,2011,7,34.25625,1.3534375,0.0,0.0,0.0,0.0,0.0,0.0,0.0,0.0,14.325,10.0,0.0,3.0,25.815625,0.0,0.0,0.0,0.0,0.0,0.0,0.0,0.0,0.0,0.0,0.0,0.0,0.0,0.0,0.0,0.0,0.0,0.0
Tauá,2011,8,24.7125,0.8206249999999999,26.5,0.0,0.0,0.0,0.0,0.0,0.0,0.0,13.2,0.0,0.0,0.0,0.0,0.0,0.0,0.0,0.0,0.0,0.0,0.0,0.0,0.0,0.0,0.0,0.0,8.0,5.0,0.0,0.0,0.0,0.0
Tauá,2011,9,0.0,0.0,0.0,0.0,0.0,0.0,0.0,0.0,0.0,0.0,0.0,0.0,0.0,0.0,0.0,0.0,0.0,0.0,0.0,0.0,0.0,0.0,0.0,0.0,0.0,0.0,0.0,0.0,0.0,0.0,0.0,0.0,0.0
Tauá,2011,10,67.2203125,2.1703125,0.0,0.0,0.0,0.0,0.0,0.0,0.0,0.0,0.0,0.0,0.0,0.0,0.0,0.0,0.0,0.0,12.825,0.0,13.4,18.2,41.43125000000001,0.0,0.0,0.0,0.0,0.0,0.0,0.0,0.0,0.0,0.0
Tauá,2011,11,10.64375,0.381875,0.0,14.0,0.0,8.762499999999998,0.0,1.2,0.0,0.0,0.0,0.0,0.0,2.5,0.0,8.0,0.0,0.0,0.0,0.0,0.0,0.0,0.0,0.0,0.0,0.0,0.0,0.0,0.0,0.0,0.0,0.0,0.0
Tauá,2011,12,0.0,0.0,0.0,0.0,0.0,0.0,0.0,0.0,0.0,0.0,0.0,0.0,0.0,0.0,0.0,0.0,0.0,0.0,0.0,0.0,0.0,0.0,0.0,0.0,0.0,0.0,0.0,0.0,0.0,0.0,0.0,0.0,0.0
Tauá,2012,1,55.7625,1.800859375,0.0,0.0,0.0,0.0,0.0,0.0,0.0,0.0,0.0,0.0,0.0,0.0,6.25,0.0,0.0,0.0,0.0,0.1,6.39375,13.0,16.934375,0.0,17.075,9.2,42.115625,0.0,0.0,0.0,0.0,0.0,0.0
Tauá,2012,2,85.26015625,3.0578906250000006,0.0,0.0,0.0,0.0,0.0,0.0,0.0,0.0,0.0,0.0,1.0,0.0,8.0,0.0,0.0,14.700000000000005,15.4,37.3609375,52.5,7.399999999999999,16.412500000000005,21.0,0.0,0.0,0.0,0.0,6.4,20.0,2.3,0.0,0.0
Tauá,2012,3,36.403125,1.21625,0.0,0.0,0.0,0.0,0.0,0.0,0.0,0.8,0.0,0.0,36.178125,0.0,0.0,0.4,0.0,2.2,0.0,0.0,11.0,0.0,0.0,0.0,0.0,0.0,0.0,0.0,0.0,0.0,0.0,0.0,0.0
Tauá,2012,4,17.5875,0.58375,0.0,2.2,0.1,0.0,7.0,0.0,0.0,9.45,0.0,0.0,13.0,0.0,0.0,0.0,0.0,0.0,0.0,0.0,0.0,0.0,0.0,0.0,0.0,0.0,0.0,0.0,0.0,0.0,0.0,0.0,0.0
Tauá,2012,5,4.8,0.15250000000000002,0.0,0.0,0.0,0.0,0.0,0.0,0.0,0.0,0.0,0.0,0.0,0.0,0.0,0.0,0.0,0.0,0.0,0.0,0.0,0.0,0.0,0.0,0.0,0.0,4.6,0.0,0.0,5.0,0.0,0.0,0.0
Tauá,2012,6,7.8,0.26,0.0,0.0,0.0,0.0,0.0,0.0,0.0,0.0,0.0,0.0,0.0,0.0,0.0,0.0,0.0,0.0,0.0,0.0,7.0,0.0,0.0,0.0,0.0,8.6,0.0,0.0,0.0,0.0,0.0,0.0,0.0
Tauá,2012,7,0.0,0.0,0.0,0.0,0.0,0.0,0.0,0.0,0.0,0.0,0.0,0.0,0.0,0.0,0.0,0.0,0.0,0.0,0.0,0.0,0.0,0.0,0.0,0.0,0.0,0.0,0.0,0.0,0.0,0.0,0.0,0.0,0.0
Tauá,2012,8,0.0,0.0,0.0,0.0,0.0,0.0,0.0,0.0,0.0,0.0,0.0,0.0,0.0,0.0,0.0,0.0,0.0,0.0,0.0,0.0,0.0,0.0,0.0,0.0,0.0,0.0,0.0,0.0,0.0,0.0,0.0,0.0,0.0
Tauá,2012,9,0.0,0.0,0.0,0.0,0.0,0.0,0.0,0.0,0.0,0.0,0.0,0.0,0.0,0.0,0.0,0.0,0.0,0.0,0.0,0.0,0.0,0.0,0.0,0.0,0.0,0.0,0.0,0.0,0.0,0.0,0.0,0.0,0.0
Tauá,2012,10,0.0,0.0,0.0,0.0,0.0,0.0,0.0,0.0,0.0,0.0,0.0,0.0,0.0,0.0,0.0,0.0,0.0,0.0,0.0,0.0,0.0,0.0,0.0,0.0,0.0,0.0,0.0,0.0,0.0,0.0,0.0,0.0,0.0
Tauá,2012,11,0.0,0.0,0.0,0.0,0.0,0.0,0.0,0.0,0.0,0.0,0.0,0.0,0.0,0.0,0.0,0.0,0.0,0.0,0.0,0.0,0.0,0.0,0.0,0.0,0.0,0.0,0.0,0.0,0.0,0.0,0.0,0.0,0.0
Tauá,2012,12,0.0,0.0,0.0,0.0,0.0,0.0,0.0,0.0,0.0,0.0,0.0,0.0,0.0,0.0,0.0,0.0,0.0,0.0,0.0,0.0,0.0,0.0,0.0,0.0,0.0,0.0,0.0,0.0,0.0,0.0,0.0,0.0,0.0
Tauá,2013,1,19.55,0.6303124999999999,0.0,0.0,1.1,0.1,12.55,0.0,18.0,24.0,0.1,11.0,0.0,0.0,0.0,0.0,0.0,0.0,0.0,0.5,0.0,1.2,1.4,15.0,13.0,0.0,0.0,0.0,0.0,0.0,0.0,0.0,0.0
Tauá,2013,2,22.521875,0.8070703125,0.0,0.0,0.0,0.0,0.0,0.0,0.0,0.0,0.0,0.9,0.0,0.0,22.0,5.9625,15.15,5.487499999999999,6.9,8.375,7.0,5.1,0.0,0.0,0.0,0.0,0.0,0.0,0.0,0.0,0.0,0.0,0.0
Tauá,2013,3,23.1125,0.744375,0.0,0.0,0.0,0.0,0.0,0.0,0.0,0.0,0.0,2.3,0.0,0.0,0.0,0.0,0.0,0.0,0.0,0.0,18.075,0.0,2.2,0.0,0.0,9.7,1.4,9.4,0.0,0.0,1.1,0.0,0.0
Tauá,2013,4,74.0953125,2.46828125,4.15,0.0,0.7,0.1,1.4,0.0,0.0,17.0,17.3,0.0,0.0,0.0,15.65,0.0,0.0,8.35,9.7,13.0,21.6359375,13.775,0.9,0.0,0.0,13.0,2.4,11.025,23.4,0.0,20.5,6.6,0.0
Tauá,2013,5,50.7,1.6378125,6.1,7.5125,0.0,0.0,0.0,0.0,17.6,0.0,5.425,21.290625,0.0,0.0,0.0,0.0,11.7,0.0,0.0,8.8,0.0,0.0,0.0,0.0,0.0,0.0,6.1,0.0,0.0,0.9,0.0,0.0,0.0
Tauá,2013,6,86.88125,2.905,0.0,0.0,0.0,11.0,18.6,12.85,0.0,0.0,0.0,0.0,0.0,0.0,17.2,18.075,3.2,6.0,21.15,2.6,0.0,0.0,0.0,45.85,3.9,0.0,0.0,0.0,0.0,0.0,0.0,0.0,0.0
Tauá,2013,7,2.85,0.09,0.0,0.0,1.35,0.2,0.0,0.0,0.0,0.0,0.0,0.0,0.0,0.0,2.8,0.0,0.0,0.0,0.0,0.0,0.0,0.0,0.0,0.0,0.0,0.0,0.0,0.0,0.0,0.0,0.0,0.0,0.0
Tauá,2013,8,0.0,0.0,0.0,0.0,0.0,0.0,0.0,0.0,0.0,0.0,0.0,0.0,0.0,0.0,0.0,0.0,0.0,0.0,0.0,0.0,0.0,0.0,0.0,0.0,0.0,0.0,0.0,0.0,0.0,0.0,0.0,0.0,0.0
Tauá,2013,9,0.0,0.0,0.0,0.0,0.0,0.0,0.0,0.0,0.0,0.0,0.0,0.0,0.0,0.0,0.0,0.0,0.0,0.0,0.0,0.0,0.0,0.0,0.0,0.0,0.0,0.0,0.0,0.0,0.0,0.0,0.0,0.0,0.0
Tauá,2013,10,8.0,0.26,0.0,0.0,0.0,0.0,0.0,0.0,0.0,0.0,0.0,0.0,0.0,0.0,0.0,0.0,0.0,0.0,0.0,0.0,0.0,0.0,0.0,0.0,0.0,0.0,0.0,0.0,0.0,8.0,0.0,0.0,0.0
Tauá,2013,11,11.81875,0.4156640625,0.0,0.0,49.0,11.340625,0.0,0.0,0.0,0.0,0.0,0.0,0.0,0.0,0.0,0.0,0.0,0.0,0.0,0.0,0.0,0.0,0.0,0.0,0.0,0.0,0.0,0.0,0.0,0.0,0.0,0.0,0.0
Tauá,2013,12,67.2125,2.166875,0.0,0.0,0.0,0.0,0.0,0.0,0.0,0.0,0.0,0.0,0.0,0.0,0.0,0.0,0.0,0.3,1.2,0.0,0.0,63.0,39.325,0.0,10.0,0.0,0.0,0.0,0.0,0.0,0.0,0.0,0.0
Tauá,2014,1,34.296875,1.104921875,0.0,0.0,0.0,0.0,0.0,0.0,22.46875,7.7,0.0,0.0,0.0,0.0,0.2,0.0,0.0,0.8,0.0,2.2,0.0,7.575,7.15,0.0,0.0,0.2,27.0,0.0,7.75,9.075,24.0,7.15,5.575
Tauá,2014,2,32.35625,1.157265625,14.0,25.0,0.0,9.7125,4.5,2.45,0.0,6.975,16.075,22.7,6.0,4.3,0.0,2.2,0.0,0.0,0.0,7.0,0.0,0.0,25.4,0.0,25.0,0.0,0.0,0.0,0.0,0.0,0.0,0.0,0.0
Tauá,2014,3,39.75625,1.28203125,0.0,0.0,0.0,0.0,0.0,6.3,0.0,43.0,5.2,0.0,0.6,12.3625,7.1,49.3,4.2,0.0,2.3,0.0,0.0,3.3,0.0,0.0,40.0,0.0,0.0,0.0,0.0,0.0,2.6,3.4,24.403125
Tauá,2014,4,46.88125,1.5596875,0.0,0.0,17.4,8.475,5.45,27.85,6.4,5.0,0.0,10.9875,3.225,4.0,9.8,11.65,0.0,0.0,18.5,0.0,0.0,3.4,6.8,0.0,5.65,0.0,0.0,0.0,0.0,13.0,0.0,0.0,0.0
Tauá,2014,5,56.18125,3.93,0.0,0.9,4.0,10.8,73.6,0.0,0.0,0.0,0.0,0.0,9.8,0.0,0.0,0.0,0.0,0.0,0.0,35.0,0.0,0.0,0.0,9.325,0.0,0.0,0.0,0.0,0.0,2.0,8.85,0.0,0.0
Tauá,2014,6,0.2,0.01,0.0,0.0,0.0,0.0,0.0,0.0,0.0,0.2,0.0,0.0,0.0,0.0,0.0,0.0,0.0,0.0,0.0,0.0,0.0,0.0,0.0,0.0,0.0,0.0,0.0,0.0,0.0,0.0,0.0,0.0,0.0
Tauá,2014,7,18.525,0.59875,0.0,0.0,0.0,0.0,0.0,0.0,0.0,0.0,0.0,0.0,0.0,0.0,20.5,14.5,0.0,0.0,6.1,0.0,0.0,0.0,0.0,0.0,0.0,0.0,0.0,0.0,0.0,0.0,11.35,0.0,0.0
Tauá,2014,8,1.0,0.03,0.0,0.0,0.0,0.0,0.0,0.0,0.0,0.0,0.0,0.0,0.0,0.0,0.0,0.0,0.0,0.0,0.0,0.0,1.0,0.0,0.0,0.0,0.0,0.0,0.0,0.0,0.0,0.0,0.0,0.0,0.0
Tauá,2014,9,9.2,0.31,0.0,0.0,0.0,0.0,0.0,9.2,0.0,0.0,0.0,0.0,0.0,0.0,0.0,0.0,0.0,0.0,0.0,0.0,0.0,0.0,0.0,0.0,0.0,0.0,0.0,0.0,0.0,0.0,0.0,0.0,0.0
Tauá,2014,10,31.8875,1.028125,0.0,0.0,56.0,30.775,0.0,0.0,0.0,0.0,0.0,0.0,0.0,0.0,0.0,0.0,0.0,0.0,0.0,0.0,0.0,0.0,0.0,0.0,0.0,0.0,0.0,0.0,0.0,0.0,0.0,0.0,0.0
Tauá,2014,11,52.823046875,1.7893359375000002,0.0,0.0,0.0,4.6,0.0,0.0,0.0,0.0,0.0,0.0,0.0,0.0,0.0,0.0,0.0,0.0,0.0,48.521875,31.675,5.3,0.0,0.0,0.0,0.0,0.0,0.0,0.0,0.0,0.0,0.0,0.0
Tauá,2014,12,0.0,0.0,0.0,0.0,0.0,0.0,0.0,0.0,0.0,0.0,0.0,0.0,0.0,0.0,0.0,0.0,0.0,0.0,0.0,0.0,0.0,0.0,0.0,0.0,0.0,0.0,0.0,0.0,0.0,0.0,0.0,0.0,0.0
Tauá,2015,1,26.111572265625,0.8405029296875,0.0,62.0,18.0,28.390625,15.75,12.0,14.6,12.0,0.0,0.0,0.0,0.0,0.0,18.0,0.0,0.0,0.0,0.0,57.0,0.0,0.0,0.0,0.0,0.0,0.0,0.0,0.0,0.0,0.0,0.0,0.0
Tauá,2015,2,74.0607177734375,3.3168017578125,0.0,0.0,26.15,21.6375,19.55,0.0,0.0,0.0,0.0,44.5,9.35,0.0,4.0,0.0,0.0,0.0,2.1,24.0,10.475,18.165625,9.5,6.9,13.579296875,1.0,13.00625,8.275,16.0,8.0,0.0,0.0,0.0
Tauá,2015,3,94.7220458984375,3.05578857421875,0.2,8.807421875,7.3,62.0,6.0,8.025,4.175,0.0,11.75234375,15.053125,11.0,0.0,0.0,0.0,0.0,0.0,0.0,0.0,0.0,0.0,10.230859375,13.90703125,36.9294921875,3.5500000000000003,0.0,5.9,10.5,9.8125,2.0,6.025,5.946875
Tauá,2015,4,23.6044677734375,0.78896484375,10.7,48.0,2.6,0.0,0.0,0.0,16.65,4.0,6.309765625,7.15,8.165625,12.825,14.8,0.75,12.0,0.0,0.0,0.0,0.0,0.0,0.0,6.3,4.025,9.7,6.0,10.0,0.0,0.0,0.0,0.0,0.0
Tauá,2015,5,26.3227783203125,3.65400390625,0.0,0.0,0.5,0.0,3.7,3.0,0.0,13.5,3.3,0.0,0.0,2.0,0.0,0.0,0.0,0.0,0.0,3.0,0.0,16.5125,10.769921875000001,7.225,15.025,6.48125,12.9,0.0,0.0,0.0,0.0,0.0,0.0
Tauá,2015,6,54.590625,1.949140625,15.0,0.0,7.95,8.0,36.14765625,31.3,26.29375,13.00234375,12.0,0.0,0.0,0.0,13.0,9.0,0.0,0.0,0.0,0.0,0.0,0.0,7.300000000000002,0.0,0.0,0.3,6.0,9.7,0.0,0.0,0.0,0.0,0.0
Tauá,2015,7,13.075,0.4225,0.0,0.0,3.0,9.0,4.3,0.0,0.0,0.0,0.0,0.0,0.0,0.0,0.0,0.0,18.0,0.0,0.0,0.0,0.0,0.0,0.0,0.0,0.0,0.0,0.0,0.0,0.0,0.0,0.0,0.0,0.0
Tauá,2015,8,0.0,0.0,0.0,0.0,0.0,0.0,0.0,0.0,0.0,0.0,0.0,0.0,0.0,0.0,0.0,0.0,0.0,0.0,0.0,0.0,0.0,0.0,0.0,0.0,0.0,0.0,0.0,0.0,0.0,0.0,0.0,0.0,0.0
Tauá,2015,9,0.0,0.0,0.0,0.0,0.0,0.0,0.0,0.0,0.0,0.0,0.0,0.0,0.0,0.0,0.0,0.0,0.0,0.0,0.0,0.0,0.0,0.0,0.0,0.0,0.0,0.0,0.0,0.0,0.0,0.0,0.0,0.0,0.0
Tauá,2015,10,0.0,0.0,0.0,0.0,0.0,0.0,0.0,0.0,0.0,0.0,0.0,0.0,0.0,0.0,0.0,0.0,0.0,0.0,0.0,0.0,0.0,0.0,0.0,0.0,0.0,0.0,0.0,0.0,0.0,0.0,0.0,0.0,0.0
Tauá,2015,11,0.0,0.0,0.0,0.0,0.0,0.0,0.0,0.0,0.0,0.0,0.0,0.0,0.0,0.0,0.0,0.0,0.0,0.0,0.0,0.0,0.0,0.0,0.0,0.0,0.0,0.0,0.0,0.0,0.0,0.0,0.0,0.0,0.0
Tauá,2015,12,23.95000000000001,0.7699999999999999,0.0,0.0,0.0,0.0,0.0,0.0,0.0,0.0,0.0,0.0,0.0,0.0,0.0,0.0,0.0,0.0,0.0,0.0,0.0,0.0,0.0,12.8,10.0,0.0,32.0,0.0,0.0,0.0,23.0,0.0,5.2
Tauá,2016,1,226.849755859375,7.3147558593749995,6.4875,5.0,0.0,0.0,0.0,22.0,74.0296875,8.0,7.0,3.4,0.0,2.0,0.0,28.89140625,10.075,2.0,0.0,10.4,13.575,14.35,61.41640625,57.231640625,3.6,39.80625,33.730859375,0.0,0.0,0.0,0.0,0.0,6.75
Tauá,2016,2,18.10478515625,0.62552734375,13.959765625,2.9,5.0,20.0,0.0,0.0,0.0,0.0,0.0,0.0,0.0,0.0,0.0,0.0,0.0,0.0,0.0,0.0,17.6,0.0,0.0,0.0,0.0,0.0,0.0,4.8,0.0,2.0,0.0,0.0,0.0
Tauá,2016,3,54.63046875,1.76375,22.0,0.0,0.0,0.0,0.0,0.4,0.0,0.0,11.55,12.1,0.0,0.0,0.0,3.05,7.2,11.1,3.8,22.5625,0.0,0.0,2.2,0.0,17.0,0.1,0.7,0.0,9.1625,15.55,0.0,20.80625,10.6
Tauá,2016,4,12.834375000000001,0.45921875,0.0,0.0,1.35,10.0,7.75,8.85,3.05,3.0,1.0,5.775,5.3,4.0,5.0,8.0,2.95,7.95,0.0,0.0,2.8000000000000003,0.0,0.0,0.0,0.0,0.0,0.0,0.0,0.0,0.0,0.0,0.0,0.0
Tauá,2016,5,57.7671875,1.86515625,0.0,13.25,18.625,0.0,0.0,0.0,0.0,0.0,0.0,0.0,35.209375,8.45,12.5,0.0,0.0,0.0,0.0,0.0,0.0,0.0,0.0,0.0,0.0,0.0,0.0,0.0,0.0,20.0,0.0,4.8,0.0
Tauá,2016,6,10.0,0.33,0.0,0.0,0.0,0.0,0.0,0.0,0.0,0.0,0.0,0.0,0.0,0.0,0.0,0.0,0.0,0.0,0.0,0.0,0.0,0.0,0.0,0.0,10.0,0.0,0.0,0.0,0.0,0.0,0.0,0.0,0.0
Tauá,2016,7,0.0,0.0,0.0,0.0,0.0,0.0,0.0,0.0,0.0,0.0,0.0,0.0,0.0,0.0,0.0,0.0,0.0,0.0,0.0,0.0,0.0,0.0,0.0,0.0,0.0,0.0,0.0,0.0,0.0,0.0,0.0,0.0,0.0
Tauá,2016,8,0.0,0.0,0.0,0.0,0.0,0.0,0.0,0.0,0.0,0.0,0.0,0.0,0.0,0.0,0.0,0.0,0.0,0.0,0.0,0.0,0.0,0.0,0.0,0.0,0.0,0.0,0.0,0.0,0.0,0.0,0.0,0.0,0.0
Tauá,2016,9,0.0,0.0,0.0,0.0,0.0,0.0,0.0,0.0,0.0,0.0,0.0,0.0,0.0,0.0,0.0,0.0,0.0,0.0,0.0,0.0,0.0,0.0,0.0,0.0,0.0,0.0,0.0,0.0,0.0,0.0,0.0,0.0,0.0
Tauá,2016,10,0.0,0.0,0.0,0.0,0.0,0.0,0.0,0.0,0.0,0.0,0.0,0.0,0.0,0.0,0.0,0.0,0.0,0.0,0.0,0.0,0.0,0.0,0.0,0.0,0.0,0.0,0.0,0.0,0.0,0.0,0.0,0.0,0.0
Tauá,2016,11,0.0,0.0,0.0,0.0,0.0,0.0,0.0,0.0,0.0,0.0,0.0,0.0,0.0,0.0,0.0,0.0,0.0,0.0,0.0,0.0,0.0,0.0,0.0,0.0,0.0,0.0,0.0,0.0,0.0,0.0,0.0,0.0,0.0
Tauá,2016,12,32.240625,1.04125,0.0,0.0,0.0,0.0,0.0,0.0,0.0,0.0,0.0,0.0,0.0,0.0,0.0,1.2,0.0,0.0,8.9,20.2,14.54375,1.2,0.0,0.0,0.0,0.0,0.0,0.0,0.0,0.0,0.0,0.0,0.0
Tauá,2017,1,42.5314453125,1.37091796875,0.0,0.0,0.0,0.0,0.0,0.0,0.0,0.0,0.0,0.0,0.0,0.0,0.0,10.0,0.0,14.4,12.9125,30.0,15.3,22.8703125,9.45,4.2,6.5,11.925,0.0,0.0,0.0,7.0,0.0,0.0,0.0
Tauá,2017,2,85.488671875,3.0515820312499997,0.0,0.0,0.0,0.0,0.0,21.0,0.0,26.0,0.0,3.55,54.43046875,23.4109375,9.0,5.1,1.0,0.0,0.0,15.0,12.8,26.8,2.0,1.2,1.55,5.0,0.9,1.1,7.6,11.45,0.0,0.0,0.0
Tauá,2017,3,60.5798828125,1.9525000000000001,9.75,7.275,1.2,3.75,5.5625,13.45,2.6,12.85,23.353125,17.4828125,22.225,10.45,0.1,16.0,0.0,2.2,15.125,8.55,0.0,0.0,2.5,8.85,12.549999999999999,4.7,0.0,0.0,0.0,3.0,0.0,4.0,4.1
Tauá,2017,4,33.321875,1.10859375,12.9,0.0,10.225,0.0,0.0,3.75,0.0,0.0,0.0,1.0,4.7625,1.875,1.725,2.0,5.4,0.0,0.0,0.0,8.5875,0.0,0.0,0.0,8.9,0.0,0.0,0.0,0.4,0.0,1.8,45.0,0.0
Tauá,2017,5,14.48125,0.46609375000000003,7.775,0.0,0.0,0.0,0.0,0.0,0.0,1.7,1.9,0.4,12.56875,4.65,0.0,0.0,0.0,0.0,0.0,0.0,0.0,0.0,0.0,0.0,0.0,0.0,0.0,0.0,0.0,0.0,0.0,0.5,0.0
Tauá,2017,6,11.9,0.4,0.4,17.0,3.2,0.0,0.0,0.0,0.0,0.0,0.0,0.0,0.0,0.0,0.0,0.0,0.0,0.0,0.0,0.0,0.0,0.0,0.0,0.0,0.0,0.0,0.0,0.0,0.0,0.0,0.0,0.0,0.0
Tauá,2017,7,0.0,0.0,0.0,0.0,0.0,0.0,0.0,0.0,0.0,0.0,0.0,0.0,0.0,0.0,0.0,0.0,0.0,0.0,0.0,0.0,0.0,0.0,0.0,0.0,0.0,0.0,0.0,0.0,0.0,0.0,0.0,0.0,0.0
Tauá,2017,8,0.0,0.0,0.0,0.0,0.0,0.0,0.0,0.0,0.0,0.0,0.0,0.0,0.0,0.0,0.0,0.0,0.0,0.0,0.0,0.0,0.0,0.0,0.0,0.0,0.0,0.0,0.0,0.0,0.0,0.0,0.0,0.0,0.0
Tauá,2017,9,0.0,0.0,0.0,0.0,0.0,0.0,0.0,0.0,0.0,0.0,0.0,0.0,0.0,0.0,0.0,0.0,0.0,0.0,0.0,0.0,0.0,0.0,0.0,0.0,0.0,0.0,0.0,0.0,0.0,0.0,0.0,0.0,0.0
Tauá,2017,10,4.0,0.13,0.0,0.0,0.0,0.0,0.0,0.0,0.0,4.0,0.0,0.0,0.0,0.0,0.0,0.0,0.0,0.0,0.0,0.0,0.0,0.0,0.0,0.0,0.0,0.0,0.0,0.0,0.0,0.0,0.0,0.0,0.0
Tauá,2017,11,0.0,0.0,0.0,0.0,0.0,0.0,0.0,0.0,0.0,0.0,0.0,0.0,0.0,0.0,0.0,0.0,0.0,0.0,0.0,0.0,0.0,0.0,0.0,0.0,0.0,0.0,0.0,0.0,0.0,0.0,0.0,0.0,0.0
Tauá,2017,12,18.29140625,0.76390625,0.0,0.0,0.0,0.0,0.0,0.0,0.0,0.0,0.0,0.0,0.0,0.0,0.0,0.0,0.0,0.0,0.0,0.0,0.0,0.0,0.0,44.0,21.0,20.3328125,0.0,11.0,0.0,0.0,0.0,0.0,0.0
Tauá,2018,1,36.341748046875,1.1739111328125,0.0,4.0,0.0,0.0,0.0,0.0,3.65,0.0,0.0,0.0,5.0,3.5,0.0,6.25,0.0,0.0,0.0,7.31875,14.950000000000001,21.25,9.3,0.0,10.0,4.2,36.0,17.975,23.759375,7.8249999999999975,8.75,1.75,0.0
Tauá,2018,2,135.92421875,4.8555883789062495,0.0,0.0,0.0,0.0,0.0,0.0,5.0,6.0,6.2,14.75,8.9625,18.528125,17.725,31.976953125,27.7953125,5.1125,29.945898437500002,9.7,4.3,21.8,0.2,17.8,16.78125,9.8,9.3,9.85,13.76875,8.6,0.0,0.0,0.0
Tauá,2018,3,97.653955078125,3.15052734375,16.6125,7.5,36.5140625,0.0,10.0,0.0,0.0,0.0,8.0,17.6,4.987500000000001,15.75,0.0,6.35,0.0,0.0,0.0,3.0,0.0,5.0,23.5,25.70000000000001,20.2,10.0,14.3,16.25,0.0,10.5,24.75,15.173046875,28.59375
Tauá,2018,4,162.608740234375,5.4203515625000005,14.7,22.25625,20.6875,7.0,9.881250000000001,14.23125,6.3875,32.0375,46.09453125,5.175,4.8,2.35,32.9595703125,4.95,8.0,0.0,3.0,7.5,7.9875000000000025,6.35,3.8,3.5,5.0,0.0,0.0,0.0,2.3,0.0,17.3,3.2,0.0
Tauá,2018,5,8.41953125,0.27382812500000003,10.75,6.0,2.3,0.0,0.0,0.0,0.0,15.0,0.0,3.6999999999999993,0.0,2.0,3.0,7.35,0.0,5.05,2.4,1.2,12.6,12.0,0.0,5.2,0.0,0.0,0.0,3.8,0.0,0.0,0.0,0.0,0.0
Tauá,2018,6,20.6,0.68625,0.0,0.0,0.6,0.0,0.0,0.0,0.4,0.0,10.4,0.0,0.0,0.0,0.0,0.0,0.0,0.0,0.0,7.775,22.9,5.2,0.0,0.0,0.0,0.0,0.0,0.0,0.0,0.0,0.0,0.0,0.0
Tauá,2018,7,16.575,0.5325,0.0,0.0,0.0,0.0,0.0,28.0,14.925,0.0,0.0,0.0,0.0,0.0,3.0,0.8,0.0,0.0,0.0,0.0,0.0,0.0,0.0,0.0,0.0,0.0,0.0,0.0,0.0,0.0,0.0,0.0,0.0
Tauá,2018,8,0.0,0.0,0.0,0.0,0.0,0.0,0.0,0.0,0.0,0.0,0.0,0.0,0.0,0.0,0.0,0.0,0.0,0.0,0.0,0.0,0.0,0.0,0.0,0.0,0.0,0.0,0.0,0.0,0.0,0.0,0.0,0.0,0.0
Tauá,2018,9,0.0,0.0,0.0,0.0,0.0,0.0,0.0,0.0,0.0,0.0,0.0,0.0,0.0,0.0,0.0,0.0,0.0,0.0,0.0,0.0,0.0,0.0,0.0,0.0,0.0,0.0,0.0,0.0,0.0,0.0,0.0,0.0,0.0
Tauá,2018,10,7.35,0.24,0.0,0.0,0.0,0.0,0.0,0.0,0.0,0.0,0.0,0.0,0.0,0.0,0.0,0.0,4.0,10.7,0.0,0.0,0.0,0.0,0.0,0.0,0.0,0.0,0.0,0.0,0.0,0.0,0.0,0.0,0.0
Tauá,2018,11,0.0,0.0,0.0,0.0,0.0,0.0,0.0,0.0,0.0,0.0,0.0,0.0,0.0,0.0,0.0,0.0,0.0,0.0,0.0,0.0,0.0,0.0,0.0,0.0,0.0,0.0,0.0,0.0,0.0,0.0,0.0,0.0,0.0
