Código,Espacialidades,IDHM Renda 1991,IDHM Renda 2000,IDHM Renda 2010,IDHM Longevidade 1991,IDHM Longevidade 2000,IDHM Longevidade 2010,IDHM Educação 1991,IDHM Educação 2000,IDHM Educação 2010,Renda per capita 1991,Renda per capita 2000,Renda per capita 2010,% de extremamente pobres 1991,% de extremamente pobres 2000,% de extremamente pobres 2010,% de pobres 1991,% de pobres 2000,% de pobres 2010,% de vulneráveis à pobreza 1991,% de vulneráveis à pobreza 2000,% de vulneráveis à pobreza 2010,% de crianças extremamente pobres 1991,% de crianças extremamente pobres 2000,% de crianças extremamente pobres 2010,% de crianças pobres 1991,% de crianças pobres 2000,% de crianças pobres 2010,% de crianças vulneráveis à pobreza 1991,% de crianças vulneráveis à pobreza 2000,% de crianças vulneráveis à pobreza 2010,Renda per capita dos extremamente pobres 1991,Renda per capita dos extremamente pobres 2000,Renda per capita dos extremamente pobres 2010,Renda per capita dos pobres 1991,Renda per capita dos pobres 2000,Renda per capita dos pobres 2010,Renda per capita dos vulneráveis à pobreza 1991,Renda per capita dos vulneráveis à pobreza 2000,Renda per capita dos vulneráveis à pobreza 2010
76,Brasil,0.647,0.692,0.739,0.662,0.727,0.816,0.279,0.456,0.637,447.56,592.46,793.87,18.64,12.48,6.62,38.16,27.9,15.2,58.53,48.39,32.56,26.97,20.19,11.47,49.25,41.01,26.01,68.83,63.1,49.41,40.91,35.64,31.66,71.86,72.75,75.19,113.41,123.07,142.72
2300101,Abaiara,0.377,0.464,0.54,0.6,0.703,0.748,0.103,0.283,0.612,83.34,143.75,229.74,58.48,48.1,20.96,85.15,67.72,44.64,95.68,85.66,71.86,72.92,66.61,32.15,91.79,84.32,62.26,97.25,93.1,86.67,38.52,29.76,39.16,56.44,50.38,73.1,69.34,78.21,120.18
2300150,Acarape,0.443,0.485,0.559,0.537,0.632,0.709,0.179,0.383,0.562,125.8,163.3,259.03,40.99,31.47,12.31,75.43,59.8,32.88,91.35,83.87,66.26,52.49,42.57,18.06,85.01,71.68,44.77,94.69,89.76,78.19,47.92,35.59,42,71.06,65.38,81.99,91.43,98.59,141.63
2300200,Acaraú,0.449,0.483,0.554,0.534,0.671,0.758,0.089,0.22,0.517,131.06,161.22,250.79,43.25,43.9,28.32,75.83,69.76,51.22,90.44,88.03,75.35,53.22,57.32,38.46,83.01,82.85,65.45,93.9,94.71,86,42.43,29.3,32.42,66.77,55.85,64.75,85.27,81.64,106.22
2300309,Acopiara,0.413,0.498,0.563,0.514,0.637,0.724,0.077,0.22,0.517,104.25,177.7,266.65,60.23,46.89,29.5,82.46,68.07,45.21,93.46,85.72,68.34,71.09,60.5,41.92,88.55,81.02,62.77,95.62,92.24,84.85,34.58,22.1,34.57,51.26,46.29,59.05,67.15,74.41,106
2300408,Aiuaba,0.36,0.404,0.518,0.574,0.616,0.749,0.081,0.196,0.474,74.98,99.06,200.6,73.99,60.74,30.97,89.86,77.42,52.55,95.72,91.43,75.02,83.31,73.85,41.59,92.93,89.66,68.99,97.63,96.62,87.72,27.94,22.23,32.36,39.61,39.25,62.17,47.54,60.96,102.14
2300507,Alcântaras,0.386,0.456,0.549,0.49,0.63,0.751,0.122,0.262,0.524,88.52,136.44,243.73,63.5,44.6,20.12,86.95,67.62,37.34,95.92,88.31,67.24,76.46,63.18,27.73,92.93,81.64,51.49,98.03,96.38,80.98,42.9,33.35,33.02,56.53,57.16,67.84,68.42,87.79,125.13
2300606,Altaneira,0.381,0.49,0.547,0.512,0.647,0.774,0.122,0.228,0.515,85.88,169.23,240.97,67.82,52.05,28.68,85.93,70.94,49.56,94.82,83.8,72.18,77.25,65.07,42.11,93.07,84.55,68.73,97,91.87,87.2,28.38,26.1,34.68,41.67,44.87,64.93,54.59,66.05,106.92
2300705,Alto Santo,0.438,0.506,0.563,0.661,0.727,0.774,0.097,0.229,0.499,121.94,186.45,265.07,42.8,30.59,17.8,75.02,55.24,36.02,92.63,81.05,64.21,54.52,41.61,29.03,84.29,68.56,53.19,96.12,88.89,80.93,41.94,31.03,34.44,66.11,62.85,71.56,87.82,100.41,124.76
2300754,Amontada,0.366,0.441,0.503,0.619,0.665,0.761,0.062,0.259,0.582,77.94,124.16,182.47,68.78,57.71,37.41,88.25,75.28,57.54,96.73,89.46,79.23,78.14,70.65,48.64,94.97,85.02,71.46,98.65,92.94,89.19,37.02,19.57,30.93,50.32,38.09,56.25,62.23,60.55,94.26
2300804,Antonina do Norte,0.409,0.48,0.55,0.561,0.69,0.772,0.129,0.241,0.506,102.26,158.85,244.83,56.73,41.11,21.79,80.73,65.87,43.92,94.45,85.82,69.7,70.2,55.56,29.88,86.45,81.89,59.62,96.97,94.44,85.52,32.48,31.16,35.54,53.97,56.54,70.46,73.27,85.62,114.95
2300903,Apuiarés,0.378,0.437,0.536,0.522,0.662,0.741,0.104,0.276,0.593,84.24,121.31,224.63,63.78,47.69,29.96,88.26,73.09,49.77,95.62,87.92,70.96,74.46,64.92,42.78,92.43,87.35,67.92,95.69,95.28,85.39,34.7,27.75,34.33,52.1,53.09,61.56,62.28,75.78,102.33
2301000,Aquiraz,0.469,0.548,0.608,0.59,0.708,0.788,0.126,0.321,0.55,147.8,242.56,352.6,34.41,19.7,8.09,68.98,52.28,24.19,90.14,80.1,56.63,45.14,28.15,12.41,77.61,66.43,37.14,93.67,88.41,73.7,42.97,40.29,36.13,73.39,79.35,86.76,99.39,117.34,150.77
2301109,Aracati,0.481,0.53,0.607,0.578,0.697,0.742,0.184,0.388,0.624,159.15,216.08,349.26,40.97,26.73,14.18,72.91,51.95,31.68,87.54,77.33,59.26,52.22,38.05,21.2,81.21,64.83,45,91.14,84.95,73.11,41.81,35.75,36.4,66.03,67.45,76.13,85.43,105.03,132.27
2301208,Aracoiaba,0.418,0.462,0.55,0.537,0.632,0.759,0.144,0.315,0.556,108.11,141.98,245.24,58.2,41.62,23,83.15,69.1,42.69,92.84,87.32,68.61,70.07,56.15,34.1,91.35,83.11,60.05,96.18,94.06,82.24,38.39,33.46,33.08,55.64,59.23,65.49,69.53,84.33,115.09
2301257,Ararendá,0.318,0.457,0.522,0.579,0.715,0.763,0.044,0.256,0.516,58.04,137.05,205.43,75.61,48.06,36.31,94.66,69.4,51.04,98.61,86.63,73.87,88.45,64.3,50.15,98.52,82.64,69.64,99.5,93.06,87.37,35.91,21.6,35.72,46.59,45.01,55.59,51.77,73.24,99.39
2301307,Araripe,0.368,0.447,0.515,0.537,0.647,0.759,0.079,0.176,0.459,79.23,129.41,197.14,66.66,55.52,36.68,88.55,72.91,56,96.16,89.28,76.33,76.15,70.73,50.23,93.85,84.5,73.79,98.01,94.45,89.12,37.7,23.99,33.05,51.45,41.12,57.27,60.44,66.69,93.63
2301406,Aratuba,0.423,0.444,0.53,0.643,0.725,0.775,0.088,0.289,0.587,111.35,126.67,215.94,48.56,49.52,25.67,80.7,75.89,46.35,92.84,91.39,73.01,62.18,63.72,34.64,88.78,86.87,63.65,95.96,95.88,87.01,41.05,32.01,34.99,63.67,54.13,64.9,79.77,76.14,116.38
2301505,Arneiroz,0.351,0.421,0.565,0.574,0.633,0.74,0.103,0.277,0.564,70.95,110.01,269.77,71.7,51.96,19.9,91.14,74.53,40.76,98.48,90.99,69.82,80.95,68.6,27.52,94.22,87.73,57.3,99.03,96.61,84.32,33.89,27.15,39.33,46.86,49.12,72.42,55.89,72.7,124.83
2301604,Assaré,0.398,0.445,0.573,0.54,0.647,0.783,0.093,0.176,0.482,95.29,127.68,282.6,58.05,54.32,27.95,84.94,72.85,45.07,94.25,87.72,67.59,68.63,71.35,39.67,90.68,88.1,61.63,96.49,95.13,83.79,35.55,30.01,31.65,55.74,48.8,58.93,68.47,70.83,104.85
2301703,Aurora,0.431,0.456,0.557,0.556,0.67,0.764,0.106,0.27,0.521,117.26,136.33,255.78,63.16,41.54,24.46,85.72,66.34,45.69,96.16,85.65,67.38,75.7,55.51,35.42,91.77,81.64,62.87,97.19,93.67,85.23,34.87,35.25,37.45,50.36,58.27,68.71,65.62,86.19,112.04
2301802,Baixio,0.347,0.45,0.563,0.503,0.637,0.763,0.193,0.323,0.575,69.21,131.46,265.94,78.07,43.7,17.63,88.6,71.18,35.89,95.73,87.31,62.83,85.79,60.71,27.35,93.27,86.64,54.8,96.7,94.6,81.72,31.25,35.39,42.3,39.18,60.31,75.97,50.53,83.49,126.91
2301851,Banabuiú,0.385,0.488,0.54,0.587,0.701,0.779,0.103,0.278,0.53,88.01,166.55,229.99,63.08,42.97,28.36,86.94,66.6,48.92,95.45,83.43,73.97,74.08,55.79,40.28,92.07,79.47,64.91,97.27,91.15,85.9,36.58,32.22,31.47,51.85,56.11,62.34,62.76,81.36,107.83
2301901,Barbalha,0.476,0.542,0.613,0.663,0.714,0.817,0.175,0.357,0.637,154.69,233.87,362.9,48.33,32.3,10,74.44,58.09,28.35,87.69,79.34,57.68,59.95,46.75,15.47,84.24,74.15,42.43,91.75,88.97,74.11,40.74,39.67,42.44,61.56,66.12,85.49,80.22,98.14,141.93
2301950,Barreira,0.436,0.468,0.551,0.566,0.637,0.771,0.121,0.334,0.551,120.35,147.18,246.69,44.69,38.15,21.19,81.36,65.58,41.44,92.88,86.42,69.35,55.66,53.36,29.91,88.64,81.73,56.94,95.38,93.42,83.98,41,31.3,35.05,65.13,59.17,70.37,79.27,88.95,119.46
2302008,Barro,0.392,0.488,0.556,0.63,0.727,0.758,0.095,0.243,0.51,91.52,166.99,254.44,59.91,33.58,24.08,81.55,62.73,41.46,94.92,84.07,66.64,72.65,47.22,36.09,88.44,78.47,60.78,96.57,92.52,82.52,36.83,36.9,34.46,53.81,66.2,66.2,71.61,96.86,117.71
2302057,Barroquinha,0.358,0.431,0.512,0.493,0.597,0.72,0.04,0.176,0.505,74.31,117.28,192.96,63.35,48.49,35.21,91.42,75.59,55.93,97.47,92.11,78.46,73.94,62.31,45.88,95.58,86.54,70.58,98.83,96.71,90.5,40.41,37.71,33.77,55.75,59.74,61.27,63.75,80.54,99.97
2302107,Baturité,0.463,0.526,0.574,0.537,0.647,0.753,0.2,0.341,0.548,142.91,210.55,284.88,40.25,30.5,14.44,71.26,59.83,34.41,87.32,79.56,62.33,50.09,42.36,21.81,78.8,73.47,48.37,90.31,87.58,77.28,41.13,36.05,36.16,65.97,66.51,76.59,86.88,95.71,129.92
2302206,Beberibe,0.428,0.481,0.585,0.611,0.735,0.778,0.087,0.267,0.571,115.07,159.43,304.61,42.8,38.49,20.15,75.37,66.54,38.18,93.29,88.31,64.22,54.87,48.49,28.36,83.45,78.09,53.38,96.31,93.76,79.41,38.61,29.55,35.14,65.3,58.98,69.48,87.45,88.93,120.51
2302305,Bela Cruz,0.418,0.441,0.533,0.493,0.621,0.76,0.085,0.244,0.598,107.82,124.25,221.07,50.64,45.69,28.97,79.91,74.07,51.91,93.9,89.19,74.88,61.55,60.05,40,86.27,85.4,66.61,96.73,94.48,87.77,42.25,34.22,35.01,60.82,60.11,64.66,78.25,80.54,105.12
2302404,Boa Viagem,0.392,0.484,0.553,0.573,0.659,0.768,0.115,0.231,0.504,91.89,162.68,250.47,61.95,45.73,31.91,85.54,68.67,48.83,94.22,85.76,71.03,71.93,59.75,44.43,91.66,81.95,67.23,96.06,93,87.17,35.15,27.44,31.59,52.5,51.13,56.55,64.44,77.11,101.24
2302503,Brejo Santo,0.498,0.538,0.596,0.618,0.735,0.768,0.155,0.321,0.592,177.12,226.92,325.64,50.74,31.72,13.83,75.18,58.36,32.29,86.76,77.86,61.28,61.1,44.65,18.16,82.73,71.43,44.76,91.48,86.37,75.8,38.8,35.3,31.85,58.54,64.69,74.06,76.12,93.53,132.68
2302602,Camocim,0.437,0.515,0.565,0.512,0.649,0.729,0.127,0.295,0.578,121.29,196.83,269,49.33,39.78,22.12,78.46,67.41,45.76,91.65,84.79,71.72,59.08,51.5,31.51,85.19,78.3,60.92,94.88,89.98,83.42,39.24,34.98,35.34,60.58,61.69,69.6,78.06,86.67,114.71
2302701,Campos Sales,0.446,0.55,0.584,0.617,0.696,0.769,0.113,0.273,0.556,128.57,245.47,303.68,52.06,34.12,23.58,76.19,59.67,46.64,88.97,81.01,66.09,62.05,47.42,34.01,83,75.13,64.86,91.61,90.38,84.8,35.35,35.63,37.09,55.28,63.03,70.94,74.71,94.5,110.03
2302800,Canindé,0.439,0.475,0.571,0.587,0.705,0.765,0.107,0.269,0.526,122.54,153.77,278.9,46.72,44.34,26.44,77.79,67.94,45.24,91.86,85.71,69.79,59.35,58.29,35.98,86.2,80.23,59.98,95.74,92.14,82.91,42.04,27.76,31.1,64.43,52.27,62.33,81.99,80.04,109.72
2302909,Capistrano,0.408,0.432,0.527,0.609,0.704,0.73,0.086,0.313,0.593,101.42,117.36,211.95,56.98,48.14,32.97,79.65,73.49,52.79,94.54,90.05,75.65,66.83,58.59,46.26,86.57,82.3,70.06,95.9,93.59,89.2,40.7,22.85,29.45,57.21,50,56.71,76.13,75.2,99.64
2303006,Caridade,0.408,0.451,0.528,0.572,0.703,0.779,0.101,0.236,0.505,101.44,132.82,213.18,53.54,41.97,26.58,82.87,71.96,47.06,94.01,88.42,72.88,66.46,52.5,35.81,90.64,83.06,62.23,96.71,94.34,86.96,37.12,33.75,32.37,58.86,60.96,64.88,73.03,82.96,109.4
2303105,Cariré,0.412,0.452,0.537,0.572,0.7,0.749,0.083,0.228,0.526,103.96,133.29,225.75,55.76,46.91,28.47,85.94,71.72,49.87,96.15,89.17,72.04,72.13,64.58,41.37,93.73,87.02,68.97,97.53,96.54,87.26,38.38,28.72,35,58.65,53.14,64.67,71.18,78.19,104.36
2303204,Caririaçu,0.365,0.438,0.549,0.503,0.619,0.73,0.08,0.222,0.483,77.46,122.43,243.1,66.41,51.96,21.83,85.98,71.53,45.21,95.9,89.53,69.23,77.45,69.02,28.61,91.84,87.06,58.37,97.24,96.19,81.94,31.89,30.03,33.46,47.38,49.11,68.29,60.99,76.69,113.6
2303303,Cariús,0.408,0.448,0.546,0.623,0.725,0.751,0.069,0.259,0.519,101.3,130.21,239.39,62.84,46.15,28.7,84.56,67.62,44.85,94.12,87.14,67.79,73.29,61.64,42.2,89.55,82.37,63.38,96.25,93.89,86.74,28.49,18.4,28.24,45.43,44.39,57.64,59.31,75,106.02
2303402,Carnaubal,0.38,0.472,0.536,0.545,0.629,0.76,0.075,0.247,0.513,85.05,151.19,224.37,62.87,49.41,27.18,85.54,70.96,49.64,94.66,85.94,73.86,71.54,65.14,37.18,89.76,84.54,63.34,96.13,92.33,86.26,32.6,28.9,36.76,49.32,50.25,66.39,62.79,74.25,109.13
2303501,Cascavel,0.443,0.539,0.587,0.609,0.735,0.793,0.119,0.302,0.578,125.67,228.76,309.14,42.87,29.03,12.08,75.5,56.86,31.25,91.87,82.06,60.09,55.34,40.57,17.89,83.5,71.76,44.58,94.22,90.59,75.29,42.47,32.54,33.44,67.14,65.78,78.99,87.18,103.21,135.79
2303600,Catarina,0.439,0.416,0.551,0.574,0.629,0.764,0.075,0.267,0.56,122.72,106.26,246.38,41.12,53.22,21.25,76.02,75.91,42.19,91.96,90.95,71.73,45.47,62.91,31.89,81.41,83.65,56.7,94.19,95.26,83.85,46.75,25.9,33.91,68.55,48.29,70.58,89.49,70.48,122.11
2303659,Catunda,0.356,0.418,0.537,0.579,0.692,0.717,0.075,0.269,0.587,73.11,107.87,225.43,68.02,49.77,27.33,84.71,73.79,48.19,97.27,90.5,75.83,78.25,64.39,38.46,91.14,85.84,63.63,98.51,94.88,87.42,31.81,28.24,33.11,43.71,52.06,64.7,60.88,76.26,113.8
2303709,Caucaia,0.507,0.56,0.62,0.632,0.764,0.808,0.217,0.4,0.632,187.29,260.56,379.63,26.84,20.38,6.53,59.5,46.89,22.82,82.08,73.31,51.67,35.48,28.29,10.17,68.54,57.76,34.71,88.03,81.59,67.99,45.23,40.75,34.52,75.42,75.39,87.75,106.18,115.93,150.37
2303808,Cedro,0.491,0.508,0.592,0.579,0.663,0.753,0.183,0.314,0.553,170.15,189,317.69,56.94,34.58,23.13,78.33,60.24,39.13,90.78,81.55,62.81,67.82,50.39,36.28,86.16,77.02,57.44,95.53,90.53,79.98,36.35,34.11,36.12,52.06,62.71,65.75,70.09,96.22,117.65
2303907,Chaval,0.388,0.456,0.524,0.493,0.597,0.716,0.108,0.232,0.536,89.58,136.43,208.7,61.55,51.8,23.66,88.92,75.2,49.91,96.15,90.78,74.23,72.94,65.03,32.64,93.43,83.65,66.52,97.77,94.5,86.59,37.57,31.17,32.49,56.52,51.16,67.51,66.17,73.63,109.27
2303931,Choró,0.371,0.409,0.493,0.522,0.647,0.778,0.077,0.208,0.523,80.65,102.17,171.62,66.61,56.32,41.75,87.93,78.74,60.78,96.05,92.64,79,75.49,70.26,54,93.5,89.14,74.84,97.43,96.45,91.27,32.08,25.9,28.43,46.55,46.4,52.32,57.66,66.82,84.79
2303956,Chorozinho,0.442,0.483,0.57,0.566,0.665,0.742,0.065,0.26,0.522,125.16,162.08,277.4,35.07,33.98,17.2,72.94,63.76,36.15,90.7,87.32,66.03,43.43,45.99,23.32,81.8,76.43,50.44,93.75,94.41,80.88,47.09,39.22,33.1,73.71,67.54,72.04,93.25,98.72,129.18
2304004,Coreaú,0.427,0.444,0.526,0.62,0.68,0.758,0.104,0.221,0.568,114.08,126.82,210.65,51.32,45.01,30.29,79.59,72.54,47.57,94.21,88.62,74.62,65.57,61.74,42.8,88.81,87.36,63.2,97.24,96.27,87.18,40.32,35.58,35.53,60.43,60.84,61.5,78.41,83.53,110.69
2304103,Crateús,0.478,0.546,0.618,0.617,0.732,0.787,0.158,0.319,0.55,156.33,239.4,373.18,42.63,29.7,19.44,71.45,56.35,37.07,87.14,77.7,61.12,54.67,42,29.77,78.88,70.48,53.9,89.89,86.96,77.41,39.79,36.47,30.39,63.79,65.89,66.04,85.47,99.04,118.44
2304202,Crato,0.533,0.599,0.655,0.613,0.714,0.822,0.267,0.449,0.673,221.16,333.37,470.46,38.42,23.12,8.61,65.85,48.05,24.54,81.81,70.67,50.89,49.76,34.07,13.69,74.86,63.2,38.05,86.89,80.87,68.49,40.6,36.89,37.58,65.66,70.05,82.58,89.34,107.35,141.44
2304236,Croatá,0.344,0.415,0.497,0.527,0.618,0.76,0.054,0.2,0.544,67.88,105.62,176.12,71.16,57.47,41.08,90.5,80.04,58.91,97.2,92.44,79.3,80.07,70.21,55.34,92.87,89.32,75.64,98,96.98,92.21,36.3,28.47,28.59,48.68,47.26,51.61,57.03,64.52,88.8
2304251,Cruz,0.437,0.464,0.573,0.578,0.709,0.752,0.076,0.251,0.586,121.4,143.41,282.51,35.33,42.79,24.71,72.84,70,46.29,92.85,88.26,67.89,45.93,58.31,35.82,82.08,85.26,65.8,95.99,95.11,83.04,44.26,33.23,33.03,71.39,58.91,66.58,94.35,84.27,108.57
2304269,Deputado Irapuan Pinheiro,0.41,0.491,0.542,0.532,0.618,0.742,0.084,0.299,0.562,102.57,170.34,233.15,58.79,39.77,29.11,85.01,63.62,45.38,94.09,83.19,64.99,67.79,54.86,44.15,89.85,78.18,63.25,95.22,91.9,81.36,31.67,31.67,32.18,52.58,56.96,58.68,64.82,88.16,102.61
2304277,Ererê,0.415,0.482,0.551,0.6,0.689,0.754,0.099,0.245,0.547,105.68,160.16,246.27,71.47,39.05,20.15,87.29,61.76,39.25,94.15,80.93,65.65,80.8,55.95,29.67,91.27,77.59,54.88,95.64,90.5,82.64,32.01,32.57,36.78,43.06,55.75,69.99,52.54,87.56,121.61
2304285,Eusébio,0.516,0.534,0.7,0.577,0.708,0.794,0.18,0.344,0.621,198.87,221.43,623.01,33.38,24.01,5.6,64.64,54.72,22.03,85.54,80.19,49.32,44.35,30.69,8.78,76.33,65.36,33.92,91.86,87.05,65.29,44.75,29.1,35.52,71.06,67.4,91.9,97.63,104.33,152.22
2304301,Farias Brito,0.41,0.463,0.541,0.503,0.637,0.774,0.142,0.302,0.605,102.52,142.4,231.88,60.79,44.11,30.83,82.05,67.28,48.78,92.72,84.73,70.27,71.72,60,45.41,88.14,81.78,67.04,96.65,90.8,85.73,29.96,29.55,30.95,47.96,53.03,57.59,63.82,80.42,102.41
2304350,Forquilha,0.437,0.506,0.583,0.594,0.701,0.76,0.119,0.282,0.602,121.27,187.02,300.9,45.27,34.9,11.42,77.41,58.42,29.57,90.5,82.94,59.2,57.54,47.44,17.84,87.15,72.9,41.5,94.51,91.03,73.46,44.82,32.56,39.61,66.19,59.56,82.72,83.09,96.42,140.59
2304400,Fortaleza,0.65,0.697,0.749,0.683,0.744,0.824,0.367,0.534,0.695,457.04,610.48,846.36,15.25,9.02,3.36,38.97,27.54,12.14,61.62,51.74,32.88,22.24,14.69,5.73,49.19,39.86,21.32,70.06,65.09,49.93,46.31,44.26,39.42,80.26,83.99,91.58,120.3,133.92,160.97
2304459,Fortim,0.414,0.523,0.562,0.548,0.65,0.734,0.093,0.326,0.588,105.32,207.52,264.14,44.38,37.83,19.95,83.88,63.5,39.33,94.8,84.38,67.94,57.05,50.34,26.34,89.39,75.96,52.23,96.65,90.44,79.53,41.22,37.27,31.08,68.22,63.57,68.67,80.91,91.93,125.1
2304509,Frecheirinha,0.428,0.461,0.551,0.58,0.675,0.746,0.139,0.292,0.536,114.46,140.62,246.03,55.38,47.19,24.26,79.95,71,45.88,89.83,86.98,70.94,65.24,62.36,33.6,84.81,84.36,62.74,91.84,94.49,84.59,38.78,26.37,35.58,56.82,51.09,67.85,71.08,73.99,114.38
2304608,General Sampaio,0.399,0.421,0.548,0.573,0.664,0.744,0.078,0.216,0.449,96.01,109.76,242.1,67.04,56.36,22.62,89.75,78.07,43.35,93.98,90.46,71.11,77.53,67.23,33.76,95.15,89.47,61.79,97.42,96.39,86.28,39.34,27.17,41.43,53.33,47.19,70.64,59.03,65.12,118.94
2304657,Graça,0.319,0.41,0.514,0.572,0.7,0.755,0.018,0.192,0.477,58.32,102.39,195.67,76.73,52.45,37.99,92.95,77.53,55.15,98.26,91.93,74.44,85.48,65.81,51.72,95.4,89.06,71.19,99.13,97.73,87.72,36.42,30.26,32.14,47.15,52.3,54.45,53.43,72.37,92.06
2304707,Granja,0.402,0.418,0.495,0.531,0.66,0.778,0.073,0.185,0.453,97.52,107.83,173.99,59.07,54.39,43.63,83.37,79.46,63.91,94.38,91.94,82.31,72.14,69.61,57.16,90.25,89.9,78.38,97.11,97.09,91.85,38.73,30.07,27.69,56.11,52.06,51.85,70.09,69.46,83.28
2304806,Granjeiro,0.344,0.398,0.533,0.503,0.619,0.715,0.109,0.209,0.526,68.08,95.12,221.14,72.14,60.63,27.99,92.12,78.53,46.36,96.17,88.41,70.13,79.19,74.51,41.94,95.12,89.07,66.31,97.34,93.77,86.56,26.3,18.22,38.31,41.39,35.09,64.04,47.43,50.91,107.23
2304905,Groaíras,0.424,0.483,0.585,0.594,0.69,0.724,0.177,0.275,0.598,112.16,161.29,304.64,49.71,39.78,14.32,77.62,62.99,31.9,92.62,81.2,61.02,62.79,55.05,24.65,85.58,79.06,50.06,94.82,91.18,80.84,46.82,33.58,41.23,65.04,57.83,78.95,84.01,87,136.12
2304954,Guaiúba,0.432,0.461,0.546,0.652,0.725,0.768,0.131,0.28,0.56,117.56,141.07,239.69,37.19,32.83,17.67,74.39,65.15,40.45,93.9,87.95,69.62,46.53,44.34,24.14,83.88,77.85,53.99,96.3,94.2,81.34,44.09,37.06,34,70.83,67.69,74.94,95.22,96.64,124.62
2305001,Guaraciaba do Norte,0.424,0.475,0.552,0.574,0.693,0.776,0.112,0.241,0.528,112.18,153.29,247.55,57.55,40.62,19.81,80.22,68.78,43.42,91.55,86.78,71.11,66.31,55.05,27.5,86.03,81.38,59.38,94.38,93.34,85.4,39.12,36.72,36.49,54.62,61.83,74.47,70.02,86.75,121.63
2305100,Guaramiranga,0.413,0.487,0.576,0.643,0.704,0.736,0.131,0.365,0.61,104.21,165.53,287.35,47.58,26.55,9.44,83.37,57.43,35.52,95.08,86.83,64.55,62.89,40.57,14.28,91.58,73.82,49.18,96.91,95.14,78.21,45.36,38.4,40.76,66.93,70.1,92.48,81.39,110.25,140.37
2305209,Hidrolândia,0.374,0.463,0.549,0.579,0.712,0.775,0.072,0.231,0.499,82.03,142.59,243.41,61.91,47,25.49,88.21,64.23,44,96.03,85.88,68.14,74.22,60.62,38.21,92.6,77.28,61.87,98.01,90.61,82.91,36.75,25.31,37.94,53.34,45.71,66.32,64.56,79.2,112.23
2305233,Horizonte,0.47,0.552,0.594,0.597,0.707,0.788,0.107,0.307,0.61,148.74,248.14,322.78,31.69,21.75,7.51,65.51,53.72,22.32,89.55,81.06,54.91,41.15,29.92,10.64,75.21,66.14,33.67,93.44,89.87,71.74,45.77,35.26,34.36,72.85,75.22,86.27,101.57,113.39,153.83
2305266,Ibaretama,0.373,0.44,0.517,0.531,0.659,0.759,0.102,0.231,0.489,81.26,123.43,199.63,58.17,43.55,34.72,87.47,70.91,54.03,96.8,87.46,76.65,72.92,56.84,47.56,95.18,84.55,70.79,99.17,94.87,90.45,38,34.14,31.36,58.04,59.23,57.59,69.62,83.15,98.61
2305308,Ibiapina,0.379,0.478,0.559,0.59,0.695,0.767,0.102,0.277,0.525,84.6,156.43,258.57,61.18,41.49,15.06,85.82,68.39,38.71,94.93,86.12,66.87,72.85,56.07,23.25,90.87,82.48,53.24,95.84,92.87,82.56,35.82,34.38,38.24,53.05,59.26,79.09,65.45,86.84,127.57
2305332,Ibicuitinga,0.385,0.446,0.514,0.598,0.731,0.758,0.124,0.281,0.571,88.06,128.09,196.54,59.03,43.39,31.29,83.8,69.13,53.82,93.65,88.97,76.05,64.18,58.16,41.85,87.1,80.86,70.4,94.31,93.34,89.43,32.42,28.92,33.08,53.04,55.36,63.8,65.83,84.06,101.44
2305357,Icapuí,0.488,0.498,0.572,0.578,0.65,0.757,0.097,0.338,0.541,166.95,177.85,280.79,30.08,29.5,13.7,63.37,53.31,33.32,84.09,81.05,64.15,39.48,42.3,20.99,72.25,67.33,45.53,88.93,89.64,78.54,43.57,37.56,40.98,73.66,67.73,79.47,101.26,106.02,136.35
2305407,Icó,0.431,0.493,0.568,0.579,0.633,0.731,0.107,0.282,0.536,117.02,172.34,274.01,53.62,39.08,24.65,80.34,64.02,42.14,91.43,82.74,66.06,63.1,53.48,36.48,86.35,77.72,59.43,93.44,90.17,82.19,37.92,26.69,30.36,58.33,54.56,61.8,74.26,83.62,110.8
2305506,Iguatu,0.534,0.58,0.642,0.63,0.728,0.808,0.182,0.386,0.599,222.15,295.46,434.67,32.43,20.82,10.86,63.23,44.01,24.31,81.51,69.08,50.24,42.9,30.62,17.66,72.45,57.99,38.8,86.22,78.72,68.38,42.26,37.63,34.78,70.27,71.57,75.33,95.66,113.08,138.79
2305605,Independência,0.413,0.512,0.561,0.617,0.732,0.759,0.136,0.323,0.592,104.52,194.02,262.34,49.01,33.07,28.13,80.65,60.07,45.52,94.42,81.99,68.32,57.13,43.85,41.38,86.57,72.95,61.55,96.3,88.43,83.16,39.41,37.56,36.23,61.29,65.91,62.17,79.43,97.31,109.28
2305654,Ipaporanga,0.373,0.413,0.502,0.579,0.715,0.766,0.018,0.231,0.506,81.66,104.36,182.11,61.19,51.94,42.11,87.99,76.6,55.78,96.22,93.58,76.24,73.31,66.8,59.56,94.14,88.09,75.32,98.35,98.64,91.01,39.06,28.36,29.5,56.36,50.94,49.05,66.87,73.93,91.25
2305704,Ipaumirim,0.399,0.485,0.621,0.578,0.662,0.729,0.155,0.273,0.491,95.93,163.68,380.61,65.63,41.77,18.95,85.5,66.96,36.35,93.35,86.1,63.58,75.89,55.96,29.91,90.52,81.2,55.46,95.7,93.83,81.45,33.05,31.42,39.76,48.12,57.36,70.25,59.61,85.6,124.33
2305803,Ipu,0.428,0.508,0.583,0.63,0.731,0.762,0.119,0.285,0.532,114.67,189.21,301.38,55.58,36.5,21.08,80.55,61.87,42.15,91.92,82.99,66.43,66.45,48.75,31.67,87.19,76.24,59.03,94.94,90.81,81.85,37.44,37.2,37.4,55.59,63.08,71.24,71.46,94.18,118.35
2305902,Ipueiras,0.395,0.45,0.534,0.546,0.675,0.735,0.065,0.212,0.479,93.51,131.9,222.22,59.48,47.15,33.07,85.85,72.12,51.9,95.55,87.91,74.37,72.41,62.02,46.98,92.54,84.86,70.66,97.29,95.01,89.31,38.47,31.93,33.36,56.32,54.92,58.6,68.51,77.71,100.65
2306009,Iracema,0.411,0.534,0.597,0.589,0.689,0.733,0.139,0.337,0.632,103.1,222.57,328.61,47.15,31.09,18.59,80.1,57.25,33.85,93.52,76.31,61.63,53.92,41.95,26.92,84.99,69.81,47.64,96.97,83.75,79.16,35.15,26.97,34.33,61.97,59.96,64.24,80.14,91.76,123.87
2306108,Irauçuba,0.394,0.439,0.526,0.572,0.7,0.755,0.138,0.256,0.557,93.05,122.79,211.75,59.73,46.65,35.65,84.27,71.41,56.58,94.08,87.61,76.5,69.1,60.08,45.64,89.33,81.32,69.8,96.45,93.28,88.1,37.77,26.02,26.06,56.12,51.78,55.25,68.75,76.38,90.89
2306207,Itaiçaba,0.403,0.469,0.581,0.548,0.65,0.758,0.188,0.401,0.642,97.99,148.11,296.81,54.23,38.62,11.24,79.69,63.85,26.94,95.69,85.18,59.22,65.58,49.69,18.08,88.68,74.49,43.55,97.23,91.67,80.44,38.63,34.8,39.22,56.78,61.96,78.17,80.3,92.24,141.47
2306256,Itaitinga,0.456,0.512,0.583,0.596,0.708,0.768,0.121,0.296,0.548,136.44,193.25,300.15,30.23,22.12,9.11,70.69,53.07,29.31,90.26,80.01,61.11,38.53,29.69,12.05,79.54,65.26,39.3,94.93,89.13,73.18,45.06,40.23,33.2,76.75,76.11,85.95,100.22,113.62,144
2306306,Itapagé,0.46,0.502,0.561,0.567,0.686,0.76,0.17,0.28,0.568,140.31,181.44,263.18,43.38,34.08,22.46,74.15,63.55,42.45,91.29,83.93,69.87,53.53,45.96,32.47,81.36,75.98,57.51,93.81,90.95,83.44,45.29,33.72,36.78,67.16,63.18,69.41,89.43,92.9,119.3
2306405,Itapipoca,0.405,0.486,0.562,0.662,0.722,0.761,0.136,0.31,0.613,99.56,164.71,264.08,60.52,43.51,25.35,83.7,67.26,45,92.98,84.62,69.64,71.49,55.63,35,89.46,78.99,59.1,95.11,90.62,82.33,35.46,28.67,32.44,52.54,53.74,64.74,65.26,80.33,112.1
2306504,Itapiúna,0.383,0.458,0.525,0.597,0.722,0.775,0.141,0.332,0.542,86.65,138.55,209.53,66.76,50.11,26.66,88.46,69.88,46.42,96.34,87.68,72.52,79.14,63.76,37.37,94.12,83.18,62.83,97.63,94.73,86.54,37.63,21.37,32.81,52.01,42.87,62.61,61.93,69.91,108.3
2306553,Itarema,0.416,0.44,0.529,0.578,0.666,0.753,0.064,0.201,0.558,106.77,123.88,214.89,59.5,48.58,27.82,84.84,75.74,49.01,94.24,90.51,77.45,71.49,60.49,38,91.69,85.24,62.83,96.35,95.05,87.05,36.65,29.25,33.88,54.29,54.65,65.52,66.68,76.3,113.16
2306603,Itatira,0.36,0.415,0.514,0.512,0.647,0.747,0.049,0.176,0.463,75.35,105.8,196.02,63.28,57.54,33.92,90.2,77.12,53.79,96.17,90.91,75.39,72.81,68.68,46.92,94.64,87.31,70.9,97.03,95.08,88.43,38.27,21.5,32.22,56.6,41.71,59.24,63.93,63.44,97.63
2306702,Jaguaretama,0.419,0.492,0.552,0.648,0.723,0.776,0.105,0.248,0.535,108.42,171.37,247.85,53.34,32.48,27.99,82.24,63.31,47.29,91.31,84.46,71.55,66.97,43.76,35.67,89.33,75.83,62.47,94,92.89,85.13,38.79,31.03,33.14,59.41,63.31,62.45,72.11,95.79,108.78
2306801,Jaguaribara,0.462,0.489,0.575,0.648,0.723,0.735,0.157,0.29,0.559,141.56,167.59,287.08,43.48,32.36,12.86,71.7,58.58,32.21,88.37,82.58,60.42,55.99,44.12,18.51,80.1,72.04,44.12,92.74,90.25,76.01,38.16,34.84,37.39,62.12,64.21,81.36,85.9,99.4,136.31
2306900,Jaguaribe,0.464,0.543,0.58,0.648,0.723,0.76,0.168,0.354,0.543,143.54,234.76,294.97,47.3,29.68,19.58,77.02,56.73,37.3,90.16,78.97,62.37,58.74,40.62,29.27,82.68,72,53.6,92.71,87.47,79.07,40.25,35.1,35.97,61.58,65.86,70.37,79.41,99.72,118.97
2307007,Jaguaruana,0.448,0.49,0.568,0.638,0.743,0.779,0.157,0.34,0.548,129.63,169.12,274.9,38.21,31.73,14.91,72.49,62.03,34.35,88.63,83.53,61.74,50.08,42.8,20.6,82.49,74.2,49.54,93.38,91.11,80.66,42.14,27.2,30.81,68.4,63.06,73.74,88.72,94.66,127.76
2307106,Jardim,0.4,0.453,0.547,0.635,0.704,0.779,0.111,0.265,0.542,96.23,134.08,241.09,56.95,50.03,25.63,84.25,71.13,45.8,94.07,87.31,70.28,70.05,66,38.78,91.33,85.17,63.9,97.6,95,85.76,34.81,27.06,33.8,55.05,48.78,65.8,69.2,74.19,110.94
2307205,Jati,0.392,0.494,0.562,0.609,0.707,0.776,0.146,0.305,0.634,91.76,173.06,264.55,63.71,38.22,18.98,84,63.3,41.91,92.51,84.32,66.82,77.63,52.89,29.07,91.24,77.54,59.38,94.74,93.76,81.32,34.73,37.76,41.23,49.89,61.51,77.4,62.77,92.44,121.62
2307254,Jijoca de Jericoacoara,0.421,0.506,0.614,0.535,0.653,0.723,0.03,0.227,0.625,109.78,187.01,365.46,50.81,42.47,18.71,77.95,67.27,36.4,92.43,82.99,61.49,63.03,53.49,27.4,86,76.25,49.09,93.28,88.98,74.12,45.86,30.29,35.4,61.56,56.89,68.95,82.41,81.06,120.88
2307304,Juazeiro do Norte,0.533,0.578,0.644,0.613,0.713,0.81,0.225,0.39,0.642,220.89,291.71,439.53,28.54,19.92,6.73,60.66,46.94,23.43,81.22,72.92,51.95,38.13,29.85,10.55,70.47,62.11,35.88,85.91,82.88,68.59,44.54,40.77,38.07,74.14,75.69,89.36,102.19,115.22,148.88
2307403,Jucás,0.379,0.448,0.541,0.561,0.637,0.772,0.07,0.301,0.511,84.58,129.98,232.22,67.27,46.2,22.49,88.17,70.5,44.11,95.32,87.84,70.58,75.1,62.02,31.87,92.49,82.64,60.69,97.27,94.84,86.67,27.43,26.48,31.36,43.93,51.48,69.47,55.39,77.69,118.26
2307502,Lavras da Mangabeira,0.419,0.46,0.576,0.605,0.715,0.778,0.149,0.295,0.515,108.68,139.76,288.15,59.4,44.43,25.73,82.82,65.17,46.26,92.55,86.14,69.23,71.84,61.01,36.74,89.04,82.08,65.45,95.31,92.54,86.19,34.53,25.04,31.95,52.47,48.24,62.26,66.26,80.95,104.84
2307601,Limoeiro do Norte,0.493,0.56,0.633,0.666,0.783,0.804,0.247,0.403,0.623,171.72,261.01,410.03,31.17,20.21,7.98,64.33,46.39,21.09,86.4,74.82,49.38,42.66,29.38,11.29,73.76,61.79,31.76,89.3,85,65.6,44.3,34.94,38.03,71.76,73.92,82.33,100.38,117.84,150.31
2307635,Madalena,0.371,0.468,0.536,0.587,0.701,0.778,0.109,0.265,0.545,80.42,147.2,225.22,67.74,46.01,34.36,88.96,63.57,49.8,95.83,84.75,73.93,77.37,62.43,47.32,93.77,80.62,67.29,98.14,92.65,87.54,34.63,31.37,27.87,49.24,50.33,52.55,58.33,82.18,101.14
2307650,Maracanaú,0.495,0.56,0.617,0.649,0.76,0.788,0.23,0.447,0.665,173.62,261.47,372.91,25.96,13.62,4.59,59.66,40.61,18.97,84.56,69.57,47.69,32.73,18.89,7.29,67.28,51.76,29.07,89.01,78.43,63.16,45.46,43.56,39.36,77.55,83.08,94.13,109.85,127.55,157.1
2307700,Maranguape,0.466,0.526,0.587,0.604,0.736,0.788,0.179,0.372,0.618,145.43,211.51,307.81,38.87,24.22,8.52,70.72,52.56,25.4,88.23,78.74,57.64,50.05,33.26,11.45,79.51,65.04,36.51,91.72,87.11,71.79,41.88,37.92,33.43,68.51,71.48,84.29,91.96,109.62,146.1
2307809,Marco,0.416,0.478,0.564,0.531,0.654,0.734,0.13,0.283,0.553,106.61,156.45,266.87,53,42.27,20.27,83.33,68.18,41.45,94.57,87.54,71.84,64.35,56.02,28.84,90.18,80.88,57.25,97.09,93.69,87,43.05,31.14,34.34,60.89,56.86,71.03,74.92,85.22,125.2
2307908,Martinópole,0.386,0.424,0.541,0.493,0.621,0.76,0.109,0.256,0.522,88.63,112.14,232.17,57.97,56.08,33.95,80.67,75.64,51.02,95.84,90.54,74.68,69.56,69.27,46.95,87.08,86.33,67.16,97.82,95.59,87.57,38.81,29.5,31.73,55.1,46.02,55.43,72.95,68.29,98.98
2308005,Massapê,0.466,0.456,0.541,0.572,0.682,0.778,0.099,0.243,0.554,144.95,136.36,231.47,48.97,44.23,21.32,80.35,69.66,41.67,93.45,85.26,68.12,60.6,57.42,30.91,87.3,82.21,55.88,94.51,92.28,80.59,41.67,31.63,32.98,63.79,57.03,68.11,79.98,78.87,119.89
2308104,Mauriti,0.383,0.495,0.544,0.629,0.727,0.772,0.089,0.245,0.526,86.68,173.73,236.11,65.3,40.49,29.78,86.22,65.73,48.76,94.62,84.31,72.26,74.64,55.34,39.16,90.77,80.69,62.22,96.57,92.35,85.23,33.02,32.67,33.73,48.79,56.95,61.37,60.8,85.01,104.39
2308203,Meruoca,0.386,0.477,0.559,0.569,0.668,0.761,0.131,0.268,0.554,88.2,156.15,258.78,57.79,41.22,14.97,84.7,64.1,35.68,95.76,86.34,68.67,71.88,56.43,21.47,91.71,79.84,48.87,97.41,93.38,82.88,40.47,35.66,33.82,57.56,57.78,75.2,71.94,90.47,133.22
2308302,Milagres,0.423,0.472,0.561,0.615,0.703,0.777,0.134,0.275,0.569,110.95,150.9,261.96,56.77,43.12,17.6,78.19,68.67,36.4,92.16,86.37,67.27,67.32,56.92,24.49,86.64,83.09,51.29,95.39,93.78,82.59,36.17,26.84,41.17,52.29,53.48,73.14,72.46,80.31,132.01
2308351,Milhã,0.347,0.479,0.56,0.586,0.674,0.784,0.11,0.314,0.558,69.44,157.76,260.95,67.98,37.23,25.82,91.92,64.02,44.12,97.41,83.77,65.53,81.35,53.27,37.54,95.79,82.51,63.95,98.69,94.4,82.75,35.26,34.95,32.24,51.46,63.32,63.52,58.93,91.16,106.12
2308377,Miraíma,0.346,0.398,0.51,0.572,0.682,0.778,0.098,0.225,0.523,68.7,95.07,191.56,68.13,60.41,41.87,90.7,81.6,64.35,97.04,91.65,82.32,78.53,72.79,53.91,95.54,90.89,80.43,98.22,96.03,93.64,37.29,20.55,29.78,50.79,41.21,54.95,59.17,57,86.23
2308401,Missão Velha,0.42,0.509,0.579,0.587,0.662,0.754,0.112,0.259,0.552,109.37,190.28,293.16,54.59,40.36,20.65,80.95,65.75,44.81,93.03,82.48,68.98,68.98,53.66,30.54,88.74,79.54,61.68,96.03,91.2,85.16,39.21,32.81,40.28,58.32,57.92,75.34,75.03,84.05,116.66
2308500,Mombaça,0.408,0.469,0.549,0.555,0.677,0.735,0.086,0.2,0.489,101.57,148.47,243.85,68.81,51.05,27.66,85.62,70.75,45.53,92.83,86.1,69.52,79.77,65.97,40.43,91.43,85.7,63.71,95.16,94.48,86.67,28.65,20.16,33.57,42.21,42.42,61.63,53.17,66.9,108.36
2308609,Monsenhor Tabosa,0.358,0.432,0.545,0.579,0.715,0.773,0.138,0.27,0.538,74.4,118.01,237.18,72.81,51.79,29.71,90.08,72.15,49.73,94.55,88.44,71.01,79.46,66.69,40.9,94.32,85.18,66.12,96.07,95.86,85.1,28.75,28.12,33.55,41.06,49.21,63.16,47.98,73.98,103.73
2308708,Morada Nova,0.44,0.528,0.569,0.664,0.732,0.758,0.129,0.296,0.525,123.37,214.12,276.36,47.3,29.17,22.85,77.42,59.24,39.18,91.59,81.56,64.53,58.48,40.86,35.18,84.4,72.82,57.01,94.32,88.9,81.13,41.97,36.47,36.33,63.74,69.49,65.98,82.03,99.99,116.81
2308807,Moraújo,0.414,0.413,0.495,0.58,0.664,0.768,0.14,0.209,0.516,104.99,104.84,174.55,44.31,50.7,34.34,76.9,76.61,58.9,95.25,92.49,79.16,55.74,65.95,47.36,86.75,88.25,74.76,98.17,96.91,90,42.59,30.17,34.73,66.4,51.56,63.14,87.15,74.54,97.48
2308906,Morrinhos,0.389,0.452,0.524,0.512,0.654,0.76,0.13,0.241,0.511,90.25,133.07,208.9,60.19,53.03,32.3,85.15,73.42,54.57,94.74,89.34,72.79,72.33,67.12,44.31,92.33,86.98,69.85,97.2,95.85,87.13,40.31,29.21,37.76,56.54,48.36,63.95,69.44,72.8,95.76
2309003,Mucambo,0.39,0.475,0.565,0.572,0.7,0.732,0.111,0.289,0.541,90.69,153.91,269.65,55.92,46.04,29.28,85.73,68.98,46.25,95.66,86.5,68.1,65.94,62.91,40.44,90.38,84.97,63.64,97.45,93.99,83.03,42.04,34.37,35.63,61.1,56.28,60.59,72.96,82.23,105.58
2309102,Mulungu,0.447,0.5,0.551,0.653,0.725,0.759,0.137,0.306,0.534,129.1,179.49,246.35,42.97,40.14,25.33,73.2,63.28,47.55,88.88,84.49,71.08,57.51,53.27,35.32,83.39,77.35,63.3,92.75,92.59,84,44.01,34.07,35.73,66.97,58.03,67.32,85.98,91.21,110.34
2309201,Nova Olinda,0.399,0.516,0.567,0.583,0.66,0.779,0.132,0.269,0.554,95.93,198.86,272.1,61.74,40.9,23.04,84.07,61.31,46.47,92.87,81.69,71.45,74.2,54.93,31.29,89.24,76.07,61.66,95.44,89.11,86.3,38.46,27.93,32.08,53.43,52.87,70.07,65.6,86.63,112.91
2309300,Nova Russas,0.442,0.519,0.585,0.591,0.674,0.754,0.13,0.277,0.524,124.88,202.62,304.52,57.18,35.09,16.55,79.36,61.73,33.63,90.8,81.84,60.75,68.39,50.09,24.78,86.47,76.27,48.29,94.97,90.52,77.37,35.77,33.45,39.69,52.29,62.08,70.43,68.93,91.6,127.75
2309409,Novo Oriente,0.407,0.475,0.552,0.597,0.674,0.763,0.094,0.235,0.526,100.41,153.42,247.79,56.76,43.71,35.93,82.78,65.13,50.09,92.14,81.84,70.52,68.19,57.09,50.07,89.09,77.71,65.74,94.99,89.21,82.55,34.42,30.57,32.25,53.66,53.96,52.34,66.81,79.3,95.73
2309458,Ocara,0.362,0.423,0.524,0.566,0.648,0.771,0.105,0.298,0.519,75.9,111.36,208.77,61.94,49.1,32.09,88.57,76.11,49.99,97.45,92.36,74.16,72.83,66.13,44.25,93.79,90.58,66.94,98.43,96.87,87.93,36.58,25.58,31.33,54.3,52.65,58.72,65.09,75.44,104.76
2309508,Orós,0.431,0.476,0.582,0.579,0.663,0.793,0.196,0.318,0.557,117.28,154.32,298.84,49.51,37.3,15.74,78.27,64.6,33.03,91.17,83.71,59.42,59.33,50.04,25.44,84.94,78.97,51.44,94.18,92.38,79.93,38.89,31.52,41.47,61.32,60.25,76.06,80.08,88.37,126.32
2309607,Pacajus,0.501,0.524,0.609,0.597,0.707,0.788,0.15,0.354,0.596,180.56,208.74,354.78,29.07,23.25,7.96,63.22,53.6,24.7,84.16,78.67,52.87,39.62,31.18,11.83,74.29,66.03,35.98,89.89,88.1,68.58,44.07,37.5,36.6,75.01,73.16,86.42,101.51,108.94,147.07
2309706,Pacatuba,0.476,0.52,0.605,0.645,0.743,0.779,0.186,0.393,0.652,154.65,203.31,344.63,24.7,19.32,6.66,59.88,47.83,22,85.48,76.91,54.06,30.68,27.63,10.44,67,58.5,33.81,89.91,84.62,68.73,47.11,40.04,37.05,79.17,76.83,89.65,111.01,118.15,155.31
2309805,Pacoti,0.446,0.48,0.571,0.643,0.732,0.773,0.143,0.322,0.58,128.18,158.45,279.49,44.72,35.83,17,75.55,64.56,37.95,91.82,87.16,64.75,58.91,47.04,26.53,85.83,77.02,55.51,94.12,93.36,80.63,40.21,34.76,39.47,65.04,64.97,73.88,86.09,96.19,124.43
2309904,Pacujá,0.537,0.549,0.562,0.594,0.701,0.745,0.177,0.299,0.571,225.6,243.05,264.03,42.68,25.98,17.87,72.19,44.81,41.68,87.65,65.49,67.18,57.23,33.51,27.73,84.33,53.61,58.75,93.41,71.71,82.77,42.12,30.43,39.15,66.46,57.59,77.87,86.19,84.32,122
2310001,Palhano,0.35,0.441,0.572,0.638,0.69,0.723,0.133,0.392,0.628,70.44,124.8,281.69,67.49,46.38,17.94,87.99,74.58,34.53,97.17,87.92,61.66,76.76,61.84,29.71,93.71,86.56,52.29,98.01,93.61,79.55,32.26,27.2,38.64,48.05,54.02,73.85,61.29,73.02,131.06
2310100,Palmácia,0.461,0.459,0.59,0.653,0.723,0.742,0.145,0.37,0.551,140.63,139.04,315.23,39.64,45.77,24.51,73.95,69.95,45.85,87.71,85.51,72.19,52.06,62.55,37.25,84.16,83.68,64.01,91.72,91.85,86.55,43.27,27.24,34.11,68.11,51.97,69.67,84.83,75.53,115.85
2310209,Paracuru,0.456,0.482,0.597,0.556,0.662,0.746,0.155,0.299,0.581,136.41,160.46,328.2,45.3,40.22,16.65,72.75,66.49,36.59,89.62,84.62,64,55.36,51.6,23.17,80.44,79.53,50.58,93.23,91.77,79.03,42.15,28.34,38.16,63.58,56.36,77.23,86.63,84.26,129.02
2310258,Paraipaba,0.467,0.489,0.574,0.596,0.725,0.738,0.164,0.343,0.602,146.07,168.12,283.79,40.24,36.07,17.3,70.56,66.16,38.48,89.76,82.78,65.05,49.29,47.67,24.89,75.64,76.1,54.14,92.11,89.75,79.87,38.37,35.45,39.81,63.74,64.48,78.07,88.75,89.05,125.68
2310308,Parambu,0.43,0.452,0.526,0.625,0.731,0.764,0.105,0.175,0.46,116.46,133.14,211.05,51.01,48.67,28.46,80.52,72.81,51.58,92.43,90.17,74.35,62.17,62.17,39.54,86.31,86.12,67.36,94.21,96.21,89.75,42.78,36.43,32.4,61.65,56.76,64.5,76.64,81.79,104.36
2310407,Paramoti,0.377,0.424,0.515,0.556,0.666,0.741,0.059,0.235,0.518,83.73,111.72,196.63,60.08,53.18,32.31,86.98,76.06,49.98,96.08,91.96,77.17,72.47,68.39,46.28,93.75,88.63,70.47,97.07,97.43,92.53,39.8,22.62,31.45,57.13,44.29,56.9,68.76,67.05,107.01
2310506,Pedra Branca,0.388,0.485,0.541,0.532,0.674,0.779,0.073,0.226,0.521,89.25,163.51,231.56,61.44,40.41,25.04,87.94,65.59,41.95,95.07,83.48,71.21,72.35,54.36,35.67,92.48,80.14,56.84,96.7,92,84.76,38.43,27.23,32.19,55.2,54.66,61.44,64.72,82.28,117.67
2310605,Penaforte,0.41,0.508,0.566,0.618,0.727,0.761,0.255,0.403,0.626,102.88,189.06,271.18,57.86,30.02,16.07,76.35,60.06,34.26,92.77,79.57,62.1,67.55,39.53,21.56,81.96,73.01,48.29,95.62,86.7,77.1,33.79,40.07,40.58,48.26,69.53,74.95,72.74,98.19,130.65
2310704,Pentecoste,0.419,0.49,0.562,0.522,0.659,0.734,0.132,0.315,0.604,108.62,169.1,264.95,48.03,36.48,25.4,77.25,65.3,44.8,92.93,83.36,71.69,59.12,47.54,35.94,85.04,77.34,61.01,95.59,90.26,85.84,40.83,35.09,34.53,62.34,64.17,64.67,82.76,90.28,114.95
2310803,Pereiro,0.365,0.458,0.525,0.61,0.689,0.776,0.116,0.28,0.534,77.52,138.16,209.49,75.12,50.64,32.65,86.9,71.61,51.12,93.59,86.84,73.49,82.98,67.03,46.67,91.71,85.87,68.35,96.06,93.96,87.9,29.45,19.69,33.08,38.18,42.13,59.6,48,65.22,104.42
2310852,Pindoretama,0.447,0.522,0.581,0.588,0.687,0.754,0.122,0.334,0.588,128.81,205.36,296.99,35.82,31.58,11.67,75.03,63.33,30.09,91.05,82.73,60.66,51.21,42.7,17.74,86.11,75.97,43.9,94.53,90.52,77.01,45.82,40.01,35.97,74.84,69.31,80.56,94.01,96.17,139.92
2310902,Piquet Carneiro,0.399,0.462,0.53,0.593,0.684,0.779,0.105,0.247,0.523,95.53,141.99,217.02,58.83,45,29.58,84.43,67.53,48.21,93.47,84.16,70.66,67.32,60.91,44.88,90.86,82.69,66.47,95.73,93.36,87.34,36.03,17.05,30.39,53.94,44.31,58.04,65.88,71.16,101.41
2310951,Pires Ferreira,0.368,0.446,0.51,0.548,0.675,0.769,0.069,0.201,0.526,79,128.37,191.39,65.19,46.04,33.14,89.33,73.57,52.34,96.97,89.87,78.85,77.35,58.89,45.11,94.76,85.99,68.9,99.17,95.45,91.18,38.96,29.94,36.41,54.48,57.14,60.53,64.63,80.25,107.06
2311009,Poranga,0.368,0.44,0.527,0.548,0.675,0.746,0.039,0.217,0.5,79.04,123.9,212.87,67.95,56.73,32.89,86.85,74.2,53,94.51,87.77,73.31,77.36,70.9,46.26,91.98,85.38,69.66,97.31,94.58,85.92,31.11,22.68,32.4,44.77,40.06,60.1,56.52,61.15,99.11
2311108,Porteiras,0.416,0.489,0.531,0.583,0.712,0.765,0.107,0.312,0.592,106.62,167.91,218.44,59.98,37.43,24.96,82.41,64.33,47.62,91.82,84.64,74.42,73.22,51.24,35.75,88.21,78.27,65.46,93.33,91.23,90.34,37.32,38.82,38.85,53.02,64.56,69.62,65.53,93.31,115.58
2311207,Potengi,0.398,0.475,0.529,0.605,0.692,0.759,0.117,0.189,0.441,94.92,153.86,215.12,70.64,41.06,33.2,86.15,63.52,53.53,93.24,84.9,76.22,80.76,53.96,47.22,89.52,76.94,71.19,95.39,93.69,88.93,34.76,35.64,29.77,46.43,57.01,57.29,56.58,88.89,99.28
2311231,Potiretama,0.381,0.456,0.544,0.61,0.689,0.754,0.068,0.245,0.538,85.71,136.46,236.09,64.58,46.98,23.51,86.13,70.23,43.54,94.12,85.52,66.34,76,58.56,34.94,91.3,78.05,59.99,96.37,89.73,82.84,35.53,25.78,33.81,50.96,50.17,66.92,61.54,74.73,110.41
2311264,Quiterianópolis,0.301,0.462,0.524,0.594,0.732,0.774,0.077,0.197,0.518,52.13,141.41,208.58,81.75,43.38,33.36,94.26,65.53,49.89,98.48,85.36,74.2,88.78,58.79,44.43,97.19,80.19,63.78,99.34,93.32,85.63,31.39,36.36,28.84,39.54,58.51,53.39,45.48,88.38,101.16
2311306,Quixadá,0.484,0.518,0.592,0.611,0.743,0.775,0.19,0.374,0.624,162.21,200.88,317.66,44.75,33.14,17.65,71.51,58.07,36.21,86.98,78.62,62.51,56.5,45.99,26.97,80.34,72.13,53.47,90.34,86.73,79.2,40.09,31.56,34.82,61.65,61.05,70.86,83.69,94.04,125.06
2311355,Quixelô,0.442,0.449,0.548,0.579,0.7,0.725,0.067,0.157,0.52,124.91,130.9,242.27,45.86,46.77,27.44,76.85,69.63,45.02,91.34,87.36,67.54,51.83,62.52,42.38,82.87,82.53,64.84,94.65,93.45,83.53,41.58,23.72,36.08,63.44,48.39,63.86,82.33,74.63,110.13
2311405,Quixeramobim,0.464,0.492,0.592,0.627,0.701,0.789,0.155,0.325,0.567,143.96,170.44,317.45,52.98,37.99,19.57,82.06,62.46,38.37,94.35,81.68,63.18,63.87,53.13,28.21,88,77.39,53.21,96.65,90.3,79.29,37.64,27.58,36,58.82,55.43,69.85,74.76,85.38,120.5
2311504,Quixeré,0.443,0.484,0.56,0.638,0.727,0.774,0.127,0.305,0.556,126.36,162.84,260.79,39.99,32.28,13.93,72.87,62.63,34.25,92.41,83.24,64.03,53.08,44.58,20.64,80.69,77.69,51.58,94.87,91.59,80.63,42.06,40.21,36.37,67.79,68.75,77.94,92,97.21,132.38
2311603,Redenção,0.425,0.47,0.567,0.597,0.702,0.75,0.168,0.331,0.577,112.29,149.24,273.08,42.42,32.45,19.99,76.58,65.02,38.32,93.54,85.02,62.93,57.09,42.73,29.25,87.26,76.25,55.59,96.62,91.03,79.45,39.92,30.95,37.29,65.29,63.36,70.16,85.44,91.43,118.1
2311702,Reriutaba,0.423,0.471,0.56,0.63,0.725,0.761,0.099,0.274,0.509,111.55,149.88,260.65,52.95,37.93,29.29,81.08,67.09,50.02,92.16,87.57,71.72,66.72,53.11,42.04,88.83,79.93,67.62,94.34,93.39,87.23,39.51,36.9,32.47,58.56,63.64,62.08,73.72,92.16,102.88
2311801,Russas,0.504,0.533,0.617,0.641,0.76,0.791,0.195,0.361,0.626,184.64,219.91,372.43,33.57,21.72,7.55,65.12,48.76,22.09,85.63,75.72,50.17,44.51,31.03,12.4,74.11,63.14,36.21,89.47,85.03,68.32,42.34,37.33,37.15,70.29,70.92,84.89,97.66,112.08,148.63
2311900,Saboeiro,0.353,0.417,0.533,0.493,0.616,0.715,0.064,0.203,0.499,72.1,107.25,220.94,76.16,60.95,31.8,91.58,78.88,50.76,97.88,90.78,72.71,87.09,74.89,43.71,94.93,89.79,67.76,98.51,95.81,86.91,30.78,21.84,34.63,41.19,38.46,60.46,49.99,57.14,102.47
2311959,Salitre,0.328,0.422,0.497,0.559,0.648,0.732,0.037,0.127,0.434,61.77,110.64,176.75,72,50.42,30.94,93.66,74.65,53.46,98.12,91.21,78.59,80.06,63.13,40.75,95.96,86.5,68.14,99.13,96.25,89.92,34.29,33.84,33.42,48.42,54.7,62.38,54.52,78,104.08
2312007,Santana do Acaraú,0.419,0.477,0.536,0.54,0.682,0.755,0.137,0.246,0.5,108.78,156.15,224.83,45.33,51.81,39.1,77.98,73.59,59.47,94.31,88.12,79.57,60.29,66.54,50.5,88.02,87.13,74.05,96.71,94.76,88.88,43.98,29.3,26.27,66.78,51.26,53.08,87.1,72.34,89.17
2312106,Santana do Cariri,0.406,0.43,0.527,0.583,0.693,0.779,0.116,0.256,0.557,100.25,116.03,212.7,60.16,51.12,33.68,82.48,74.43,56.11,94.44,89.89,74.39,72.43,66.54,46.29,89.29,88.49,72.61,96.8,96.49,88.72,38.33,21.24,35.41,53.82,44.47,62.21,69.91,67.27,94.49
2312205,Santa Quitéria,0.384,0.482,0.546,0.579,0.712,0.775,0.1,0.234,0.553,87.41,160.84,238.84,68.12,44.48,30.69,87.6,67.23,48.79,95.1,85.75,71.68,77.13,56.93,42.57,92.39,80.6,64.03,96.9,92.61,85.45,32.75,25.61,32.09,46.67,50.78,59.94,56.96,79.04,103.1
2312304,São Benedito,0.411,0.499,0.562,0.547,0.649,0.764,0.107,0.251,0.531,102.94,178.54,263.94,59.18,40.75,19.29,81.57,67.34,42.61,92.78,85.37,68.21,69.58,53.79,27.44,89.42,80.73,59.12,95.46,91.6,82.75,36.21,33.79,42.13,52.38,59.32,75.74,68.24,85.49,119.12
2312403,São Gonçalo do Amarante,0.435,0.484,0.587,0.556,0.673,0.775,0.142,0.297,0.646,119.92,162.82,309.14,43.98,35.09,15.32,75.83,62.84,33.04,92.8,85.88,60.4,55.63,44.5,20.28,84.23,74.56,44.72,95.91,92.22,74.88,40.34,35.63,32.95,64.26,64.61,73.74,85.58,96.34,127.96
2312502,São João do Jaguaribe,0.464,0.533,0.62,0.638,0.765,0.784,0.215,0.351,0.576,143.71,220.84,378.76,33.42,27.13,14.25,69.25,52.25,27.57,88.08,77.2,48.56,42.09,36.85,25.94,77.89,65.87,47.04,92.02,87.7,73.44,42.14,37.65,40.11,71.2,66.93,69.09,95.98,106.15,122.82
2312601,São Luís do Curu,0.478,0.519,0.558,0.548,0.649,0.719,0.186,0.385,0.593,156.4,201.74,257.9,36.6,30.93,22.07,67.95,64.83,42.2,88.3,84.38,66.88,49.87,43.18,28.32,78.93,79.64,57,93.02,91.75,80.03,45.05,35.47,37.63,68.88,67.68,69.71,96.42,95.75,115.93
2312700,Senador Pompeu,0.485,0.521,0.574,0.532,0.647,0.77,0.198,0.342,0.537,163.83,204.25,283.8,50.82,34.91,21.06,77.93,57.44,37.35,90.42,79.13,63.31,65.12,50.94,32.03,87.73,75.01,55.94,94.14,90.94,81.61,40.6,33.21,31.88,60.75,59.66,63.13,77.14,92.59,119.82
2312809,Senador Sá,0.391,0.383,0.528,0.598,0.697,0.735,0.066,0.2,0.565,91.31,86.97,214.23,48.14,56.25,30.99,82.85,77.64,50.98,96.68,91.76,72.41,60.96,70.86,44.36,90.34,89.67,67.39,98.49,97.79,85.79,42.66,21.27,38.14,65.99,40.17,64.06,82.43,61.97,104.7
2312908,Sobral,0.516,0.582,0.647,0.594,0.722,0.832,0.218,0.369,0.675,198.63,299.41,448.89,35.83,21.79,8.9,65.68,49.43,25.2,82.79,73.65,51.76,45.75,30.7,13.46,74.65,62.48,37.99,87.67,82.98,66.9,43.47,38.97,36.31,69.71,73.46,84.01,92.93,110.57,143.82
2313005,Solonópole,0.405,0.485,0.565,0.586,0.684,0.754,0.124,0.282,0.574,99.38,163.36,269.25,60.1,34.99,22.85,85.55,62.14,40.69,94.16,83.16,65.5,69.36,48.88,34.67,91.03,77.9,58.95,95.97,91.86,83.63,35.32,40.89,37.14,53.04,68.02,67,65.11,98.37,118.04
2313104,Tabuleiro do Norte,0.501,0.549,0.62,0.638,0.76,0.791,0.148,0.341,0.547,180.2,243.29,379.75,31.06,25.64,15.35,65.48,48.92,30.02,84.88,73.34,51.46,43.25,39.57,23.04,76.87,67.38,44.49,90.56,84.91,67.23,44.98,38,30.31,74.58,67.99,68.08,99.95,109.21,123.29
2313203,Tamboril,0.384,0.425,0.526,0.579,0.715,0.779,0.063,0.188,0.476,87.15,112.89,211.64,63.13,49.14,31.03,84.07,73.61,49.31,94.86,89.67,72.76,73.66,64.66,44.56,90.81,86.01,66.67,96.94,94.53,87.65,38.76,25.39,33.43,53.52,49.49,60.5,67.56,72.91,105.06
2313252,Tarrafas,0.276,0.387,0.529,0.561,0.616,0.751,0.06,0.224,0.482,44.65,89,214.72,82.72,59.36,36.36,95.96,77.14,49.69,98.91,91.09,69.93,87.14,73.49,53.19,97.92,90.44,69.47,99.18,96.25,87.35,26.75,18.54,31.37,36.31,36.3,50.73,40.4,59.3,93.16
2313302,Tauá,0.442,0.522,0.585,0.637,0.735,0.773,0.137,0.283,0.56,125.18,206.21,305.42,57.59,33.82,20.19,80.06,61.8,41.03,90.71,81.72,65.43,67.22,46.74,30.54,85.57,76.58,59,93.37,89.89,82.62,36.83,37.41,33.26,53.25,65.78,69.85,69,95.51,117.44
2313351,Tejuçuoca,0.358,0.424,0.517,0.568,0.665,0.742,0.08,0.265,0.52,74.45,112.1,199.81,66.37,59.86,30.68,91.51,79.35,51.38,96.32,92.56,75.43,77.7,73.36,42.69,95.03,90.14,67.02,97.46,97.12,88.82,35.41,22.42,33.97,52.13,41.9,62.7,59.11,61.48,104.71
2313401,Tianguá,0.477,0.503,0.628,0.588,0.695,0.768,0.141,0.278,0.587,155.91,182.63,398.29,46.51,34.35,13.16,71.62,62.25,34.54,85.88,83.89,62.35,55.98,44.44,20.99,78.07,74.28,49.86,88.42,89.17,79.4,41.14,35.61,42.62,61.9,63.38,81.26,82.14,94.58,130.46
2313500,Trairi,0.391,0.438,0.522,0.619,0.722,0.739,0.102,0.235,0.577,91.41,122.12,205.89,60.14,51.42,32.4,84.14,74.71,53.07,95.24,88.94,76.17,71.13,64.2,42.71,90.72,85.91,66.25,96.94,94.32,86.39,37.55,32.93,31.45,54.71,53.39,60.09,69.52,73.85,100.48
2313559,Tururu,0.366,0.414,0.508,0.597,0.686,0.76,0.121,0.258,0.576,78.08,105.47,188.84,59.04,54.5,34.36,87.04,78.13,54.19,97.23,91.29,76.66,69.47,68.09,46.07,92.47,88.86,68.27,98.26,96.09,86.99,36.78,26.1,29,56.29,47.89,55.54,69.28,67.28,97.67
2313609,Ubajara,0.44,0.527,0.595,0.574,0.701,0.769,0.143,0.271,0.594,123.67,213.07,325.13,50.36,25.91,14.77,75.77,57.89,36.4,87.7,82.01,63.62,61.23,36.8,21.51,80.98,71.24,51.72,90.68,88.71,79.35,43.25,43.74,37.62,61.87,75.65,80.51,78.43,105.95,129.08
2313708,Umari,0.331,0.444,0.535,0.503,0.637,0.778,0.112,0.26,0.497,62.65,126.74,223.62,76.48,56.31,30.53,90.89,73.59,50.85,97.72,87.14,75.19,85.89,75.85,46.49,94.25,88.38,73.34,99.09,95.88,92.33,27.74,21.85,34.72,38.25,39.26,62.38,48.96,61.06,105.94
2313757,Umirim,0.391,0.432,0.514,0.493,0.616,0.751,0.108,0.231,0.524,91.43,117.49,195.42,58.46,49.5,32.4,88.14,75.36,52.27,96.49,89.51,79.01,71.72,64.3,44.27,93.44,86.81,68.72,98.45,96.34,90.69,38.07,26.7,32.47,58,52.36,60.81,68.85,72.8,106.38
2313807,Uruburetama,0.442,0.471,0.564,0.597,0.685,0.76,0.154,0.294,0.608,125.41,150.06,267.47,43.65,32.78,18.78,76.38,65.59,41.37,90.49,85.82,72.38,56.04,45.1,25.55,86.11,78.21,55.54,95.1,91.61,85.84,45.45,42.81,36.21,68.69,70.46,73.88,87.01,97.08,125.43
2313906,Uruoca,0.378,0.424,0.503,0.58,0.682,0.745,0.059,0.212,0.485,83.91,112.11,182.85,58.51,54.57,34.17,86.63,77.28,56.79,95.61,90.82,78.85,72.84,69.61,45.64,93.82,90.44,73.26,97.53,96.81,91.43,39.18,29.59,32.86,57.83,49.2,60.99,69.23,68.75,98.68
2313955,Varjota,0.45,0.499,0.575,0.63,0.695,0.728,0.153,0.279,0.545,131.22,178.04,286.41,49.4,35.51,18.45,78.17,62.43,40.41,92.17,80.28,66.15,61.39,51.28,27.04,84.93,77.34,57.54,94.88,89.39,80.43,40.94,37.02,40.93,62.17,64.49,75.26,80.28,91.2,122.91
2314003,Várzea Alegre,0.381,0.484,0.569,0.579,0.69,0.759,0.131,0.296,0.576,85.75,162.42,276.17,66.54,39.82,25.16,85.38,63.44,42.91,94.53,81.21,63.98,77.29,52.04,38.25,91.23,76.81,63.87,96.16,89.81,83.46,29.65,25.26,37.23,44.57,53.37,65.26,58.62,81.84,107.32
2314102,Viçosa do Ceará,0.385,0.425,0.521,0.578,0.693,0.753,0.058,0.171,0.475,88.06,112.79,204.23,64.73,58.59,36.84,87.7,78.47,57.51,95.1,90.78,79.99,74.69,71.91,49.3,92.67,89.09,73.69,97.08,96.1,91.89,37.61,30.32,33.12,52.27,47.63,57.8,62.25,66.06,96.83