Código,Espacialidades,Taxa de atividade - 10 anos ou mais 1991,Taxa de atividade - 10 anos ou mais 2000,Taxa de atividade - 10 anos ou mais 2010,Taxa de atividade - 10 a 14 anos 1991,Taxa de atividade - 10 a 14 anos 2000,Taxa de atividade - 10 a 14 anos 2010,Taxa de atividade - 15 a 17 anos 1991,Taxa de atividade - 15 a 17 anos 2000,Taxa de atividade - 15 a 17 anos 2010,Taxa de atividade - 18 anos ou mais 1991,Taxa de atividade - 18 anos ou mais 2000,Taxa de atividade - 18 anos ou mais 2010,Taxa de atividade - 18 a 24 anos 1991,Taxa de atividade - 18 a 24 anos 2000,Taxa de atividade - 18 a 24 anos 2010,Taxa de atividade - 25 a 29 anos 1991,Taxa de atividade - 25 a 29 anos 2000,Taxa de atividade - 25 a 29 anos 2010,Taxa de desocupação - 10 anos ou mais 1991,Taxa de desocupação - 10 anos ou mais 2000,Taxa de desocupação - 10 anos ou mais 2010,Taxa de desocupação - 10 a 14 anos 1991,Taxa de desocupação - 10 a 14 anos 2000,Taxa de desocupação - 10 a 14 anos 2010,Taxa de desocupação - 15 a 17 anos 1991,Taxa de desocupação - 15 a 17 anos 2000,Taxa de desocupação - 15 a 17 anos 2010,Taxa de desocupação - 18 anos ou mais 1991,Taxa de desocupação - 18 anos ou mais 2000,Taxa de desocupação - 18 anos ou mais 2010,Taxa de desocupação - 18 a 24 anos 1991,Taxa de desocupação - 18 a 24 anos 2000,Taxa de desocupação - 18 a 24 anos 2010,Taxa de desocupação - 25 a 29 anos 1991,Taxa de desocupação - 25 a 29 anos 2000,Taxa de desocupação - 25 a 29 anos 2010,% de empregados com carteira - 18 anos ou mais 1991,% de empregados com carteira - 18 anos ou mais 2000,% de empregados com carteira - 18 anos ou mais 2010,% de empregados sem carteira - 18 anos ou mais 1991,% de empregados sem carteira - 18 anos ou mais 2000,% de empregados sem carteira - 18 anos ou mais 2010,% de trabalhadores do setor público - 18 anos ou mais 1991,% de trabalhadores do setor público - 18 anos ou mais 2000,% de trabalhadores do setor público - 18 anos ou mais 2010,% de trabalhadores por conta própria - 18 anos ou mais 1991,% de trabalhadores por conta própria - 18 anos ou mais 2000,% de trabalhadores por conta própria - 18 anos ou mais 2010,% de empregadores - 18 anos ou mais 1991,% de empregadores - 18 anos ou mais 2000,% de empregadores - 18 anos ou mais 2010,Grau de formalização dos ocupados - 18 anos ou mais 1991,Grau de formalização dos ocupados - 18 anos ou mais 2000,Grau de formalização dos ocupados - 18 anos ou mais 2010,% dos ocupados com fundamental completo - 18 anos ou mais 1991,% dos ocupados com fundamental completo - 18 anos ou mais 2000,% dos ocupados com fundamental completo - 18 anos ou mais 2010,% dos ocupados com médio completo - 18 anos ou mais 1991,% dos ocupados com médio completo - 18 anos ou mais 2000,% dos ocupados com médio completo - 18 anos ou mais 2010,% dos ocupados com superior completo - 18 anos ou mais 1991,% dos ocupados com superior completo - 18 anos ou mais 2000,% dos ocupados com superior completo - 18 anos ou mais 2010,% dos ocupados no setor agropecuário - 18 anos ou mais 1991,% dos ocupados no setor agropecuário - 18 anos ou mais 2000,% dos ocupados no setor agropecuário - 18 anos ou mais 2010,% dos ocupados no setor extrativo mineral - 18 anos ou mais 1991,% dos ocupados no setor extrativo mineral - 18 anos ou mais 2000,% dos ocupados no setor extrativo mineral - 18 anos ou mais 2010,% dos ocupados na indústria de transformação - 18 anos ou mais 1991,% dos ocupados na indústria de transformação - 18 anos ou mais 2000,% dos ocupados na indústria de transformação - 18 anos ou mais 2010,% dos ocupados no SIUP - 18 anos ou mais 1991,% dos ocupados no SIUP - 18 anos ou mais 2000,% dos ocupados no SIUP - 18 anos ou mais 2010,% dos ocupados no setor de construção - 18 anos ou mais 1991,% dos ocupados no setor de construção - 18 anos ou mais 2000,% dos ocupados no setor de construção - 18 anos ou mais 2010,% dos ocupados no setor comércio - 18 anos ou mais 1991,% dos ocupados no setor comércio - 18 anos ou mais 2000,% dos ocupados no setor comércio - 18 anos ou mais 2010,% dos ocupados no setor serviços - 18 anos ou mais 1991,% dos ocupados no setor serviços - 18 anos ou mais 2000,% dos ocupados no setor serviços - 18 anos ou mais 2010,Rendimento médio dos ocupados - 18 anos ou mais 1991,Rendimento médio dos ocupados - 18 anos ou mais 2000,Rendimento médio dos ocupados - 18 anos ou mais 2010,% dos ocupados sem rendimento - 18 anos ou mais 1991,% dos ocupados sem rendimento - 18 anos ou mais 2000,% dos ocupados sem rendimento - 18 anos ou mais 2010,% dos ocupados com rendimento de até 1 s.m. - 18 anos ou mais 1991,% dos ocupados com rendimento de até 1 s.m. - 18 anos ou mais 2000,% dos ocupados com rendimento de até 1 s.m. - 18 anos ou mais 2010,% dos ocupados com rendimento de até 2 s.m. - 18 anos ou mais 1991,% dos ocupados com rendimento de até 2 s.m. - 18 anos ou mais 2000,% dos ocupados com rendimento de até 2 s.m. - 18 anos ou mais 2010,% dos ocupados com rendimento de até 3 s.m. - 18 anos ou mais 1991,% dos ocupados com rendimento de até 3 s.m. - 18 anos ou mais 2000,% dos ocupados com rendimento de até 3 s.m. - 18 anos ou mais 2010,% dos ocupados com rendimento de até 5 s.m. - 18 anos ou mais 1991,% dos ocupados com rendimento de até 5 s.m. - 18 anos ou mais 2000,% dos ocupados com rendimento de até 5 s.m. - 18 anos ou mais 2010,Índice de Theil-L dos rendimentos do trabalho - 18 anos ou mais 1991,Índice de Theil-L dos rendimentos do trabalho - 18 anos ou mais 2000,Índice de Theil-L dos rendimentos do trabalho - 18 anos ou mais 2010
76,Brasil,0,56.57,57.93,0,9.28,7.53,0,40.05,29.78,0,65.69,66.54,0,70.43,68.05,0,77.18,78.23,0,15.39,7.98,0,29.94,17.3,0,35.9,24.19,0,13.82,7.29,0,23.47,15.07,0,14.36,8.77,0,38.02,46.47,0,22.4,19.33,0,5.96,5.61,0,24.48,21.73,0,3.09,2.05,0,51.63,59.32,0,46.47,62.29,0,30.84,44.91,0,7.97,13.19,0,17.4,13.55,0,0.36,0.48,0,13.56,11.92,0,0.52,0.93,0,7.2,7.4,0,14.43,15.38,0,45.24,44.29,0,0,1296.19,0,6.15,5.58,0,43.92,21.91,0,72.48,69.56,0,80.68,81.67,0,90.33,90.4,0,0.62,0.51
2300101,Abaiara,,38.98,43.94,,4.53,10.21,,26.85,28.01,,48.1,51.24,,50.92,57.42,,59.17,65.16,,9.41,10.28,,9.81,14.03,,26.96,12.86,,8.12,10.01,,11.19,15.93,,15.47,14.65,,20.21,19.39,,48.39,51.1,,7.15,1.05,,17.23,23.7,,0.39,0.13,,28.83,22.18,,23.54,50.11,,15.75,36.01,,2.16,5.17,,42.99,32.99,,0.25,,,2.63,2.84,,,3.03,,4.15,10.9,,7.57,15.98,,40.95,33.87,,,410.96,,6.96,7.66,,87.69,75.3,,94.49,95.18,,97.02,97.57,,98.32,99.35,,0.56,0.49
2300150,Acarape,,48.63,42.69,,8.99,2.95,,32.64,18.65,,58.43,51.5,,57.43,50.57,,66.78,60.32,,14.31,7.25,,17.78,10.57,,38.49,6.64,,12.81,7.24,,25.94,14.65,,14.33,9.12,,22.77,26.03,,39.65,42.32,,7.9,8.64,,13.75,19.03,,1.18,0.65,,31.53,36.98,,28.76,52.92,,15.46,35.15,,1.53,4.53,,30.55,21.18,,1,5.02,,15.3,24.84,,1,1.39,,6.21,7.33,,9.96,6.7,,32.95,32.46,,,513.03,,15.09,7.78,,77.77,43.4,,93.87,91.68,,97.04,96.47,,99.64,99.23,,0.3,0.28
2300200,Acaraú,,45.32,47.87,,10.76,12.09,,35.86,24.75,,54.99,56.9,,55.59,55.36,,60.18,63.06,,9.12,8.2,,20.2,11.23,,21.56,11.82,,7.5,7.9,,13.9,16.21,,7.76,10.99,,7.67,10.05,,39.17,43.31,,4.18,3.16,,29.74,23.87,,1.47,1.05,,14.29,16.16,,12.59,35.44,,6.87,21.4,,1.65,4.18,,44.34,49.13,,0.08,,,12.11,5.61,,0.14,0.37,,5.05,4.98,,8.98,10.5,,26.89,23.81,,,457.36,,18.21,24.01,,84.75,72.61,,95.52,93.04,,97.02,96.79,,98.71,98.02,,0.7,0.78
2300309,Acopiara,,44.72,47.16,,15.67,11.83,,35.29,26.7,,51.73,53.76,,55.14,55.71,,60.65,62.42,,6.3,6.21,,10.45,6.3,,10.66,8.06,,5.7,6.13,,11.35,12.54,,7.74,10.14,,10.04,10.41,,20.57,39.01,,2.38,2.87,,20.67,21.24,,0.76,1.08,,13.85,15.04,,14.5,34.64,,7.63,20.6,,0.44,4.36,,57.05,49.84,,0.14,,,5.46,3.72,,0.08,1.17,,4.05,5.08,,9.53,11.75,,22.88,26.58,,,398.32,,45.85,30.71,,87.32,74.54,,94.44,93.47,,96.94,96.56,,98.35,98.77,,0.7,0.73
2300408,Aiuaba,,46.91,49.18,,15.14,15.34,,37.3,39.02,,55.49,56.38,,54.48,55.1,,58.2,59.57,,3.71,3.71,,1.49,1.73,,4.21,10.2,,3.81,3.31,,6.61,7.37,,4.99,1.93,,8.54,7.99,,12.86,32.88,,3.03,2.75,,30.66,22.74,,0.34,0.2,,12.1,12.31,,10.84,31.37,,4.62,19.16,,0.48,4.21,,60.85,51.32,,,,,4.99,2.35,,,1.11,,3.77,4.92,,5.16,8.22,,25,28.4,,,249.88,,44.71,36.37,,93.29,81.59,,97.9,96.43,,99.06,98.28,,99.65,99.5,,0.4,0.47
2300507,Alcântaras,,48.81,44.44,,18.01,8.64,,32.74,19.9,,57.68,53.29,,52.24,56.04,,60.21,58.29,,5.5,4.8,,6.99,,,7.27,13.83,,5.28,4.57,,13.93,9.43,,4.4,7.95,,15.45,34.35,,15.17,22.82,,2.91,5.84,,45.28,14.71,,0.71,,,20.82,42.34,,14.49,41.08,,8.32,26.81,,0.78,5.33,,51.2,28.26,,,0.13,,2.48,10.15,,0.2,1.41,,5.53,16.16,,11.5,11.14,,27.63,31.86,,,390.7,,20.48,23.47,,86.71,61.95,,95.84,93.77,,98.19,97.7,,99.71,99.29,,0.58,0.47
2300606,Altaneira,,49.12,35.79,,23.12,2.82,,32.36,20.6,,55.83,42.87,,57.56,44.53,,66.65,54.67,,1.99,6.81,,4.11,,,,8.78,,1.96,6.8,,1.34,15.35,,7.16,4.88,,6.82,18.73,,11.14,28.72,,8.79,3.06,,8.78,23.02,,1.06,0.63,,16.57,25.34,,11.31,41.15,,7.82,26.61,,0.68,6.7,,63.5,47.34,,0.28,0.25,,2.07,3.3,,0.58,1.52,,2.17,4.46,,8.97,8.91,,22.42,33.73,,,374.86,,63.62,32.18,,91.95,76.84,,97.62,91.45,,99,95.66,,99,98.13,,0.71,0.56
2300705,Alto Santo,,47.16,48.46,,17.57,7.08,,41.9,29.73,,53.93,55.9,,57.25,61.69,,60.98,69.42,,13.51,5.5,,17.68,7.19,,28.37,7.41,,11.78,5.38,,17.59,6.18,,16.07,6.69,,12.28,18.75,,33.37,44.27,,6,3.07,,27.27,20.25,,1.28,,,22.34,25.29,,15.07,36.72,,8.88,20.29,,1.23,3.4,,47.82,43.19,,,,,10.35,13.22,,0.2,0.58,,10.14,7.25,,8.72,6.59,,20.81,22.72,,,415.48,,20.2,18.99,,77.41,67.67,,92.69,94.06,,95.42,96.05,,98.57,98.71,,0.53,0.37
2300754,Amontada,,37.09,47.04,,6.68,14.52,,23.8,32.82,,47.18,55.45,,46.84,54.56,,53.85,64.62,,13.78,7.77,,24.74,9.12,,29.05,18.23,,12.31,6.89,,22.71,14.09,,12.63,5.3,,9.1,8.63,,22.78,30.5,,10.02,5.72,,16.41,23.87,,2.2,0.25,,20.27,18.66,,17.09,44.23,,8.22,25.79,,1.8,5.98,,54.73,53.13,,0.14,0.07,,4.74,4.7,,,0.54,,4.15,4.68,,6.81,8.13,,28,26.18,,,304.85,,39.6,34.11,,85.07,78.2,,93.66,94.12,,96.09,97.29,,98.45,99.28,,0.57,0.55
2300804,Antonina do Norte,,49.38,43.89,,26.15,8.27,,54.3,27.52,,54.07,51.94,,61.8,51.88,,61.09,62.37,,8.07,7.18,,18.99,14.68,,13.2,9.35,,6.25,6.86,,11.99,15.85,,2.08,6.81,,7.33,14.35,,37.59,37.09,,8.87,2.61,,18.67,21.11,,0.91,0.42,,17.15,18.7,,18.58,35.64,,10.53,22.9,,0.62,3.77,,40.95,36.7,,0.53,,,2.84,3.36,,0.33,0.88,,7.06,5.38,,12.74,14.27,,34.69,33.23,,,347.31,,26.62,27.49,,86.8,76.15,,95.46,94.55,,95.89,97.69,,98,99.51,,0.6,0.49
2300903,Apuiarés,,48.47,42.56,,9.1,7.8,,38.09,22.42,,58.85,50.36,,59.21,48.99,,63.9,60.57,,8.95,5.28,,10.71,9.05,,32.69,7.03,,7.06,5.1,,17.67,11.18,,8.11,3.79,,8.53,11.16,,26.71,41.12,,3.78,5.55,,25.88,21.7,,1.93,1.11,,14.53,19.16,,15.54,44.49,,6.89,29.66,,0.77,5.95,,49.8,46.94,,,,,8.84,6.99,,0.34,0.62,,5.2,4.73,,5.84,7.37,,26.79,32.22,,,335.45,,33.19,22.53,,89.59,74.87,,97.1,93.51,,98.35,97.35,,99.62,99.46,,0.43,0.49
2301000,Aquiraz,,51.43,50.87,,6.16,4.54,,31.59,22.22,,62.31,60.32,,62.06,62.23,,73.82,65.6,,9.65,8.26,,29.55,31.88,,22.59,23.31,,8.52,7.5,,16.25,12.55,,7.93,9.54,,21.02,39.55,,39.78,34.06,,4.52,3.22,,29.49,19.28,,1.37,0.77,,28.18,45.28,,22.83,47.85,,11.97,31.05,,1.74,5.12,,16.66,14.62,,0.15,0.46,,15.55,20.67,,0.74,0.9,,10.13,9.71,,8.27,10.2,,43.03,37.57,,,675.7,,3.84,4.18,,76.85,29.79,,92.78,90.26,,94.84,94.81,,96.96,98.02,,0.51,0.32
2301109,Aracati,,49.45,50.95,,8.88,6.04,,35.92,19.59,,58.61,59.89,,61.8,59.85,,70.31,70.4,,16.47,10.39,,9.18,10.69,,36.77,20.36,,15.31,10.1,,25.58,23.38,,18.84,15.98,,22.3,29.07,,34.46,31.28,,5.85,3.51,,30.29,25.25,,2.81,1.58,,32.73,38.72,,31.19,53.22,,18.32,35.81,,2.25,7.07,,23.83,26.68,,0.32,0.19,,10.03,8.87,,0.38,1.12,,5.68,6.59,,17.15,18.24,,39.54,34.39,,,623.41,,6.47,11.02,,75.6,45.49,,91.09,87.71,,93.95,93.66,,97.61,97.11,,0.49,0.48
2301208,Aracoiaba,,43.79,47.33,,8.47,14.65,,34.02,30.7,,52.12,54.44,,51.86,55.38,,62.04,57.45,,9.11,5.53,,24.32,2.2,,19.12,2,,7.89,5.89,,15.54,14.13,,9.61,7.7,,14.42,15.65,,40.11,33.07,,7.61,4.15,,17.54,25.34,,1.14,0.56,,23.89,22.6,,22.5,40.82,,13.8,26.05,,0.44,4.99,,46.38,48.93,,,0.33,,6.3,5.86,,0.29,1.15,,7.71,7.46,,9.31,7.28,,28.68,25.98,,,377.72,,19.95,27.2,,88.88,64.65,,96.34,94.43,,97.06,96.69,,98.46,98.68,,0.46,0.4
2301257,Ararendá,,62.19,41.69,,26.03,7.31,,54.59,31.17,,70.59,47.82,,75.72,50.61,,72.78,61.13,,9.54,13.82,,18.72,38.11,,16.37,19.9,,8.22,12.9,,18.34,18.17,,5.93,22.33,,5.49,14.74,,26.91,30.33,,0.22,5.98,,21.76,19.67,,0.68,0.32,,6.42,21.88,,14.25,41.6,,6.7,25.74,,2.49,4.5,,58.61,42.43,,,,,12.79,3.91,,,1.5,,3.46,5.63,,4.46,10.65,,20.44,32.89,,,305.75,,45.97,30.01,,90.99,74.61,,96.99,95.55,,98.17,97.03,,99.31,99.66,,0.6,0.57
2301307,Araripe,,46.97,42.72,,13.45,12.74,,38.71,28.41,,55.21,50.13,,57.46,45.35,,65.5,60.88,,4.27,5.17,,8.01,3.14,,12.54,10.09,,3.38,4.98,,9.18,6.46,,4.14,8.78,,6.24,17.72,,11.97,26.87,,1.16,1.84,,26.62,30.52,,1.84,0.38,,7.89,21.5,,12.14,35.09,,6.41,18.82,,1.03,4.77,,72.38,52.06,,,0.29,,3.61,5.36,,,0.41,,1.79,5.12,,4.14,9.62,,15.76,23.79,,,316.65,,52.17,23.76,,89.57,76.17,,94.36,93.83,,96.34,97,,98.32,99.05,,0.6,0.62
2301406,Aratuba,,53.83,50.19,,19.43,12.34,,41.86,26.16,,63.06,60.18,,62.73,55.71,,67.93,72.98,,10.35,5.42,,12.37,8.31,,24.72,20.11,,8.97,4.55,,15.49,10.75,,7.78,3.66,,5.56,6.84,,26.13,47.15,,9.08,9.78,,27.42,19.73,,9.61,0.33,,18.78,17.77,,15.05,42.46,,7.18,29.82,,0.77,5.45,,62.64,54.68,,,,,1.86,2.15,,0.64,0.21,,2.55,5.22,,6.31,6.85,,24.35,29.84,,,299.98,,22.2,23.35,,89.53,76.6,,96.05,95.31,,97.52,98.49,,98.92,99.88,,0.52,0.35
2301505,Arneiroz,,50.49,48.45,,18.63,11.42,,37.28,22.59,,58.78,57.24,,58.32,60.67,,54.73,70.86,,6.83,6.64,,4.58,11.84,,11.37,9.17,,6.68,6.37,,14.29,12.94,,11.78,8.34,,11.72,10.85,,18.91,42.82,,5.8,3.06,,31.28,17.59,,0.25,0.85,,19.64,15.8,,16.58,43,,9.64,28.71,,0.17,5.47,,58.43,37.03,,0.28,,,5.32,2.22,,0.27,0.81,,2.25,5.35,,3.52,10.73,,29.23,43.26,,,427.74,,32.56,25.17,,90.86,75.69,,97.51,94.37,,98.85,96.75,,99.45,98.96,,0.39,0.58
2301604,Assaré,,36.64,44.02,,7.01,12.97,,28.54,28.21,,43.99,50.98,,42.77,58.33,,55.97,67.75,,4.11,4.67,,6.91,8.41,,14.58,10.48,,3.22,4.19,,5.16,8.58,,2.38,3.51,,5.46,10.87,,18.91,35.84,,3.89,5.61,,29.83,27.87,,0.66,1.46,,11.89,19.03,,15.86,39.23,,9.63,23.29,,0.8,5.5,,58.43,38.41,,,,,3.17,2.18,,0.36,1.2,,7.77,5.85,,8.72,13.55,,19.22,33.91,,,477.92,,41.44,22.45,,88.32,70.63,,95.59,92.97,,96.57,95.87,,98.6,97.74,,0.52,0.7
2301703,Aurora,,40.81,41.02,,11.22,8.13,,30.86,21.62,,48.13,47.61,,47.71,47.87,,51.6,56.36,,9.17,6.56,,5.88,4.86,,18.12,8.57,,8.62,6.52,,21.79,15.49,,6.02,4.46,,8.09,11.35,,27.57,42.06,,7.02,1.56,,48.55,25.49,,0.73,1.34,,20.26,16.32,,20.79,40.95,,12.16,27.56,,1.1,6.08,,39.46,45.34,,,,,4.23,2.32,,0.09,0.85,,5.08,6.83,,11.19,12.21,,36.94,30.88,,,405.96,,8.04,18.88,,85.91,72.15,,95.87,94.33,,97.54,97.09,,99.02,98.6,,0.49,0.58
2301802,Baixio,,52.34,48.59,,14.28,9.29,,41.89,25.9,,60.95,55.43,,57.42,54.13,,69.05,65.97,,7.34,6.43,,13.69,6.84,,15.37,2.81,,6.34,6.57,,15.35,15.76,,8,14.47,,13.27,21.99,,19.57,49.51,,8.78,0.96,,24.96,15.49,,,1.92,,23.26,24.1,,22.27,48.23,,12.37,32.4,,,4.57,,49.4,40.05,,,0.26,,3.62,2.39,,,1.19,,3.3,6.74,,6.98,8.49,,34.65,38.76,,,359.88,,33.42,15.58,,92.98,72.73,,97.34,93.7,,98.63,96.97,,99.68,98.92,,0.34,0.46
2301851,Banabuiú,,44.28,41.03,,12.8,4.94,,35.91,19.75,,52.35,50.71,,57.9,43.66,,59.88,61.38,,14.63,5.91,,29.44,4.8,,27.4,11.84,,12.65,5.64,,20.28,13.55,,14.18,6.83,,13.69,15.31,,26.62,28.15,,6.76,3.16,,26.74,27.81,,0.75,0.47,,25.77,23.92,,22.27,39.09,,13.97,26.75,,1.16,5.51,,45.44,51.76,,1.05,0.52,,5.35,4.38,,1.21,1.59,,4.57,4.39,,7.71,7.38,,34.06,27.87,,,383.12,,25.69,28.19,,81.96,68.62,,92.67,92.39,,95.43,96.61,,97.68,98.75,,0.44,0.46
2301901,Barbalha,,52.05,53.53,,10.62,8.07,,42.22,21.32,,61.6,63.2,,65.59,64.62,,71.74,77.5,,18.18,9.94,,26.76,2.86,,36.82,19.69,,16.4,9.78,,25.56,21.93,,19.85,11.59,,27.33,37.54,,34.32,30.45,,4.58,2.34,,23.28,21.94,,1.52,1.17,,34.21,41.92,,32.93,59.08,,21.07,43.76,,4.6,8.52,,24.88,18.01,,0.49,0.1,,13.41,15.56,,0.37,1.06,,8.43,8.83,,9.59,13.54,,40.99,41.44,,,636.16,,9.3,7.79,,77.66,45.69,,90.99,88.55,,94.22,93.19,,96.93,96.57,,0.65,0.46
2301950,Barreira,,42.98,40.88,,9.63,3.71,,26.91,20.58,,51.87,49.34,,55.72,51.8,,60.84,63.07,,10.9,11.04,,14.15,25.72,,19.91,20.39,,10.2,10.46,,15.18,15.63,,9.85,12.33,,17.13,11.33,,44.14,46.47,,3.95,10.41,,17.69,21.77,,1.59,1.01,,22.5,26.97,,23.36,47.51,,12.23,32.38,,0.35,6.01,,35.18,31.38,,0.34,0.09,,19.94,18.69,,,0.25,,4.21,5.42,,12.98,12.13,,26.76,30.64,,,481.56,,15.6,11.07,,85.45,57.99,,94.38,91.4,,97.15,96.14,,99.23,98.67,,0.38,0.39
2302008,Barro,,43.9,38.62,,16.27,2.22,,36.37,14.31,,50.23,46.01,,46.96,45.99,,61.88,58.2,,4.64,6.11,,7.36,28.56,,1.72,25.25,,4.7,5.39,,8.11,6.45,,3.99,10.18,,11.05,20.87,,27.18,37.53,,5.42,2.31,,40.15,23.97,,0.7,0.57,,18.93,24.83,,20,41.26,,11.29,28.82,,1.6,7.18,,36.79,38.83,,0.4,,,5.66,3.46,,0.38,0.44,,5.8,7.31,,14.37,13.44,,35.82,34.43,,,428.65,,15.8,16.01,,84.92,66.28,,94.44,92.56,,95.89,95.91,,98.11,99.09,,0.58,0.49
2302057,Barroquinha,,46.18,36.61,,12.55,2.03,,37.45,12.29,,55.5,46.21,,57.38,38.81,,61.01,52.69,,14.11,3.01,,63.36,,,36.3,,,9.27,3.12,,13.85,7.18,,12.7,5.42,,3.5,10.3,,30.6,39.84,,12.37,6.95,,45.15,26.13,,0.44,1.92,,19.96,20.18,,11.19,30.17,,5.16,20.47,,0.92,5.76,,44.41,44.29,,2.31,0.89,,6.24,1.52,,0.34,0.38,,7.82,6.09,,10.57,13.9,,25.51,26.89,,,363.27,,7.94,17.47,,87.41,69.61,,96.93,94.09,,98.59,97.06,,99.49,98.39,,0.44,0.56
2302107,Baturité,,49.65,48.03,,11.27,9.76,,41.54,23.51,,57.86,57.12,,58.46,56.73,,68.05,67.39,,11.44,8.36,,17.6,19.4,,22.52,22.3,,10.3,7.42,,20.31,19.5,,8.54,9.23,,18.64,23.88,,32.02,33.82,,3.98,2.11,,32.5,28.37,,0.32,0.84,,26.42,30.51,,27.18,48.33,,15.96,31.98,,1.68,5.15,,35.52,32.27,,,0.08,,5.8,5.38,,0.93,1.48,,6.39,6.7,,15.88,14.87,,34.28,36.96,,,501.28,,13.18,13.93,,80.6,54.33,,91.7,90.03,,94.83,95.48,,97.15,98.39,,0.6,0.38
2302206,Beberibe,,41.99,50.12,,8.31,7.09,,30.41,25.36,,49.85,58.98,,48.47,57.49,,59.46,67.47,,12.73,7.33,,16.02,12.23,,31.61,21.3,,11.24,6.66,,19.51,17.09,,12.64,5.48,,14.55,19.37,,36.45,36.11,,2.62,5.51,,29.07,23.89,,0.79,0.76,,20.22,29.35,,17.5,44.07,,8.89,27.83,,1.31,4.82,,41.1,35.56,,0.16,0.12,,10.37,5.1,,0.15,0.76,,7.01,6.52,,9.72,11.72,,31.24,37.08,,,454.5,,16.64,18.73,,83.7,58.13,,95.89,92.19,,97.17,96.66,,98.9,98.61,,0.56,0.43
2302305,Bela Cruz,,51.32,52.63,,16.3,12.84,,40.59,31.6,,61.46,62.02,,62.39,61.39,,72.81,71.23,,9.97,6.24,,13.53,,,8.17,13.61,,9.89,6.06,,11.56,13.17,,14.05,10.01,,5.91,5.86,,55.14,43.63,,5.38,6.31,,20.64,27.55,,1.41,0.42,,14.17,13.71,,14.39,40.81,,7.3,22.95,,1.93,4.76,,42.87,50.53,,,0.2,,19,7.76,,,0.59,,4.67,5.15,,8.19,10.31,,24.63,24.2,,,310.16,,13.53,25.55,,89.32,77.23,,95.75,94.58,,97.22,98.07,,99.63,99.45,,0.5,0.64
2302404,Boa Viagem,,55.28,46.44,,24.45,16.95,,48.59,31.03,,62.87,53.07,,68.07,56.56,,69.9,63.2,,7.97,6.46,,10.07,6.71,,16.71,8.14,,7.05,6.35,,13.76,13.33,,8.72,9.29,,7.19,12.28,,22.36,25.13,,2.98,5.17,,29.94,24.24,,3.47,0.99,,12.18,20.66,,15.79,35.96,,8.58,22.82,,0.74,4.03,,60.41,56.14,,0.16,,,3.89,3.03,,0.16,0.72,,4.28,4.76,,9.59,10.65,,21.15,22.95,,,382.27,,34.21,35.84,,87.31,72.2,,95.06,93.33,,96.27,96.83,,98.01,98.74,,0.67,0.72
2302503,Brejo Santo,,46.22,47.03,,8.56,4.18,,36.41,19.29,,55.53,55.55,,57.01,52.47,,64.1,64.18,,13.74,8.97,,35.35,15.98,,29.01,16.2,,11.9,8.68,,19.97,16.85,,12.87,8.75,,14.37,26.12,,40.29,35.8,,4.42,1.41,,30.41,28.44,,3.03,1.06,,22.07,31.63,,29.37,53.5,,19.89,39.06,,3.98,9.38,,27.33,23.72,,0.09,0.13,,5.04,4.79,,0.09,0.95,,7.86,8.71,,17.66,17.98,,40.65,41.48,,,628.94,,7.82,8.39,,75.5,53.08,,88.89,88.27,,92.35,93.6,,96.3,97.45,,0.64,0.5
2302602,Camocim,,48.19,46.41,,10.94,5.33,,36.05,21.09,,58.3,56.38,,59.15,56.4,,66.44,67.06,,12.59,9.46,,14.67,5.85,,25.24,21.64,,11.53,9.04,,20.91,17.86,,11.51,11.43,,11.2,19.23,,37.61,40.42,,9.75,7.73,,26.92,22.48,,2.38,0.81,,25.83,31.66,,24.97,46.22,,13.52,31.34,,2.34,4.88,,36.45,29.87,,0.81,0.43,,7.57,6.46,,0.3,0.65,,6.55,4.86,,13.96,16.65,,33.42,35.3,,,538.81,,12.4,13.88,,81.17,58.26,,91.26,90.57,,94.72,94.58,,97.75,97.69,,0.72,0.56
2302701,Campos Sales,,55.24,52.69,,24.07,16.47,,52.23,35.84,,62.44,60.35,,63.82,62.39,,71.73,72.46,,10.63,5.64,,17.56,2.39,,18.25,8.84,,9.34,5.59,,18.51,14.86,,9.13,7.81,,13.06,14.06,,19.21,34.57,,2.87,3.98,,42.41,26.49,,1.39,1.6,,19.66,23.46,,21.28,42.24,,13.55,28.72,,1.19,6.18,,43.33,42.55,,0.15,0.15,,6.3,3.25,,0.19,0.7,,5.37,3.53,,14.79,13.95,,28.88,34.09,,,467.61,,21.21,26.49,,81.83,70.47,,92.64,90.96,,94.79,94.7,,97.26,97.5,,0.95,0.63
2302800,Canindé,,49.27,39.72,,15.35,5.29,,38.25,18.46,,58.2,48.16,,63.43,52.33,,67.49,59.4,,12.91,10.08,,19.89,11.97,,26.66,19.61,,11.44,9.63,,17.75,18.12,,14.91,10.64,,10.3,17.39,,30.51,35.39,,5.37,6.24,,27.88,25.68,,1.22,0.91,,18.17,25.95,,21.89,47.5,,11.98,30.79,,1.36,7.02,,38.83,26.97,,0.12,,,10.59,7.1,,0.41,0.78,,5.7,7.04,,13.77,18.68,,29.94,37.19,,,544.29,,25.01,16.03,,83.42,55.81,,94.28,89.31,,96.35,94.7,,98.58,97.24,,0.42,0.49
2302909,Capistrano,,40.89,37.65,,10.69,7.99,,22.86,16.41,,49.92,44.9,,42.46,42.78,,59.26,47.21,,9.9,6.62,,11.62,3.33,,20.51,9.94,,9.21,6.59,,18.86,15.92,,15.21,4.11,,16.19,16.19,,25.01,37.45,,2.92,2.39,,17.77,18.71,,0.8,0.11,,20.3,22.18,,18.81,48.82,,9.92,32.73,,0.43,5.38,,55.02,48.55,,,,,2.97,2.41,,0.06,1.03,,7.67,4.5,,7.3,8.51,,26.47,34.22,,,360.11,,37.8,29.53,,87.04,70.24,,96.8,93.84,,98.77,97.65,,99.61,98.99,,0.39,0.55
2303006,Caridade,,50.94,38.11,,16.02,6.69,,41.51,20.11,,59.49,45.66,,67.18,49.65,,73.45,54.33,,12.48,10.36,,21.57,18.67,,22.01,18.67,,11.25,9.75,,16.86,19.32,,9.38,9.18,,8.1,17.4,,34.12,39.77,,9,8.89,,28.46,19.88,,0.67,0.75,,18.35,27.92,,13.32,39.4,,8.21,23.34,,2.44,4.17,,39.12,32.63,,0.21,,,14.88,7.85,,,0.82,,8.75,10.29,,6.43,9.53,,30.23,36.77,,,430.18,,19.86,16.15,,86.39,62.34,,94.92,93.47,,96.88,96.48,,99.55,98.92,,0.47,0.36
2303105,Cariré,,49.93,40.64,,19.73,7.55,,37.3,17.81,,57.55,48.97,,59.75,44.99,,66.6,63.85,,6.37,6.26,,9.16,13.04,,12.21,10.63,,5.72,5.91,,12.15,10.93,,4.98,9.02,,10.79,20.84,,29.13,35.16,,3.37,2.17,,16.96,19.7,,0.77,0.21,,15.24,26.14,,12.67,41.33,,7.47,24.83,,1.58,4.98,,57.39,37.08,,,0.08,,7.23,10.56,,0.23,0.71,,2.99,6.78,,5.83,10.18,,26.18,31.75,,,337.47,,39.05,24.7,,90.73,72.05,,96.78,94.83,,97.95,97.36,,99.01,98.96,,0.62,0.49
2303204,Caririaçu,,56.13,54.84,,29.12,21.32,,56.02,46.2,,62.74,62.38,,71.66,64.54,,70.46,72.5,,8.96,6.91,,9.05,8.32,,18.58,11.01,,7.66,6.49,,14.62,15.92,,11.16,8.04,,8.28,12.7,,18.59,25.72,,7.13,10.67,,36.9,24.71,,0.77,0.33,,15.91,24.99,,13.05,33.62,,7.08,20.16,,1.56,5.27,,57.28,43.41,,,,,3.84,2.68,,0.11,1.51,,4.89,8.68,,7.81,9.54,,25.61,28.31,,,363.3,,28.28,31.85,,89.41,73.35,,97.43,93.07,,98.56,96.25,,99.45,98.39,,0.59,0.59
2303303,Cariús,,47.9,40.17,,20.09,9.02,,41.88,25.04,,54.14,46.15,,52.95,49.48,,58.11,59.03,,6.11,4.72,,7.03,11.52,,7.28,12.21,,5.95,4.13,,14.49,7.13,,11.36,5.37,,8.06,12.44,,19.07,27.94,,1.41,2.69,,19.2,26.78,,1.06,0.08,,10.43,18.2,,15.03,39.47,,6.81,23.23,,0.33,3.18,,64.72,51.58,,0.22,0.71,,2.3,2.7,,,0.41,,4.43,5.36,,4.71,10.32,,23.13,27.92,,,321.4,,51.2,33.1,,90.04,70.63,,96.29,95.34,,98.15,97.85,,99.24,99.1,,0.61,0.43
2303402,Carnaubal,,43.26,48.77,,14.64,9.74,,40.04,32.14,,51.18,58.33,,58,53.98,,52.82,69.72,,12.44,3.37,,13.19,17.24,,13.94,8.13,,12.21,2.6,,15.94,6.72,,11.7,4.69,,10.72,13.02,,26.42,38.12,,5.78,0.8,,26.59,26.68,,0.99,1.07,,18.28,16.4,,19.01,33.87,,12.58,19.54,,5.91,4.71,,48.86,51.88,,0.32,0.24,,4.32,3.07,,0.33,0.79,,6.48,5.97,,8.32,10.61,,30.97,26.04,,,314.98,,29.52,28.68,,85.82,76.37,,94.32,94.46,,95.06,97.17,,97.03,99.22,,0.58,0.55
2303501,Cascavel,,51.05,50.46,,9.48,7.32,,34.53,21.17,,60.01,59.87,,65.86,66.11,,70.58,70.16,,16.38,9.26,,42.9,13.41,,33.51,23.54,,14.63,8.66,,22.89,18.26,,15.82,10.3,,25.97,26.56,,35.13,35.31,,3.81,4.34,,28.14,23.96,,0.96,1.27,,33.05,34.49,,26.32,48.21,,13.02,28.99,,0.99,4.48,,22.91,21.25,,0.07,0.08,,26.27,20.04,,0.15,0.46,,6.37,7.06,,11.62,15.36,,32.02,31.05,,,557.06,,6.03,10.18,,81.1,47.84,,94.28,90.97,,96.63,94.87,,98.65,98.13,,0.69,0.39
2303600,Catarina,,47.61,46.36,,14.38,12.98,,44.19,33.23,,55.46,51.29,,60.7,50.2,,59.9,58.27,,15.11,17.95,,21.53,50.71,,28.52,31.27,,13.32,16.33,,26.38,34.09,,17.69,19.16,,2.82,7.97,,19.23,35.08,,3.61,4.38,,25.23,32.72,,2.48,1.43,,7.43,15.58,,14.9,41.69,,6.85,27.27,,0.35,5.35,,64.13,42.9,,,,,2.91,1.56,,,1.01,,2.8,6.64,,9.13,14.92,,20.85,31.47,,,465.85,,47.13,20.67,,87.65,71.8,,96.99,93.64,,97.71,96.64,,99.19,98.34,,0.39,0.53
2303659,Catunda,,56.76,39.59,,31.46,6.17,,56.4,25.59,,62.93,46.59,,62.61,43.89,,68.95,46.52,,3.33,5.45,,2.82,,,4.35,10.32,,3.27,5.3,,4.36,14.83,,4.97,7.91,,2.42,6.25,,21.94,37.54,,10.61,13.09,,28.56,22.83,,1.04,0.32,,13.96,21.93,,12.53,44.3,,6.43,27.5,,0.86,6.56,,50.75,34.85,,,,,14.34,8.78,,0.17,0.82,,4.05,7.58,,6.98,11.14,,22.8,34.74,,,369.57,,35.8,20.89,,93.01,79.18,,98.33,92.87,,99.17,96.02,,99.84,97.87,,0.64,0.7
2303709,Caucaia,,50.46,52.97,,4.84,4.94,,27.05,18.97,,62.18,63.97,,62.11,61.55,,70.14,73.69,,20.41,9.09,,41.78,18.87,,41.82,26.54,,19.03,8.47,,30.42,17.75,,17.77,8.85,,36.29,42.79,,31.18,30.44,,4.83,3.06,,24.37,20.02,,1.16,0.83,,43.7,48.25,,41.35,60.36,,23.28,40,,1.81,5.18,,6.79,5.41,,0.21,0.32,,15.9,16.4,,0.37,1.28,,10.81,10.48,,16.56,18.54,,45.18,42.02,,,738.42,,2.34,3.35,,60.68,26.41,,87.19,85.19,,93.33,93,,97.49,97.16,,0.44,0.28
2303808,Cedro,,52.29,44.52,,7.18,8.43,,48.11,22,,61.16,51.58,,60.16,53.83,,68.52,65.8,,6.86,5.75,,10.87,6.16,,20.61,7.79,,5.6,5.67,,13.05,12.36,,10.45,8.78,,9.35,15.85,,26.03,30.66,,2.29,3.27,,28.91,28.38,,0.6,1.26,,12.92,21.93,,20.71,45.35,,11.79,33.9,,2.61,5.84,,55.08,44.17,,,,,3.5,4.09,,0.25,0.33,,4.58,3.05,,9.55,13.03,,26.76,31.9,,,526.1,,32.82,23.07,,86.65,64.83,,95.19,90.48,,96.34,94.6,,98.95,97.49,,0.43,0.68
2303907,Chaval,,39.67,41.09,,6.66,3.2,,21.48,16.74,,50.11,50.53,,43.52,45.92,,56.51,57.77,,4.49,5.13,,,10.91,,16.48,15.47,,3.93,4.68,,10.88,13.74,,4.53,6.77,,19.08,20.49,,29.26,36.31,,4.84,3.47,,37.01,27.26,,0.77,,,30.13,28.51,,15.46,37.9,,8.63,26.05,,2.34,6.2,,37.54,25.8,,5.12,4.04,,6.81,2.97,,,1.07,,4.29,6.58,,9.84,14.85,,35.69,39.69,,,372.97,,9.18,17.98,,87.25,73.6,,95.68,92.99,,97.82,97.06,,99.31,99.14,,0.69,0.42
2303931,Choró,,52.61,33.86,,25.7,8.43,,39.41,18.73,,60.81,40.89,,59.16,35.15,,66.93,47.11,,5.33,10.33,,4.61,,,12.92,18.23,,4.82,10.29,,7.04,25.02,,7.36,13.67,,2.22,6.64,,26.5,26.17,,3.14,10.09,,8.36,17.17,,0.49,,,5.36,17.5,,9.3,36.39,,4.58,23.53,,,5.81,,74.86,57.53,,,,,2.18,1.72,,0.36,1.09,,0.81,1.74,,3.22,5.2,,18.57,30.48,,,309.3,,59.38,42.84,,94.03,72.77,,97.88,94.61,,98.8,97.81,,99.65,98.39,,0.28,0.49
2303956,Chorozinho,,45.25,47.4,,7.87,4.33,,28.48,24.99,,55.14,56.74,,58.06,64.04,,69.56,68.19,,9.41,7.69,,33.21,16.2,,12.5,17.4,,8.5,7.1,,16.21,13.48,,8.24,5.59,,21.57,30.68,,36.94,37.02,,7.42,4.01,,23.58,17.27,,1.61,0.75,,30.96,37.76,,19.6,41.34,,9.54,25.99,,0.13,4.16,,38.54,30.38,,,0.32,,16.17,26.06,,0.16,0.93,,3.25,3.55,,9.98,9.47,,31.4,27.33,,,504.06,,9.25,13.61,,83.29,46.2,,94.1,93.19,,96.62,97.7,,99.22,98.94,,0.4,0.36
2304004,Coreaú,,62.56,44.9,,22.19,8.28,,49.92,28.06,,73.36,53.59,,77.43,55.97,,82.22,62.31,,7.3,7.73,,29.3,14.01,,31.69,14.84,,3.75,7.13,,10.48,12.81,,3.58,8.73,,8.25,18.44,,18.47,37.88,,3.99,2.55,,59.96,19.31,,0.56,0.8,,13.24,25.82,,13.65,39.73,,7.51,26.13,,1.93,5.54,,58.03,41.03,,2.59,0.55,,5.64,7.78,,0.1,0.39,,3.58,10.04,,7.94,7.3,,21.32,29.47,,,351.51,,8.9,25.64,,92.4,64.91,,97.97,94.53,,98.56,97.82,,99.75,99.22,,0.51,0.46
2304103,Crateús,,49.19,43.8,,12.14,5.48,,35.3,22.89,,57.18,50.96,,59.21,51.78,,68.99,60.72,,10.94,10.62,,12.38,20.93,,22.09,23.24,,10.19,9.96,,18.73,17.21,,11.54,12.48,,14.81,22,,36.75,39.03,,4.64,2.34,,28.74,23.59,,1.85,1.64,,23.15,29.07,,25.77,49.22,,15.65,34.93,,3.03,9.1,,37.52,23.72,,0.16,,,8.84,3.66,,0.35,0.9,,6.5,7.55,,11.53,18.82,,34.89,42.38,,,704.01,,13.21,13.25,,78.53,52.28,,90.83,84.28,,93.88,91.41,,97.16,95.58,,0.69,0.58
2304202,Crato,,53.28,53.95,,12.6,6.74,,36.12,25.34,,62.61,63.11,,66.19,61.38,,75.92,76.28,,15.05,9.01,,12.24,6.72,,28.7,27.03,,14.32,8.4,,26.51,18.79,,12.92,9.05,,29.69,32.86,,25.59,28.8,,5.9,7.02,,26.15,24.53,,2.51,1.12,,39.41,44.3,,45.81,63.12,,29.47,46.73,,8.24,12.38,,21.86,13.82,,0.22,0.09,,13.39,13.76,,0.47,0.9,,6.23,7.87,,14.39,18.27,,42.76,43.49,,,822.55,,10.58,8.1,,70.61,39.19,,86.35,82.67,,89.74,89.15,,94.74,94.47,,0.61,0.51
2304236,Croatá,,57.29,36.45,,26.87,6.51,,59.47,20.14,,64.92,44.2,,64.34,44.1,,69.71,55.48,,3.86,5.56,,3.3,2.86,,3.86,7.93,,3.92,5.51,,7.41,7.64,,6.66,5.61,,5.29,11.06,,17.6,48.49,,0.45,0.13,,31.44,15.58,,1.79,0.39,,6.6,13.4,,7.36,36.87,,2.75,19.47,,0.55,2.68,,73.01,59.51,,0.33,,,4.66,0.89,,,0.99,,2.75,3.84,,4.72,7.08,,14.54,24.97,,,233.54,,43.44,44.75,,92.38,80.99,,97.55,96.54,,98.83,98.26,,99.59,99.22,,0.73,0.53
2304251,Cruz,,46.51,56.91,,14.1,20.6,,36.86,41.06,,55.63,65.2,,50.82,62.33,,59.94,71.27,,9.04,4.31,,11.97,2.29,,28.55,8.59,,7.15,4.12,,12.11,5.07,,13.79,6.49,,5.76,6.31,,24.83,40.19,,7.82,4.56,,43.66,27.32,,0.85,1.57,,16.07,14.86,,13,39.44,,6.19,22.52,,1.25,4.16,,43.94,38.73,,,,,15.45,15.33,,0.38,0.35,,4.35,5.34,,10.36,10.82,,25.52,27.03,,,430.47,,17.82,25.26,,87.11,75.12,,95.76,93.27,,97.74,95.65,,99.1,98.06,,0.62,0.8
2304269,Deputado Irapuan Pinheiro,,60.84,47.98,,16.21,23.31,,44.96,27.92,,70.31,53.4,,71.65,57.34,,83.58,63.7,,3.72,3.62,,5.1,,,6.24,12.24,,3.49,3.4,,7.85,2.76,,4.48,8.86,,0.7,7.27,,20.99,20.73,,10.54,9.91,,38.85,20.34,,0.26,0.41,,12.42,18.56,,15.29,41.73,,5.96,23.92,,0.15,2.19,,65.94,58.21,,,,,3.45,3.73,,,0.54,,3.81,2.27,,5.2,8.47,,21.59,25.55,,,250.2,,29.01,41.5,,91.08,81.32,,97.12,95.83,,98.31,97.98,,99.22,99.56,,0.91,0.5
2304277,Ererê,,47.31,46.96,,19.1,9.38,,40.96,31.22,,54.17,53.55,,58.89,58.59,,57.71,66.56,,6.89,8.4,,14.26,18.66,,13.61,16.8,,5.64,7.74,,10.73,18.61,,3.57,9.77,,23.24,27.32,,20.63,26.5,,4.03,5.26,,17.16,24.88,,0.58,,,29.03,38.47,,17.57,45.86,,8.72,29.92,,2.02,6.04,,61.2,52.27,,0.24,,,2.44,2.92,,,0.98,,1.48,2.1,,6.5,5.27,,26.61,32.92,,,391.99,,35.49,18.85,,78.14,70.84,,93.51,93.35,,96.9,97.28,,98.71,99.35,,0.51,0.37
2304285,Eusébio,,47.04,56.66,,4.7,6.46,,30.63,24.45,,57.98,67.92,,59.5,68.27,,64.8,72.7,,24.76,8.38,,37.75,35.25,,45.08,22.74,,23.24,7.47,,34.76,15.54,,23.36,6.39,,33.41,44.2,,38.03,30.43,,4.36,4.39,,21.33,17.17,,1.31,1.68,,40.31,52.43,,29.3,59.2,,14.93,40.53,,2.48,7.06,,7.57,5.38,,0.39,0.21,,18.23,18.08,,,1.56,,12.4,9.32,,14.87,11.77,,42.21,45.05,,,1132.75,,1.55,2.2,,67.77,20.95,,90.07,83.41,,93.32,89.17,,96.16,92.4,,0.44,0.58
2304301,Farias Brito,,58.99,44.43,,27.27,9.85,,51.62,27.93,,66.63,51.36,,65.21,54.66,,76.4,63.09,,5.73,7.48,,14.15,7.08,,8.39,15.22,,4.74,7.06,,11.44,16.99,,3.31,10.14,,5.85,10.44,,22.59,26.95,,6.56,6.81,,34.73,23.48,,0.35,0.49,,15.1,20.71,,17.47,47.53,,11.35,31.08,,1.6,6.87,,66.2,49.05,,,,,3.12,3.77,,,1.32,,2.78,5.23,,5.03,10.71,,22.73,29.19,,,306.57,,31.25,34.57,,89.89,75.78,,96.11,94.97,,97.85,97.67,,98.99,99.09,,0.56,0.52
2304350,Forquilha,,50.29,51.06,,8.13,5.32,,29.43,17.33,,61.78,61.57,,70.68,65.7,,72.39,71.54,,15.99,7.11,,32.05,43.55,,27.09,4.51,,14.92,6.66,,25.89,12.95,,18.86,6.96,,34.35,42.67,,19.13,25.52,,3.85,3.66,,23.32,18.99,,1.47,0.35,,41.37,51.22,,21.01,51.64,,12,32.01,,2.59,4.94,,35.74,21.21,,0.54,0.21,,19.81,27.5,,,1.67,,5.57,5.88,,10.35,9.25,,27.81,30.84,,,526.88,,19.03,10.38,,80.8,42.05,,94.69,92.93,,96.82,96.89,,98.91,99.04,,0.5,0.29
2304400,Fortaleza,,54.76,58.33,,4.71,5.04,,27.64,22.22,,65.43,67.39,,66.92,65.77,,77.34,78.45,,17.37,8.12,,35.22,18.92,,46.77,29.24,,15.91,7.49,,29.42,17.27,,16.43,8.67,,41.69,49.19,,23.61,22.39,,5.78,4.85,,24.59,20.83,,2.99,1.83,,53.25,59.1,,57.17,72.03,,39.76,53.78,,9.82,14.79,,0.95,0.8,,0.12,0.14,,15.41,13.8,,0.58,0.98,,7.33,6.23,,19.43,20.23,,53.74,51.55,,,1356.23,,1.4,1.35,,47.24,17.87,,73.84,72.41,,80.62,81.97,,89.31,89.51,,0.66,0.56
2304459,Fortim,,49.99,46.43,,13.87,6.78,,34.43,20.97,,59.25,54.85,,62.4,52.97,,75.78,69.67,,19.56,10.35,,65.2,4.96,,44.72,24.5,,15.56,9.9,,31.72,24.78,,19.09,10,,10.46,11.62,,38.66,44.26,,3.06,3.55,,40.66,21.5,,1.02,0.8,,16.73,18.39,,21.36,45.74,,12.52,27.85,,2.16,5.01,,44.98,40.27,,0.35,0.42,,12.03,5.2,,,0.8,,6.88,5.42,,5.66,10.98,,28.96,34.35,,,441.2,,6.14,19.23,,82.51,58.79,,93.39,93.69,,95.89,96.76,,99.33,98.64,,0.88,0.44
2304509,Frecheirinha,,44.59,48.18,,9.68,8.26,,44.38,33.34,,52.21,57.64,,61.83,64.42,,65.63,68.76,,13.94,5.09,,17.85,11.91,,30.11,12.21,,12.1,4.44,,19.98,6.66,,14.05,6.45,,10.88,16.24,,35.14,44.01,,10.27,3.11,,25.71,16.39,,1.11,1.11,,23.03,22.26,,25.53,43.79,,14.81,29.14,,3.97,7.7,,33.23,34.71,,3.8,,,12.92,15.47,,0.13,0.96,,6.31,6.19,,10.69,11.53,,32.09,28.18,,,394.46,,16.89,22.48,,86.64,67.91,,94.84,92.79,,96.42,96.44,,98.26,98.47,,0.5,0.42
2304608,General Sampaio,,40.23,44.22,,9.08,5.32,,33.6,21.38,,49.03,54.73,,48.2,51.86,,63.9,63.83,,20.8,7.76,,27.93,,,40.56,13.76,,18.85,7.65,,32.62,16.35,,41.9,10.4,,19.31,14.98,,15.79,41.01,,12.25,1.15,,45.05,36.66,,0.94,,,34.1,18.3,,20.64,30.58,,10.43,17.48,,2.96,4.83,,39.98,34.51,,,,,4.07,3.94,,,1.45,,5.28,8.8,,3.31,10.53,,46.63,39.22,,,416.23,,6.65,8.41,,89,66.03,,94.77,94.97,,96.31,97.7,,99.38,98.75,,0.44,0.45
2304657,Graça,,46.13,33.4,,22.61,6.51,,47.16,14.51,,52.3,41.25,,58.29,43.19,,59.48,55.89,,7.89,7.79,,19.68,8.68,,10.24,2.55,,6.2,7.99,,11.13,12.83,,6.08,6.88,,6.24,10.76,,21.78,41.84,,4.89,2.59,,24.95,14.79,,0.22,1.21,,11.48,15.78,,11.2,38.08,,3.68,27.4,,0.52,8.08,,56.61,40.62,,,0.14,,7.13,3.48,,,1.03,,3.33,5.1,,5.91,8.63,,27.02,38.98,,,342.86,,41.91,32.92,,92,74.46,,97.31,91.84,,98.77,97.43,,99.79,99.14,,0.44,0.53
2304707,Granja,,53.71,41.82,,21.6,12.3,,45.81,25.92,,62.02,49.95,,64.34,47.06,,69.83,54.82,,7.71,6.77,,13.26,1.72,,14.6,6.17,,6.64,7.08,,12.13,13.23,,8.57,7.65,,3.83,10.62,,35.68,41.1,,1.55,2.06,,31.87,21.21,,1.32,0.39,,6.58,14.55,,11.12,31.28,,6.31,19.91,,1.72,6.5,,55.33,55.36,,0.14,,,9.04,3.81,,0.31,1.06,,4.85,5.85,,6.66,6.93,,23.07,22.95,,,294.83,,25.89,40.69,,92.18,77.82,,97.66,94.89,,98.21,97.44,,99.34,98.71,,0.5,0.61
2304806,Granjeiro,,38.96,53.1,,16.89,14.9,,35.18,37.92,,45.15,61.47,,45.91,59.39,,47.04,68.66,,13.13,5.43,,11.45,6.77,,8.61,5.34,,13.88,5.38,,13.21,11.61,,21.1,5.02,,7.46,16.41,,29.02,35.15,,11.21,1.09,,11.19,18.04,,0.61,0.83,,20.13,18.21,,24.53,40.39,,11.05,24.41,,4.39,2.52,,45.55,37.99,,,,,6.02,5.27,,0.3,0.79,,3.5,9.64,,2.93,10.99,,40.95,35.33,,,318.22,,41.89,28.48,,90.4,76.71,,96.88,95.64,,98.63,97.97,,99.21,99.01,,0.37,0.52
2304905,Groaíras,,57.48,53.53,,22.3,13.32,,45.06,32.67,,65.79,61.51,,73,67.2,,80.25,82.25,,11.97,5.48,,29.07,3.34,,29.13,17.79,,9.53,4.92,,21.01,8.87,,8.6,7.71,,10.92,24.86,,22.26,29.19,,5.9,1.65,,27.17,30.48,,,0.5,,18.66,33.43,,17.19,49.1,,10.89,30.09,,2.33,5.14,,44.28,36.97,,0.35,,,6.75,15.95,,0.15,0.98,,4.58,3.84,,11.9,11.41,,31.44,27.33,,,426.33,,33.75,14.35,,86.16,57.3,,95.88,92.32,,98.3,96.43,,99.47,99.16,,0.52,0.43
2304954,Guaiúba,,44.51,46.14,,6.43,5.31,,25.36,20.31,,54.91,55.73,,54.93,50.7,,59.22,67.73,,10.46,9.32,,22.05,19.77,,23.25,21.74,,9.5,8.68,,15.3,22.43,,13.25,6.16,,25.46,27.43,,44.46,29.54,,1.69,3.86,,16.48,25.72,,0.3,0.17,,28.67,33.96,,19.94,45.02,,9.29,28.38,,0.33,4.28,,35.82,34.7,,,,,18.4,16.49,,1.75,0.54,,6.27,6.5,,7.41,9.15,,30.36,28.63,,,447.26,,12.59,14.74,,84.17,51.28,,95.77,95.04,,97.62,97.66,,99.65,99.04,,0.35,0.3
2305001,Guaraciaba do Norte,,49.1,54.42,,18.64,17.81,,44.84,39.38,,56.83,63.2,,57.96,65.73,,60.42,76.99,,5.9,4.88,,7.07,7.33,,15.93,8.37,,4.76,4.51,,8.44,7.31,,6.89,4.04,,9.3,14.6,,38.52,36.68,,2.83,1.65,,32.14,29.79,,2.66,0.92,,15.45,22.56,,14.81,37.53,,5.99,20.34,,1.71,3.9,,50.85,53.19,,0.08,,,6.43,3.33,,0.11,0.33,,4.38,4.7,,13.3,10.49,,24.79,24.77,,,372.85,,14.45,21.19,,86.24,77.45,,95.28,94.24,,97.04,97.05,,98.49,98.3,,0.54,0.52
2305100,Guaramiranga,,56.32,49.11,,19.79,1.82,,42.82,16.51,,65.49,61.42,,73.67,58.38,,72.08,74.99,,10.44,12.55,,21.78,100,,20.01,49.05,,8.97,10.98,,21.35,20.55,,5.91,12.76,,13.16,23.6,,55.2,56.9,,10.05,6.26,,16.57,9.65,,1.52,0.4,,26.99,32.45,,26.71,52.04,,11.91,33.98,,0.63,5.18,,37.83,21.29,,0.24,,,2.89,3.16,,0.11,0.46,,9.31,13.55,,7.42,5.92,,41.03,50.77,,,570.76,,3.73,6.2,,87.5,44.55,,97.41,93.31,,98.29,97.41,,99.31,98.39,,0.36,0.33
2305209,Hidrolândia,,42.1,42.65,,15.36,5.65,,26.8,18.43,,49.63,51.32,,55.96,53.34,,58.49,64.16,,8.37,5.59,,10.86,9.16,,5.89,23.57,,8.37,4.88,,16.93,9.77,,7.21,8.82,,10.37,13.96,,19.15,36.75,,7.54,6.72,,22.62,22.16,,1.02,1.1,,18.55,21.68,,17,37.79,,10.98,25.58,,1.95,5.6,,48.26,41.72,,,,,4.98,3.1,,0.53,0.63,,4.21,7.78,,8.76,11.5,,32.94,34.74,,,358.1,,39.65,20.77,,84.84,69.29,,95.22,93.07,,96.7,96.93,,98.54,98.61,,0.38,0.56
2305233,Horizonte,,51.17,53.94,,5.16,3.61,,40.8,18.56,,61.34,64.86,,70.55,72.38,,73.66,75.95,,17.14,9.53,,15.92,21.61,,29.05,21.74,,16.29,9.12,,25.7,14.96,,15.73,9.5,,38.53,58.41,,30.55,19.84,,6.76,4.27,,20.59,14.76,,0.8,0.64,,47.77,63.84,,24.34,61.35,,10.87,39.65,,1.27,4.01,,12.41,6.42,,,,,35.49,45.65,,0.21,0.79,,7.94,8.62,,8.96,9.6,,34.5,24.79,,,631.75,,3.41,2.8,,76.41,19.83,,93.69,90.51,,96.86,96.18,,98.52,98.32,,0.52,0.18
2305266,Ibaretama,,40.23,39.54,,7.22,9.8,,23.78,15.05,,49.89,48.03,,47.17,47.89,,54.68,54.27,,8.41,4.32,,10.63,7.56,,14.49,10.91,,7.96,3.96,,18.26,11.25,,7.09,7.05,,9.18,6.42,,28.42,34.5,,9.59,9.28,,26.84,18.79,,0.94,0.58,,20.6,16.7,,13.26,35.94,,6.71,20.99,,0.13,3.27,,62.3,55.61,,0.58,0.59,,5.2,3.8,,,1.24,,4.21,4.1,,4.97,5.9,,22.5,27.2,,,318.48,,25.17,32.05,,88.35,78.37,,97.01,94.19,,98.23,96.95,,99.6,99.15,,0.4,0.47
2305308,Ibiapina,,51.71,53.04,,18.13,10.79,,47.7,41.28,,60.88,61.93,,64.89,63.83,,62.59,72.38,,7.62,2.57,,9.65,5.94,,13.2,6.61,,6.85,2.15,,14.26,4.02,,12.3,3.75,,7.63,9.42,,44.69,39.22,,1.95,2.32,,30.42,33.46,,1.99,0.72,,12.71,18.04,,17.34,38.53,,10.16,21.44,,2.12,5.23,,54.46,58.66,,0.41,0.13,,5.93,1.37,,0.51,0.41,,4.03,3.25,,10.07,9.12,,24.6,23.53,,,369.58,,13.96,17.94,,86.62,73.79,,95.25,93.76,,96.39,96.62,,98.6,99.12,,0.57,0.38
2305332,Ibicuitinga,,42.78,37.73,,10.22,4.14,,22.29,14.91,,52.37,44.76,,56.84,44.35,,61.67,58.01,,7.1,9.25,,5.56,31.01,,17.1,26.39,,6.61,8.41,,12.78,15.4,,5.62,9.23,,3.35,5.9,,18.35,32.47,,17.04,12.52,,29.63,22.43,,1.79,0.31,,20.84,21.27,,22,47.92,,11.57,34.6,,0.66,6.64,,47.35,44.47,,,,,4.34,3.18,,,0.67,,4.35,5.34,,7.48,8.78,,35.27,35.14,,,322.39,,29.99,30.24,,88.29,78.17,,95.59,94.34,,97.68,97.52,,99.32,99.38,,0.41,0.45
2305357,Icapuí,,50.34,52.36,,9.06,6.33,,28.85,18.42,,60.76,60.8,,61.7,57.17,,67.41,73.03,,12.14,8.82,,10.7,18.47,,36.4,17.62,,11.01,8.49,,17.21,18.88,,7.11,9.9,,11.6,18.7,,38.5,30.22,,5.65,2.04,,35.9,36.58,,1.6,0.94,,19.92,32.69,,23.16,42.33,,13.43,28.13,,0.7,4.54,,49.82,45.94,,1.01,0.78,,9.48,3.89,,0.52,1,,2.96,4.54,,8.72,10.11,,27.05,30.19,,,476.61,,6.75,13.01,,77.98,58.57,,95.2,91.87,,96.97,95.97,,99.15,98.81,,0.42,0.48
2305407,Icó,,50.64,42.53,,22.37,11.3,,43.65,27.79,,57.39,48.64,,61.59,50.24,,68.25,58.02,,13.41,6.02,,23.73,4.17,,24.85,15.86,,11.54,5.53,,19.36,10.32,,10.89,8.24,,8.85,14.1,,25.69,33.34,,7.37,7.58,,23.33,23.84,,1.47,0.86,,19.59,27.49,,22.92,44.74,,14.31,30.05,,1.6,5.97,,47.21,39.61,,0.15,0.13,,5.06,3.58,,0.19,1.13,,7.34,7.19,,11.72,13.38,,27.98,31.56,,,452.1,,33.83,24.36,,82.72,63.55,,93.54,91.87,,95.6,95.7,,98.27,98.12,,0.51,0.45
2305506,Iguatu,,53.87,53.87,,15.21,8.77,,42.65,28.84,,61.8,61.2,,68.82,66.33,,73.21,76.45,,10.1,7.2,,15.23,8.1,,20.4,15.65,,9.12,6.89,,19.08,13.18,,11.13,8.14,,20.32,27.94,,31.13,33.11,,5.48,4.35,,27.98,24.01,,3.14,1.79,,29.31,36.64,,30.97,53.97,,19.48,37.21,,2.86,6.76,,25.9,19.16,,0.46,0.14,,11.07,12.76,,0.55,1.08,,6.31,5.93,,17,21.23,,38.51,34.07,,,718.37,,12.28,9.96,,72.45,45.03,,87.87,85.26,,91.49,91.61,,96.16,95.83,,0.6,0.49
2305605,Independência,,50.83,47.18,,18.27,16.57,,45.61,35.23,,57.45,52.78,,57.17,56.73,,69.74,63.46,,8.84,9.89,,8.34,21.95,,21.65,16.51,,7.89,8.95,,16.42,22.48,,5.82,11.24,,5.92,8.82,,24.98,34.07,,5.38,4.22,,35.34,19.73,,1.67,0.76,,13.22,16.01,,22.18,42.46,,13.64,27.48,,2.53,4.3,,60.13,45.81,,,0.18,,3.32,3.05,,0.07,0.34,,4.35,6.5,,6.13,9.83,,26,28.53,,,370.23,,26.94,37.96,,80.21,75.02,,93.51,91.9,,95.06,95.78,,98,98.5,,0.59,0.57
2305654,Ipaporanga,,42.89,33.39,,11.6,3.67,,33.56,15.6,,50.21,40.29,,45.27,40.55,,66.26,52.17,,14.16,8.31,,54.24,8.14,,33.29,27.28,,10.85,7.57,,18.04,9.97,,13.81,11.38,,10.83,19.11,,9.36,28.81,,6.53,0.47,,17.42,17.76,,0.29,0.18,,17.88,22.25,,13.06,37.39,,4.62,24.83,,0.16,4.32,,65.45,47.63,,0.23,,,4.24,4.24,,0.21,0.7,,3.94,5.28,,4.63,9.32,,21.3,29.4,,,241.73,,55.57,34.94,,94.22,77.59,,98.2,96.68,,98.52,99.66,,99.44,100,,0.53,0.46
2305704,Ipaumirim,,46.21,43.02,,9.43,9.12,,30.66,30.38,,55.25,48.61,,50.69,48.57,,71.21,59.39,,11.77,8.72,,14.31,27.56,,28.22,22.22,,10.54,7.53,,22.2,15.83,,11.98,9.56,,13.87,21.61,,22.88,43.29,,2.49,1.1,,22.72,18.34,,0.59,1.71,,18.01,24.73,,23.8,43.93,,15.21,29.12,,1.95,7.05,,51.99,42.75,,,0.13,,6.15,3.81,,0.45,1.26,,3.77,5.84,,6.41,11.21,,30.47,32.62,,,542.84,,37.56,15.58,,85.72,65.92,,95.33,92.52,,96.43,95.7,,98.63,97.46,,0.41,0.62
2305803,Ipu,,59.05,46.17,,25.3,9.12,,58.13,26.12,,66.34,54.44,,67.15,53.81,,75.15,68.37,,3.96,5.94,,4.1,10.38,,6.79,14.87,,3.63,5.37,,7.59,12.49,,3.95,8.58,,7.52,11.15,,25.21,41.84,,4.88,5.95,,36.7,23.82,,1.23,0.74,,15.36,21.24,,17.29,41.65,,10.18,27.19,,2.27,6.81,,52.32,37.67,,0.14,,,4.18,4.22,,0.14,0.58,,4.21,6.27,,10.1,17.99,,28.81,31.03,,,479.26,,24.62,19.47,,86.1,70.41,,94.91,91.15,,96.39,94.54,,98.38,97.68,,0.62,0.59
2305902,Ipueiras,,52.64,44.48,,19.35,13.19,,52.42,30.83,,60.69,51.99,,64.37,52.9,,66.54,65.96,,7.24,7.69,,12.12,10.7,,13.01,11.42,,6.19,7.3,,12.65,13.36,,8.1,9.35,,5.8,9.29,,22.03,32.36,,7.28,6.36,,35.11,24.65,,0.3,1.45,,14.39,18.96,,12.08,36.59,,6.59,24.78,,1.22,3.87,,51.88,46.35,,0.04,,,6.69,3.46,,0.37,0.63,,5.96,4.87,,7.98,11.03,,26.8,31.55,,,332.37,,29.54,31.98,,91.95,74.35,,97.52,94.63,,98.26,97.27,,99.39,98.54,,0.46,0.52
2306009,Iracema,,49.45,50.91,,14.87,9.03,,46.49,33.36,,57.03,57.84,,58.26,61.17,,60.69,69.65,,8.76,8.68,,14.95,15.06,,14.56,20.58,,7.79,7.98,,21.42,14.82,,3.94,11.71,,6.82,16.98,,23.67,35.2,,9.82,5.21,,22.34,25.68,,2.44,0.83,,23.05,27.69,,23.65,48.03,,13.54,33.65,,1.98,5.8,,47.76,40.83,,,,,4.12,5.1,,0.37,0.69,,4.67,6.05,,10.93,12.35,,31.23,32.43,,,518.82,,35.16,19.24,,79.8,62.18,,90.09,91.13,,92.77,95.49,,96.59,97.72,,0.55,0.59
2306108,Irauçuba,,60.65,34.37,,28.05,4.25,,50.85,15.2,,70.36,42.61,,71.43,41.41,,72.62,53.53,,6.84,15.84,,7.87,28.48,,22.11,30.73,,5.31,14.97,,10.97,21.5,,1.21,25.86,,9.22,21.8,,27.18,37.38,,1.46,2.74,,24.62,21.77,,0.24,0.38,,12.19,27.32,,16.46,50.06,,7.59,35.28,,1.31,6.01,,46.18,27.5,,0.97,,,16.49,18.59,,0.13,1.02,,3.74,7.33,,3.64,9.88,,28.85,30.32,,,501.37,,37.61,18.54,,88.64,56.14,,96.7,92.52,,98.35,94.92,,99.57,98,,0.57,0.59
2306207,Itaiçaba,,54.31,55.08,,18.26,12.68,,34.2,27.82,,63.96,62.81,,64.25,64.83,,70.46,71.5,,8.45,10.42,,14.05,,,16.18,22.24,,7.64,10.2,,13.72,23.04,,12.98,7.71,,9.19,18.06,,27.46,27.65,,4.62,5.78,,36.16,32.26,,0.92,0.62,,15.25,27.68,,24.35,46.78,,13.62,32.97,,0.41,6.61,,35.23,35.12,,0.5,0.45,,7.93,16.57,,0.34,0.68,,3.72,5.94,,9.62,13.19,,39.84,26.02,,,386.97,,21.66,16.41,,89.78,61.64,,95.87,93.64,,97.29,97.36,,99.8,99.44,,0.57,0.5
2306256,Itaitinga,,47.32,43.51,,4.06,4.19,,32.73,18.13,,58.02,51.94,,62.93,51.31,,69.23,58.97,,18.99,12.15,,18.18,24.84,,35.26,36.13,,17.95,11.22,,30.17,25.01,,16.34,9.49,,36.22,42.04,,33.35,27.93,,5.84,3.5,,21.51,21.08,,1.22,0.41,,44.01,49.91,,25.43,48.98,,12.6,30.1,,1.42,2.36,,8.38,8.7,,6.74,2.13,,26.53,23.58,,0.56,1.67,,10.62,11.67,,6.01,11.24,,39.85,32,,,591.56,,2.14,6.32,,68.26,31.05,,90.8,89.94,,95.57,96.84,,98.33,98.62,,0.32,0.24
2306306,Itapagé,,50.88,48.76,,10.43,6.98,,42.99,23.25,,60.18,58.83,,65.95,58.15,,69.91,71.11,,9.13,9.54,,11.36,12.64,,17.27,24,,8.35,8.88,,14.81,15.64,,7.27,7.18,,6.39,26.97,,43.73,37.35,,3.5,2.45,,32.97,22.44,,0.46,0.72,,12,31.9,,20.75,48.42,,10.56,27.89,,1.58,4.42,,27.11,23.68,,0.25,,,29.94,30.53,,0.53,1.7,,5.15,4.23,,11.07,15.24,,25.74,23.19,,,457.47,,12.95,12.35,,83.24,61.59,,93.83,92.45,,96.36,95.92,,98.33,98.7,,0.55,0.46
2306405,Itapipoca,,46.08,51.31,,11.16,11.83,,32.9,27.19,,56.15,60.87,,55.91,61.18,,62.86,71.18,,7.91,9.8,,3.69,5.98,,12.46,17.74,,7.76,9.54,,13.94,18.1,,10.84,11.72,,12.69,20.91,,28.92,32.33,,4.45,4.7,,28.52,23.49,,1.06,0.95,,19.51,29.41,,24.49,52.63,,13.87,35.59,,2.84,5.46,,43.34,32.67,,0.04,0.09,,10.37,10.07,,0.56,0.9,,5.43,6.87,,12.69,15.13,,27.17,29.92,,,473.39,,24.36,22.93,,83.12,60.17,,93.48,91.46,,95.46,95.68,,97.92,98.12,,0.51,0.51
2306504,Itapiúna,,41.77,39.78,,8.21,5.02,,33.48,14.73,,50.19,48.79,,49.12,42.24,,57.5,53.8,,11.42,5.94,,30.08,,,23.9,6.36,,9.69,6.03,,13.53,12.76,,15.54,5.99,,10.01,13.9,,23.13,24.83,,4.81,0.82,,20.3,39.61,,0.81,1.2,,17.38,20.66,,20.98,41.02,,11.42,26.33,,,4.85,,51.96,52.94,,0.25,,,5.05,2.49,,0.87,0.39,,3.23,5.26,,6.73,9.36,,31.92,27.82,,,355.32,,41.38,21.86,,84.14,71.23,,94.88,93.97,,96.07,97.33,,96.73,99.26,,0.52,0.4
2306553,Itarema,,47.76,51.52,,13.37,9.62,,41.85,30.57,,57.81,62.16,,61.56,61.6,,66.38,73.38,,8.29,5.58,,7.24,13.52,,23.88,9.35,,6.72,5.13,,10.84,8.3,,7.18,7.66,,4.87,9.36,,42.98,42.52,,5.75,7.87,,24.55,22.18,,1.18,0.42,,13.55,20.61,,12.9,40.02,,5.82,23.35,,1.2,3.05,,52.63,47.78,,,,,10.18,6.49,,,0.86,,3.08,4.44,,7.6,9.65,,26.33,26.97,,,349.56,,21.34,21.32,,86.39,74.76,,95.62,94.49,,96.95,97.11,,99.08,98.71,,0.53,0.5
2306603,Itatira,,54.92,39.03,,16.57,10.46,,46.35,21.32,,65.74,47.04,,62.38,44.53,,61.76,53.81,,5.68,10.43,,3.43,13.82,,14.01,17.28,,5.11,9.91,,16.36,18.45,,2.23,9.93,,7.24,17.66,,13.94,28.89,,4.26,3.85,,15.95,26.93,,0.98,0.39,,12.54,25.37,,8.44,32.48,,3.67,20.76,,0.66,4.71,,73.08,44.55,,,0.13,,2.84,2.5,,0.28,0.39,,2.49,6.24,,4.77,10.01,,16.07,29.09,,,373.71,,58.94,23.37,,91.14,66.7,,96.6,92.24,,98.39,97.33,,98.88,99,,0.42,0.47
2306702,Jaguaretama,,47.32,40.98,,10.84,7.44,,36.91,19.96,,56.27,48.47,,55.97,47.34,,67.07,55.87,,6.04,6.04,,12.56,,,17.37,11.25,,4.89,5.96,,15,9.82,,7.38,8.79,,5.67,9.81,,26.24,29.28,,5.53,7.37,,33.22,24.19,,1.4,1.5,,13.68,18.63,,16.56,44.05,,12.46,27.14,,0.57,4.02,,57.52,47.75,,,,,4.87,3.63,,0.4,1.28,,3.25,3.83,,7.77,7.7,,25.23,32.63,,,406.96,,27.94,30.4,,83.85,71.74,,93.46,93.45,,95.58,96.84,,98.65,98.34,,0.67,0.6
2306801,Jaguaribara,,54.31,49.39,,23.14,15.33,,45.62,19.64,,61.74,56.32,,64.46,52.64,,73.81,70.14,,18.06,4.96,,47.88,9.42,,43.25,,,13.46,4.94,,19.21,9.42,,13.29,11.51,,10.5,13.4,,25.55,38.15,,10.61,4.96,,31.44,32.67,,2.12,0.52,,25.58,22.91,,20.3,42.63,,9.98,27.02,,0.15,6.36,,48.07,42.33,,0.2,0.3,,3.06,2.75,,,1.2,,12.13,4.59,,9.85,9.35,,26.17,34.72,,,460.65,,19.95,14.64,,83.67,58.46,,94.91,92.18,,96.26,97,,99.16,98.92,,0.49,0.34
2306900,Jaguaribe,,56.42,50.41,,22.54,14.1,,54.63,28.99,,63.21,57.84,,69.31,57.75,,75.79,70.23,,8.3,7.23,,4.87,8.23,,12.8,19.32,,8.1,6.62,,16.57,14.39,,8.34,6.67,,9.02,14.42,,28,31.9,,5.42,3.26,,44.44,34.29,,1.11,1.01,,19.2,23.44,,24.96,43.76,,14.25,26.75,,1.9,6.22,,32.32,37.82,,,0.09,,9.15,15.33,,0.09,0.36,,5.29,5.2,,10.88,12.41,,36.9,25.35,,,429.08,,12.89,17.13,,81.43,66.35,,92.38,91.7,,94.63,95.92,,97.2,98.35,,0.89,0.57
2307007,Jaguaruana,,54.23,56.14,,21.95,18.15,,44.37,42.31,,61.69,62.5,,62.39,68.42,,72.66,68.58,,11.49,8.06,,15.66,5.44,,18.95,19.43,,10.62,7.48,,20.44,14.01,,9.57,10.43,,14.68,21.27,,42.77,45.15,,2.92,2.1,,23.71,20.89,,1.02,1.49,,19.51,26.11,,21.8,42.13,,13.83,25.73,,1.28,3.27,,34.61,24.78,,1.19,1.57,,32.64,31.39,,0.09,0.93,,3.92,5.29,,7.58,11.14,,19.62,22.35,,,421.35,,15,9.75,,83.4,58.3,,94.72,93.66,,96.36,97.86,,99.42,98.94,,0.52,0.46
2307106,Jardim,,49.18,45.3,,28.16,10.61,,46.38,25.16,,54.61,52.99,,58.01,54.99,,62.73,56.66,,21.32,5.32,,49.3,3.44,,42.39,16.76,,15.71,4.87,,26.88,11.37,,15.5,2.47,,7.68,18.33,,30.72,27.94,,4.29,5.52,,37.39,28.9,,1.09,0.1,,13.51,25.85,,15.89,41.55,,7.68,26.69,,2.16,5.36,,55.73,52.74,,0.08,0.26,,5.96,2.89,,0.08,0.22,,5.95,6.19,,6.47,8.62,,24.1,26.15,,,394.3,,20.08,20.85,,87.7,68.7,,94.71,93.36,,96.75,96.43,,98.78,98.81,,0.65,0.49
2307205,Jati,,47.51,56.49,,24.91,18.41,,32.37,31.23,,54.02,63.99,,54.81,66.88,,68.95,73.18,,24.47,6.31,,41.82,,,54.37,12.3,,20.65,6.3,,38.03,14,,19.01,7.42,,8.45,11.25,,27.44,47.9,,6.94,6.63,,46.45,20.68,,0.24,1.23,,15.97,18.71,,24.7,49.4,,15.93,37.33,,2.46,5.83,,39.95,35.66,,,0.11,,4.37,1.72,,,0.57,,5.67,8.81,,8.47,8.72,,40.96,42.67,,,339.39,,10.49,23.47,,83.57,73.86,,94.38,95.04,,97.02,97.47,,98.32,99.03,,0.56,0.45
2307254,Jijoca de Jericoacoara,,52.21,56.82,,17.65,7.84,,40.78,36.27,,62.66,67.08,,65.59,67.39,,72.26,76.5,,4.29,5.56,,3.34,7.07,,10.28,11.33,,3.83,5.22,,8.16,10.62,,1.59,6.32,,1.52,13.17,,19.69,32.84,,8.95,10.27,,53.08,31.86,,1.18,0.39,,12.34,27.87,,12.28,47.95,,5.77,28.8,,1.77,7.02,,32.01,20.93,,,,,21.57,7.51,,0.15,1.48,,5.24,5.41,,11.6,12.58,,29.28,49.99,,,646.37,,15.59,12.68,,79.91,52.64,,92.6,85.74,,93.85,92.27,,97.25,96.25,,0.84,0.59
2307304,Juazeiro do Norte,,51.56,54.65,,12.13,7.01,,43.96,30.24,,59.86,63.92,,67.28,67.76,,71.78,75.77,,15.63,10.3,,29.72,20.14,,33.87,28.54,,13.64,9.4,,20.4,17.93,,16.18,9.79,,25.53,32.36,,29.59,30.93,,4.39,4.87,,33.19,27.35,,2.82,2.11,,34,41.41,,39.14,60.59,,23.7,43.04,,4.37,8.71,,6.68,4.61,,0.16,0.11,,16.15,17.48,,0.44,1.15,,7.36,7.71,,27.35,27.38,,41.25,39,,,839.76,,4.71,3.25,,68.62,34.97,,87.72,84.25,,91.75,90.84,,96.1,95.28,,0.63,0.47
2307403,Jucás,,47.6,38.31,,16.04,7.02,,45.28,32.14,,54.73,44.07,,56.84,46.21,,63.07,50.7,,7.6,9.39,,6.93,16.62,,12.75,21,,7.17,8.39,,10.58,20.07,,11.35,12.64,,7.81,14.85,,24.77,38.54,,5.33,3.16,,26.77,26.51,,0.16,0.81,,14.82,19.99,,17.56,38,,8.37,23.59,,1.71,4.65,,56.17,40.84,,1.55,3.46,,4.94,4.19,,0.28,0.72,,5.13,4.68,,7.62,13.58,,23.58,28.78,,,417.71,,35.84,19.43,,89.02,61.35,,96.44,92.69,,98.15,96.93,,99.16,98.93,,0.43,0.36
2307502,Lavras da Mangabeira,,36.85,38.66,,10.3,8.11,,29.58,20.6,,43.19,44.85,,40.66,42.55,,54.11,58.15,,8.53,7.91,,9.12,6.83,,13.65,13.43,,8.07,7.7,,18.39,19.75,,10.35,11.03,,7.09,15.74,,31.84,36.21,,5.52,2.7,,29.75,25.53,,1.72,0.88,,15.02,22.7,,22.79,46.76,,16.14,32.51,,2.31,7.64,,45.73,38.6,,,,,6.76,4.67,,0.2,0.42,,8.79,7.38,,9.01,13.65,,28.63,31.5,,,489.18,,25.73,22.44,,85.85,67.28,,95.17,91.06,,95.99,95.6,,98.62,97.48,,0.48,0.67
2307601,Limoeiro do Norte,,52.5,52.4,,10.47,7.64,,35.2,22.28,,61.5,60.64,,61.43,63.33,,70.38,73.22,,12.25,9.57,,17.85,16.03,,20.88,27.85,,11.57,8.92,,21.67,17.1,,11.68,10.66,,18.47,31.72,,34.95,34.37,,5.95,3.09,,28.02,21.03,,2.77,1.39,,28.24,38.49,,33.21,52.77,,21.99,35.94,,3.91,7.25,,31.27,27.65,,1.88,0.98,,8.51,7.48,,0.91,2.11,,8.22,9.18,,12.87,15.89,,35.98,33.09,,,717.14,,9.99,9.14,,74.7,37.83,,89.09,84.64,,92.46,92.44,,96.43,96.24,,0.55,0.42
2307635,Madalena,,51.88,37.2,,23.81,7.17,,42.51,17.21,,58.8,45.3,,61.83,46.35,,60.09,50.69,,6.36,9.52,,3.55,13.15,,15.87,20.14,,5.87,8.94,,12.53,20.83,,3.59,12.47,,9.45,11.22,,22.47,30.36,,0.6,10.16,,41.38,21.31,,,1.02,,12.44,24.53,,14.03,42.3,,7,26.81,,0.71,4.96,,61.83,42.86,,,,,4.24,3.97,,,0.93,,3.68,8.07,,4.84,10.68,,25.41,32.17,,,449.05,,25.74,27.82,,87.69,62.24,,95.53,91.24,,96.88,96.12,,99.24,97.82,,0.5,0.46
2307650,Maracanaú,,52.51,53.83,,5.64,4.3,,28.6,20.17,,64.78,64.03,,65.64,64.25,,72.93,76.97,,19.44,10.96,,35.24,19.29,,38.44,27.66,,18.21,10.4,,30.05,19.53,,18.87,11.93,,44.85,53.39,,26.43,23.79,,4.59,2.93,,21.34,18.15,,1.15,0.62,,51.58,58.34,,40.4,66.43,,18.78,46.35,,1.09,3.92,,2.11,1.53,,0.29,0.05,,27.71,28.09,,0.43,1.26,,8.36,8.29,,17.82,18.91,,42.26,36.11,,,715.39,,1.87,1.37,,60.69,20.85,,87.22,86.39,,93.78,94.45,,97.89,98.16,,0.38,0.23
2307700,Maranguape,,52.05,48.07,,6.11,4.63,,28.9,17.23,,63.92,57.72,,67.41,58.51,,73.04,68.2,,15.1,8.63,,26.75,6.48,,28.64,25.03,,14.22,8.2,,23.39,16.27,,14.68,9.73,,37.35,44.62,,28.09,28.73,,4.69,4.12,,21.22,18.13,,1.27,0.63,,43.95,51.01,,32.42,59.67,,15.39,40.01,,1.14,4.02,,21.82,15.64,,0.17,0.02,,30.89,32.94,,0.43,0.91,,6.41,7.07,,10.52,11.46,,29.18,28.18,,,595.42,,7.92,4.75,,76.86,32.84,,92.1,91.39,,95.41,95.76,,98.5,98.6,,0.36,0.23
2307809,Marco,,52.82,51.66,,15.69,9.04,,42,27.37,,63.81,62.37,,62.57,63.31,,76.81,72.65,,12.15,7.3,,23.31,7.14,,14.05,6.4,,11.27,7.35,,16.9,12.2,,13.99,11.43,,11.91,20.05,,44.87,44.72,,7.35,4.7,,19.77,18.55,,2.39,0.99,,21.7,26.39,,22.96,42.34,,13.99,25.24,,2.94,4.63,,29.01,25.84,,,0.13,,21,21.57,,0.14,1.05,,6.6,9.36,,10.45,11.75,,30.12,28.15,,,501.61,,13.85,13.45,,81.96,57.29,,94.46,92.61,,96.03,95.89,,98.1,98.51,,0.61,0.5
2307908,Martinópole,,37.65,44.51,,9.71,6.71,,15.83,21.28,,47.19,55.44,,43.5,50.25,,56,70.26,,7.69,7.61,,4.24,9.56,,14.74,37.08,,7.56,6.09,,10.27,18.78,,16.21,5.29,,6.66,12.67,,27.33,38.96,,9.54,4.27,,40.14,24.83,,,0.36,,17.38,19.44,,17.25,42.84,,10.38,32.6,,3.02,8.92,,51.78,36.06,,,0.17,,4.87,6.43,,,2.06,,5.47,6.54,,7.75,10.66,,27.16,34.27,,,427.96,,16.64,18.89,,87.29,72.02,,95.41,92.6,,96.41,95.16,,99.26,97.96,,0.54,0.67
2308005,Massapê,,46.72,47.04,,13.13,11.22,,33.72,21.99,,56.02,56.56,,59,61.44,,60.88,67.9,,7.97,8.08,,5.12,,,18.58,21.94,,7.36,7.76,,13.17,13.67,,9.17,12.7,,15.85,38.5,,26.31,24.45,,5.3,2.1,,32.26,21.89,,0.85,0.34,,22.68,42.93,,18.27,46.83,,8.87,28.1,,1.84,5.03,,38.98,22.35,,0.84,0.51,,13.37,24.81,,0.24,0.3,,6.42,8.35,,9.67,12.02,,30.38,26.69,,,413.86,,19.55,14.52,,86.53,50.49,,94.76,94.92,,96.95,98.09,,99.1,99.39,,0.5,0.31
2308104,Mauriti,,45.15,46.99,,12.69,12.59,,40.81,32.66,,52.94,54.39,,54.76,54.96,,66.24,65.93,,10.52,8.5,,8.97,7,,14.28,12.6,,10.27,8.31,,12.77,12.26,,13.65,9.68,,11.56,18.04,,34.57,34.71,,8.86,2.97,,32.54,22.88,,2.19,0.92,,23.35,22.62,,22.72,43.72,,12.31,27.92,,0.96,6.02,,33.83,49.17,,0.56,0.23,,9.63,2.27,,0.26,0.72,,8.3,8.02,,8.03,9.37,,38.98,28.15,,,370.86,,10.57,22.79,,82.91,72.5,,93.66,93.82,,96.47,97.02,,98.9,98.38,,0.63,0.55
2308203,Meruoca,,54.74,48.79,,22.73,10.04,,45.57,18.08,,63.41,58.33,,67.86,57.86,,68.23,67.83,,4.67,3.51,,3.59,,,11.91,10.79,,4.01,3.37,,10.29,8.38,,1.15,2.6,,13.11,22.26,,26.69,43.29,,4.25,1.74,,32.22,21.04,,0.83,0.4,,21.08,28.17,,16.95,44.72,,9.68,28.38,,2.03,3.82,,43.29,30.2,,,0.22,,3.92,12.26,,0.75,1.6,,8.6,10.34,,5.77,7.9,,37.05,33.54,,,406.44,,23.13,16.62,,87.73,61.79,,95.05,94.1,,97.39,96.89,,99.11,98.79,,0.56,0.39
2308302,Milagres,,37.84,44.57,,7.73,10.36,,32.14,32.9,,44.76,50.62,,43.47,53.04,,57.17,67.79,,10.44,8.59,,20.75,14.28,,13.35,19.1,,9.85,7.82,,12.02,15.09,,12.56,10.28,,15.99,21.54,,36.4,33.96,,3.87,6.03,,31.78,26.24,,0.6,,,24.02,30.99,,21.05,48.33,,12.13,29.97,,2.14,5.42,,39.06,33.66,,0.47,0.2,,6.71,3.99,,1.01,2.95,,6.79,9.73,,11.65,10.97,,33.93,34.6,,,430.43,,12.52,13.04,,83.34,60.88,,93.12,92.33,,95.27,96.66,,98.47,98.68,,0.6,0.44
2308351,Milhã,,62.84,36.62,,19.99,9.87,,57.87,22.71,,71.04,41.68,,74.38,42.1,,83.49,53.2,,6.03,4.58,,14.93,4.75,,15.62,11.96,,4.86,4.17,,12.11,11.49,,6.72,5.62,,3.27,11.5,,26.06,34.42,,5.38,6.62,,30.69,26.94,,1.02,0.37,,10.17,20.16,,17.65,44.4,,8.26,30.68,,1,5.45,,66.01,45.36,,0.38,0.12,,3.37,4.48,,0.1,0.65,,2.12,2.89,,6.47,11.45,,21.54,31.65,,,417.66,,33.57,25.09,,90.01,65.61,,96.55,91.93,,97.9,95.56,,99.35,98.18,,0.41,0.43
2308377,Miraíma,,42.68,34.54,,20.22,5.39,,32.88,11.32,,49.9,42.7,,47.49,36.43,,55.42,49.78,,8.98,13.98,,14.3,26.67,,17.73,48.56,,7.62,12.68,,13.26,18.78,,9.72,24.94,,5.19,9.81,,26.19,35.17,,5.48,7.33,,15.56,24.21,,1.28,,,11.93,19.44,,16.04,41.01,,8.49,27.12,,2.2,6.35,,59.77,43.21,,,0.36,,3.45,3.04,,0.19,1.36,,4.51,3.39,,4.99,6.41,,26.88,38.82,,,383.59,,46.3,30.45,,91.32,77.6,,97.32,96.07,,98.66,97.67,,99.86,98.76,,0.48,0.69
2308401,Missão Velha,,42.25,53.05,,8.52,14.27,,30.68,35.77,,50.91,61.05,,51.67,65.9,,60.1,67.39,,7.49,4.6,,10.93,2.42,,12.98,14.12,,6.93,4.17,,12.12,7.06,,6.59,4.86,,13.87,16.34,,37.38,35.29,,2.52,1.04,,30.34,30.98,,1.4,1.34,,18.89,19.39,,20.82,41.02,,14.14,24.69,,2.79,5.27,,38.88,48.88,,0.17,0.16,,8.41,2.76,,0.32,0.21,,5.68,5.86,,10.12,13.85,,35.33,26.69,,,426.45,,14.99,17.74,,81.44,72.55,,92.89,93.62,,95.53,95.41,,98.07,97.96,,0.57,0.59
2308500,Mombaça,,46.89,46.3,,21.48,14.06,,43.68,29.09,,53.01,52.84,,56.44,52.55,,60.58,62.79,,9.55,4.94,,14.96,5.48,,27.43,3.84,,7.27,4.97,,13.2,9.76,,11.2,7.34,,6.61,10.86,,25.41,37.1,,2.39,4.22,,21.03,18.13,,0.85,0.83,,10.42,17.23,,16.69,35.27,,10.18,22.08,,0.82,3.85,,58.9,47.38,,0.26,,,3.1,3.06,,0.28,0.27,,3.45,5.23,,8.21,13.71,,25.65,25.59,,,351.4,,44.03,35.66,,87.75,73.36,,95.35,93.4,,96.51,96.85,,98.12,98.38,,0.56,0.57
2308609,Monsenhor Tabosa,,48.3,47.22,,12.96,10.81,,37.91,31.1,,57.73,55.04,,54.42,53.33,,68.27,66.43,,5.52,10.75,,6.98,8.04,,9.38,16.76,,5.16,10.51,,10.55,21.49,,6.73,11.76,,2.15,6.69,,24.72,40,,8.67,11.33,,35.55,17.24,,0.21,0.67,,13.23,19.51,,17.5,42.43,,8.87,28.55,,1.97,6.64,,58.12,45.64,,,,,3.71,2.23,,,1,,3.99,6.28,,6.51,9.56,,27.44,33.81,,,391.45,,29.17,28.33,,90.31,70.31,,96.3,92.5,,98.46,96.34,,99.77,98.22,,0.38,0.53
2308708,Morada Nova,,48.39,43.07,,17.63,6.75,,34.46,22.96,,56.33,50.22,,60.67,51.47,,63.63,57.76,,9.52,8.56,,16.48,17.43,,21.28,12.78,,8.22,8.22,,13.74,16.19,,9.86,9.98,,8.73,13.79,,32.53,36.81,,13.24,6.13,,31.14,28.62,,2.22,1.03,,25.1,23.24,,21.71,44.08,,13.54,28.99,,1.82,7.36,,42.49,38.62,,0.81,0.26,,6.3,5.63,,0.25,1.09,,7.06,6.48,,11.18,12.73,,31.5,33.05,,,471.84,,12.95,15.33,,80.56,61.83,,93.75,90.51,,96.33,94.75,,98.94,97.99,,0.68,0.51
2308807,Moraújo,,45.85,46.7,,12.62,9.45,,34.9,30.82,,54.45,55.26,,48.76,48.23,,61.93,61.34,,1.04,7.93,,,,,2.51,12.81,,0.98,7.88,,3.04,14.54,,1.41,4.81,,3.38,10.75,,12.34,27.25,,8.2,10.87,,62.21,20.86,,,,,12.39,25.32,,12.05,42.99,,7.44,26.09,,3.15,5.82,,53.7,49.95,,0.21,,,2.69,7.27,,,0.5,,3.16,5.95,,17.85,8.4,,20.79,24.5,,,260.45,,13.65,32.6,,91.78,76.35,,97.53,96.37,,99.02,98.84,,99.81,99.85,,0.53,0.43
2308906,Morrinhos,,51.47,44.78,,18.32,11.54,,43.99,28.47,,61.16,53.26,,63.81,50.15,,63.43,58.22,,7.87,7.4,,11.64,7.88,,12.85,15.92,,7.08,6.84,,10.71,10.53,,3.5,7.34,,7.2,10.21,,27.43,34.11,,3.57,7.56,,37.71,28.05,,0.55,1.08,,13.79,20.88,,14.06,36.82,,5.95,25.09,,0.77,4.64,,45.61,39.86,,0.53,0.36,,15.16,11.18,,,1.16,,4.83,3.94,,9.68,10.43,,23.78,23.42,,,369.25,,24.43,21.78,,90.01,69,,96.3,91.77,,97.64,97.86,,98.15,99.33,,0.65,0.47
2309003,Mucambo,,46.2,41.05,,14.12,8.99,,36.13,22.92,,54.97,48.51,,58.83,45.64,,67.63,63.02,,5.41,8.29,,4.84,15.86,,7.76,19.97,,5.25,7.47,,11.65,14.37,,7.71,9.24,,7.3,10.54,,21.92,39.6,,10.26,6.12,,36.92,27.34,,0.83,0.36,,18.48,21.96,,16.9,40.29,,10.83,24.26,,2.08,7.29,,41.64,40.2,,,,,6.79,3.94,,0.11,0.98,,6.54,2.81,,10.76,9.13,,33.45,38.38,,,399.33,,22.6,23.33,,89.67,71.86,,95.96,92.44,,97.47,95.79,,99.31,97.87,,0.63,0.57
2309102,Mulungu,,47.03,45.81,,6.4,5.57,,27.62,21.42,,57.93,55.28,,55.85,53.57,,63.35,64.7,,6.39,5.71,,31.66,7.84,,11.51,13.55,,5.49,5.36,,10.33,10.57,,4.34,4.82,,12.28,15.38,,39.45,56.58,,2.53,3.85,,31.37,16.23,,1.09,0.3,,16.2,21.74,,24.98,41.18,,13.58,27.42,,0.55,4.68,,46.23,47.22,,0.14,,,2.7,2.91,,0.34,0.66,,3.52,5.69,,12.24,5.9,,34.65,35.06,,,443.44,,13.44,13.83,,83.66,64.06,,93.8,96.49,,95.43,98,,98.18,99.43,,0.53,0.49
2309201,Nova Olinda,,47.39,49.35,,14.04,12.4,,40.72,28.5,,55.86,57.69,,62.56,60.95,,59.01,65.98,,5.64,5.28,,12.67,2.37,,13.1,3.38,,4.53,5.48,,8.13,12.38,,6.25,6.06,,9.84,18.42,,24.13,32.51,,7.91,5.53,,27.29,17.19,,1.92,1.25,,20.31,25.1,,21.51,42.31,,12.43,26.85,,1.23,6.78,,43.86,30.42,,1.34,9.92,,11.69,8.84,,0.26,0.71,,5.01,4.62,,8.17,11.28,,28.76,28.41,,,469.29,,29.4,26.46,,85.06,69.89,,93.98,92.62,,96.17,95.84,,97.9,97.93,,0.6,0.61
2309300,Nova Russas,,46.81,51.11,,10.3,12.86,,35.06,32.42,,55.66,58.66,,61.79,62.18,,63.42,73.28,,10.95,5.23,,11.18,6.45,,25.07,15.21,,9.89,4.68,,17.16,10.72,,15.11,5.29,,10.27,18.48,,27.4,32.05,,2.4,2.33,,35.87,35.39,,2.05,1.27,,16.02,25.95,,22.3,41.55,,15.39,25.57,,3.51,6.45,,35.3,27.93,,,0.12,,11.23,12.98,,0.38,2.97,,7.37,7.27,,13.44,16.61,,32.16,29.77,,,441.45,,22.07,12.4,,81.98,66.25,,93.68,91.09,,96.36,96.11,,98.58,98.09,,0.63,0.63
2309409,Novo Oriente,,52.96,39.65,,25.16,12.77,,44.31,22.23,,59.55,45.87,,61.64,47.45,,61.36,52.18,,5.41,6.59,,8.9,,,10.53,4.52,,4.71,7,,10.47,14.25,,2.37,7,,11.24,16.49,,25.63,25.14,,1.38,0.3,,30.24,27.99,,1.41,1.05,,15.2,19.85,,11.87,36.78,,5.57,18.8,,1.21,3.37,,59.45,50.47,,,,,3.22,1.77,,0.28,0.9,,7.38,12.76,,9.4,10.58,,19.81,22.44,,,454.09,,30.44,30.2,,83.12,72.65,,93.8,90.5,,96.11,94.03,,98.61,97.7,,0.61,0.72
2309458,Ocara,,35.79,38.07,,6.72,8.96,,23.5,18.83,,44.25,45.06,,47.11,40.81,,50.35,48.31,,12.47,7.39,,20.76,2.75,,29.1,16.86,,10.9,7.1,,21.06,18.46,,7.93,9.72,,6.01,9.13,,26.46,34.72,,6.27,6.3,,22.27,25.04,,0.56,0.79,,13.94,18.13,,19.93,38.81,,9.11,23.11,,0.12,4.25,,56.71,54.78,,,0.49,,5.85,3.61,,0.18,0.58,,5.31,5.42,,8.69,8.96,,22.39,23.38,,,329.12,,39.03,29.65,,89.67,70.35,,97.6,94.47,,98.73,98.79,,99.48,99.37,,0.38,0.41
2309508,Orós,,46.02,48.7,,13.8,10.52,,37.38,33,,52.74,54.69,,56.11,57.87,,63.72,69.29,,12.16,5.2,,17.8,13,,26.99,11.11,,10.65,4.72,,25.95,11.66,,11.39,10.56,,11.87,12.54,,33.79,29.03,,3.33,3.02,,30.01,40.77,,1.58,0.48,,17.27,21.4,,21.77,44.21,,11.85,25.98,,2.04,3.86,,43.81,40.37,,0.14,0.27,,6.55,4.55,,0.12,0.77,,4.49,6.11,,7.38,14.65,,36.58,31.56,,,393.37,,19.79,15.68,,90.36,72.59,,95.84,94.66,,96.59,97.93,,98.8,98.79,,0.58,0.57
2309607,Pacajus,,51.36,56.14,,9.25,5.63,,36.02,27.71,,61.03,66.63,,68.16,71.55,,69.54,79.59,,19.27,10.68,,44.52,22.23,,37.02,33.54,,17.38,9.67,,28.24,16.45,,15.29,9.8,,27.72,40.97,,33.58,29.09,,4.83,4.98,,27.95,19.99,,1.6,1.19,,36.48,48.33,,32.8,55.26,,15.28,35.65,,1.31,4.31,,17.46,10.66,,,0.04,,20.9,32.14,,0.71,1.01,,8.35,6.7,,16.3,14.84,,35.89,30.57,,,659.85,,4.32,4.53,,70.19,31.1,,91.82,90.01,,94.51,95.26,,98.18,97.91,,0.38,0.3
2309706,Pacatuba,,50.45,53.23,,4.58,6.42,,27.24,20.61,,63.28,63.31,,67.9,63.56,,74.04,68.55,,24.09,13.38,,32.55,29.6,,60.27,36.14,,22.11,12.48,,36.35,25.6,,23.37,14.48,,47.46,57.12,,25.64,18.15,,4.63,4.33,,20.31,17.15,,0.67,0.65,,53.83,63.96,,37.61,65.69,,18.38,44.89,,1.25,3.7,,5.51,4.41,,0.33,0.05,,28.51,28.02,,0.59,1.38,,8.46,8.31,,14.44,12.82,,41.1,35.29,,,658.1,,1.45,2.79,,65.43,19.86,,91.02,89.92,,96.06,96.25,,98.73,98.51,,0.28,0.19
2309805,Pacoti,,46.01,51.46,,9.93,10.74,,30.33,30.63,,55.97,60.56,,53.9,57.67,,65.35,73.85,,5.94,8.08,,16.78,12.63,,13.63,13.99,,4.97,7.63,,9.51,20.56,,4.87,7.47,,13.77,17.69,,42.07,45.85,,3.61,3.63,,27.93,21.26,,1.82,1.49,,19.79,23.53,,23.17,47.62,,12.02,31.86,,0.42,6.84,,51.71,43.23,,0.08,0.43,,4.03,4.11,,0.18,0.35,,5.95,7.04,,6.9,8.64,,30.88,32.67,,,482.48,,11.05,13.91,,86.06,62.92,,95.59,92.57,,97.21,96.06,,98.82,98.42,,0.47,0.46
2309904,Pacujá,,50.83,49.66,,7.21,11.81,,56.33,26.64,,60.48,58.34,,78.38,57.56,,67.79,70.87,,8.77,6.05,,19.74,12.95,,16.08,9.03,,7.75,5.68,,13.67,12.5,,10.72,6.45,,3.74,8.5,,31.5,50.53,,18.46,2.13,,20.62,21.45,,1,0.81,,25.67,14.42,,26.63,44.31,,16.06,30.66,,1.34,6.14,,31.52,25.15,,,0.28,,3.18,5.96,,0.28,1.8,,6.94,8.29,,4.87,10.82,,53.21,40.87,,,383.27,,24.41,17.61,,87.49,71.3,,96.68,92.63,,98.36,97.3,,99.3,99.06,,0.44,0.56
2310001,Palhano,,47.5,52.58,,14.35,9.36,,41.61,25.41,,55.53,59.41,,54.44,61.2,,68.46,68.82,,8.33,4.35,,11.72,,,15.58,17.44,,7.43,4.05,,11.82,8.8,,4.88,3.9,,8.35,19.62,,13.39,24.43,,17.36,4.87,,9.71,24.03,,0.21,0.49,,27.74,25.94,,26.07,51.38,,16,32.05,,1.69,5.41,,54.89,47.71,,,0.14,,9.64,10.83,,0.51,0.81,,2.57,4.33,,5.74,9.69,,26.11,26.37,,,361.15,,50.98,29.42,,90.57,71.43,,96.29,94.85,,98.64,96.77,,99.4,98.24,,0.34,0.45
2310100,Palmácia,,45.45,35.4,,9.2,3.82,,29.5,17.63,,55.38,42.36,,54.43,36.58,,71.21,51.29,,13.48,5.39,,15,13.03,,20.51,16.5,,12.98,4.83,,24.84,12.6,,16.03,3.98,,17.09,27.28,,30.79,33.77,,4.83,1.45,,17.3,24.43,,1.21,2.17,,24.48,35.23,,24.1,50.78,,13.12,32.7,,0.77,8.04,,42.71,38.91,,0.36,,,5.36,6.07,,0.56,0.76,,4.86,5.73,,9.66,11.21,,36.5,35.72,,,753.56,,29.12,12.53,,85.13,58.46,,96.1,89.05,,97.34,94.68,,99.32,97.56,,0.45,0.93
2310209,Paracuru,,50.77,50.14,,10.37,5.11,,31.49,21.63,,61.63,60.71,,63.12,55.68,,66.1,68.41,,15.84,6.49,,45.64,9.32,,32.59,29.98,,13.69,5.64,,23.7,14.95,,17.09,8.64,,18.75,24.46,,36.6,36.95,,2.08,3.14,,20.18,25.88,,1.28,1.13,,21.9,31.67,,23.06,49.6,,11.88,33.48,,2.49,6.5,,32.35,26.52,,0.11,0.73,,8.07,6.1,,0.16,0.77,,6.83,10.92,,9.72,13.02,,41.99,38.31,,,564.52,,21.66,10.92,,83.26,52.84,,94.76,89.33,,96.89,95.31,,98.86,97.54,,0.37,0.49
2310258,Paraipaba,,52.95,52.94,,17.36,13.21,,51.94,27.55,,60.06,62.78,,60.3,62.25,,67.36,69.62,,10.49,5.68,,14.43,,,19.15,10.24,,9.4,5.67,,13.99,11.05,,10.29,8.2,,7.37,18.21,,42.81,38.58,,7.39,2.89,,28.43,29.49,,1.61,1.3,,16.13,24.69,,28.18,47.85,,14.11,28.78,,1.44,4.39,,38.72,39.08,,,,,6.71,6.04,,0.13,1.62,,6.24,5.67,,9.57,13.34,,37.93,30.34,,,525.4,,12.66,12.85,,82.65,58.87,,92.58,90.62,,95.44,95.86,,98.82,98.28,,0.54,0.47
2310308,Parambu,,55.47,44.85,,30.22,15.91,,52.52,32.35,,61.5,51.21,,62.36,56.28,,67.19,57.93,,6.29,6.47,,4.26,4.98,,7.31,10.63,,6.42,6.29,,10.03,15.37,,11.33,7.44,,2.94,4.85,,24.9,51.28,,6.87,3.82,,39.88,20.86,,2.51,0.66,,11.54,10.54,,9.49,31.09,,4.6,16.74,,0.53,2.64,,60.26,48.72,,0.1,0.08,,7.46,3.65,,0.19,0.58,,2.82,6.15,,7.7,12.62,,20.42,27.33,,,288.64,,22.84,27.57,,89.6,84.2,,96.97,96.07,,97.97,98.14,,98.8,99.04,,0.56,0.48
2310407,Paramoti,,45.28,36.98,,10.14,8.56,,32.91,15.44,,54.41,45.12,,61.51,41.21,,61.32,54.73,,10.73,6.69,,17,4.76,,23.89,15.29,,9.5,6.42,,18.23,17.47,,12.46,5.94,,5.51,9.17,,30.32,30.06,,4.62,16.44,,14.91,20.92,,0.35,0.17,,11.25,28.23,,14.44,41.62,,6.38,23.89,,1.72,4.48,,51.94,34.48,,,0.17,,9.6,7.76,,,1.56,,6.52,7.48,,5.8,8.37,,25.61,39.17,,,346.3,,44.29,23.78,,90.4,66.46,,96.38,94.48,,97.9,97.61,,98.84,99.63,,0.46,0.41
2310506,Pedra Branca,,56.81,39.46,,26.23,7.97,,47.02,19.38,,64.67,46.95,,65.6,52.34,,73.23,51.56,,5.72,6.84,,8.05,9.47,,15.83,18.96,,4.68,6.23,,10.05,9.93,,5.66,7.56,,12.92,19.77,,22.09,28.1,,3.61,1.1,,19.69,25.07,,1.61,1.25,,17.79,22.63,,13,37.16,,7.81,22.38,,1.14,4.81,,62.13,49.49,,0.14,0.48,,3.09,4.44,,0.26,0.63,,3.4,5.47,,7.36,9.93,,23.51,27.01,,,352.55,,40.36,27.05,,87.03,68.46,,95.52,95.18,,96.85,97.9,,98.42,99.2,,0.53,0.43
2310605,Penaforte,,46.52,59.35,,17.96,19.02,,32.08,40.78,,54.75,67.92,,53.91,67.47,,60.52,79.28,,11.65,11.36,,12.37,20.1,,17.79,25.93,,11.17,10.03,,16.59,25.1,,15.16,15.55,,7.11,17.59,,30.33,38.31,,13.9,8.57,,41.05,26.11,,0.62,0.76,,23.9,28.02,,28.85,50.06,,17.47,40.34,,3.17,9.94,,21.99,31.39,,0.33,,,9.14,2.5,,0.3,1.95,,8.65,5.98,,15.37,12.12,,44.1,41.63,,,438.77,,7.28,15.09,,76.28,60.02,,90.63,93.11,,94.86,96.03,,97.22,98.56,,0.49,0.41
2310704,Pentecoste,,45.36,44.18,,13.22,6.64,,33.55,22.47,,53.8,52.86,,52.9,54.41,,64.12,59.59,,11.31,9.34,,4.1,13.91,,19.81,22.62,,11.04,8.69,,20.65,15.7,,8.4,13.72,,13.95,17.79,,29.77,32.37,,5.91,7.49,,39.47,29.74,,0.83,0.58,,22.83,29.1,,22.3,50.21,,13.09,34.26,,2.08,4.62,,37.06,34.49,,1.49,0.52,,6.3,10.29,,0.3,0.88,,6.92,7.06,,10.06,14.97,,36.17,28.99,,,485.92,,10.07,15.78,,82.04,60.39,,93.18,89.97,,96.11,95.32,,98.94,97.98,,0.53,0.47
2310803,Pereiro,,49.95,45.8,,19.73,16.23,,38.79,32.22,,58.62,52.13,,58.7,52.62,,62.4,57.47,,5.55,3.89,,3.43,1.63,,9.3,6.31,,5.4,3.87,,8.29,11.97,,8.26,5.26,,6.42,14.77,,14.71,16.85,,3.85,2.69,,10.61,20.83,,0.78,0.59,,11.13,20.43,,18.19,37.41,,9.52,24.89,,0.92,4.29,,69.13,62.65,,0.12,,,3.94,4.18,,0.2,0.39,,2.69,6.88,,4.15,7.12,,19.35,17.37,,,246.98,,64.03,46.68,,91.96,75.34,,96.53,95.23,,97.03,97.98,,98.67,99.61,,0.64,0.49
2310852,Pindoretama,,46.56,49.66,,6.05,5.74,,27.72,20.74,,55.78,58.58,,62.33,62.19,,70.71,69.57,,13.84,6.1,,29.87,5.2,,35.99,11.78,,12.35,5.92,,19.88,12.98,,12.7,5.55,,17.06,18.92,,47.64,48.63,,3.67,4.37,,26.45,23.23,,0.81,1.15,,22.45,25.55,,22.79,48.04,,10.87,29.26,,2.88,3.55,,28.47,25.18,,0.12,0.06,,20.41,14.97,,0.38,0.81,,5.91,8.13,,10.16,11.71,,33.91,36.33,,,514.64,,4.7,4.51,,82.38,49.81,,93.3,90.64,,95.95,96.23,,97.46,98.88,,0.75,0.32
2310902,Piquet Carneiro,,44.57,39.75,,16.84,10.35,,33.31,25.23,,50.74,44.73,,48.98,46.35,,62.36,52.45,,7.27,6.6,,4.52,15.65,,28.24,16.98,,5.98,5.83,,12.04,12.46,,4.53,6.26,,5.95,11.18,,20.63,30.31,,4.66,4.65,,14.2,20.5,,0.3,0.75,,14.05,18.94,,15.39,38.06,,8.69,26.23,,0.86,3.21,,59.91,53.77,,,,,2.22,3.13,,0.14,1.34,,5.89,4.32,,6.1,10.81,,25.74,25.67,,,299.05,,54.36,36.62,,87.73,74.5,,95.52,94.83,,96.87,97.59,,99.15,99.38,,0.37,0.38
2310951,Pires Ferreira,,73.21,35.93,,43.57,4.66,,76.83,20.89,,78.84,43.1,,81.21,43.42,,79.81,53.17,,2.01,8.37,,1.82,27.95,,3.58,5.15,,1.86,8.17,,4.51,17.06,,3.26,16.41,,1.99,8.96,,14.62,46.56,,2.6,4.16,,45.98,18.67,,0.51,0.17,,8.1,14.32,,9.05,38.1,,3.84,22.37,,0.3,6.46,,73.08,47.35,,,,,5.92,1.84,,,0.3,,2.62,4.67,,5.2,8.48,,13.18,31.95,,,278.91,,34.41,24.27,,94.04,85.76,,97.59,95.9,,98.29,98.01,,99.75,99.67,,0.69,0.52
2311009,Poranga,,48.16,41.06,,16.77,11.64,,44.18,28.31,,55.59,48.05,,62.09,50.06,,56.34,62.08,,12.89,9.04,,17.38,18.87,,26.69,24.33,,11.23,7.56,,23.3,17.74,,9.86,9.88,,10.76,22.06,,14.5,31.59,,6.59,0.67,,22.83,19.69,,0.45,0.26,,18.49,24.37,,14.03,38.93,,8.24,24.82,,1.94,7.27,,55.58,38.46,,,,,2.07,2.95,,0.14,0.45,,5.42,8.78,,5.72,9.79,,30.38,34.78,,,364.21,,45.21,28.81,,88.33,71.25,,96.08,91,,98.13,96.68,,99.27,99.01,,0.5,0.55
2311108,Porteiras,,54.03,47.77,,29.69,9.89,,43.59,27.01,,60.9,55.52,,65.44,55.89,,73.58,60.57,,5.72,10.33,,10.33,15.07,,5.69,19.61,,5.21,9.76,,6.67,17.5,,14.07,10.88,,5.61,9.19,,31.59,43.68,,5.74,3.14,,38.73,29.63,,0.34,1.16,,15.73,13.75,,22.28,47.02,,12.57,29.46,,1.66,4.96,,38.37,48.05,,0.7,,,8.86,1.39,,0.38,0.7,,6.29,5.63,,10.95,9.57,,33.76,33.48,,,317.65,,17.87,13.82,,84.85,78.85,,93.1,94.45,,96.18,97.51,,98.59,99.16,,0.64,0.47
2311207,Potengi,,61.81,51.1,,21.5,19.63,,52.63,43.87,,71.07,57.01,,72.18,64.4,,82.04,69.31,,4.22,16.13,,14.74,23.86,,7.84,28.87,,3.25,14.76,,8.83,26.14,,5.58,21.26,,8.05,8.99,,17.58,33.74,,1.78,1.12,,20.61,22.69,,1.99,1.25,,12.08,14.98,,17.82,36.78,,8.58,22.9,,1.36,5.71,,58,50.2,,0.07,0.19,,5.81,1.61,,0.35,0.87,,3.1,1.54,,10.79,9.21,,21.89,29.83,,,349.16,,50.09,37.93,,89.95,77.4,,96.02,91.69,,98.19,96.48,,99.17,98.44,,0.32,0.59
2311231,Potiretama,,46.08,53.24,,16.44,12.71,,33.33,33.5,,53.67,61.24,,52.93,63.27,,68.92,69.52,,6.65,8.38,,9.1,13.86,,3.73,20.36,,6.68,7.61,,16.09,15.14,,4.71,9.21,,6.63,6.02,,26.98,42.66,,6.01,6.94,,20.42,17.55,,1.96,0.26,,14.5,17.2,,16.7,40.31,,10.63,25.41,,1.4,4.85,,64.68,50.18,,,0.14,,3.44,3.31,,0.45,0.37,,1.01,4.7,,6.55,6.92,,23.58,30.47,,,315.79,,38.53,31.21,,88.79,77.44,,97.03,95.87,,99.04,97.62,,99.04,99.01,,0.64,0.39
2311264,Quiterianópolis,,62.65,47.45,,31.51,19.08,,52.82,35.22,,70.68,53.25,,68.83,57.95,,79.16,58.6,,1.45,5.53,,0.74,,,3,5.68,,1.35,5.84,,2.78,12.23,,0.59,9.71,,2.62,4.66,,13.33,33.57,,2.36,7.52,,53.77,17.81,,0.28,0.56,,6.14,14.57,,9.09,34.21,,3.74,20.92,,0.26,5.16,,74.55,54.78,,0.12,,,3.04,3.57,,,0.46,,3.41,4.19,,3.74,9.37,,14.88,25.88,,,282.07,,27.64,43.88,,90.55,82.61,,95.79,95.35,,97.67,97.52,,99.57,99.1,,0.51,0.58
2311306,Quixadá,,47.58,47.95,,8.33,7.39,,34.59,24.03,,56.86,57.02,,58.57,58.31,,66.23,68.27,,15.16,8.64,,23.14,11.09,,33.02,19.25,,13.67,8.1,,27.13,17.19,,19.02,11.42,,17.7,25.46,,29.39,35.91,,5.46,3.85,,29.75,24.04,,1.81,1.18,,26.9,32.51,,30.8,52.82,,20.29,35.23,,2.45,5.86,,33.82,26.5,,0.46,0.75,,7.07,8.63,,0.81,1.69,,4.43,7.23,,14.87,17.14,,38.29,35.83,,,580.76,,16.12,11.96,,76.71,51.76,,90.93,88.23,,94.27,93.94,,98.22,96.98,,0.5,0.46
2311355,Quixelô,,52.74,51.95,,17.31,14.52,,42.46,36.15,,61.05,58.62,,63.8,61.64,,71.37,71.24,,3.09,3.6,,4.59,2.41,,7.13,8.48,,2.7,3.37,,5.7,11.53,,3.95,4.45,,2.29,8.77,,19.35,38.63,,3.56,2,,27.23,30.09,,1.32,0.42,,7.26,13.39,,12.46,35.3,,5.74,21.19,,0.32,3.09,,70.58,52.24,,,,,3.62,5.73,,0.49,0.56,,2.3,3.97,,3.8,11.66,,18.77,24.18,,,278.17,,47.05,26.9,,91.3,79.18,,96.91,96.12,,97.87,98.47,,98.87,99.62,,0.61,0.51
2311405,Quixeramobim,,47.84,49.11,,9.71,9.2,,31.21,24.94,,56.85,57.73,,59.34,62.64,,71.3,69.92,,8.75,6.67,,17.63,13.22,,24.1,14.15,,7.68,6.17,,14.48,11.32,,5.54,7.5,,9.1,10.3,,33.66,45.62,,6.46,3.63,,19.43,23.02,,0.77,1.65,,18.48,17.21,,25.34,50.39,,14.01,30.62,,1.97,5.51,,47.86,35.36,,0.74,0.24,,9.37,16.78,,0.29,1.26,,4.88,5.59,,8.08,10.82,,28.59,27.12,,,529.2,,31.1,19.62,,84.42,55.47,,94.36,91.53,,96.15,95.38,,98.52,97.73,,0.37,0.48
2311504,Quixeré,,47.98,48.1,,14.98,10.02,,40.81,20.52,,55.37,56.18,,56.28,57.91,,61.2,64.34,,7.82,12.08,,17.21,6.05,,13.28,19.39,,6.87,11.98,,9.64,20.72,,12.71,13.58,,17.98,23.06,,35.64,38.62,,4.76,5.52,,30.21,20.21,,1.21,0.75,,23.9,30.38,,20.32,41.28,,12.97,24.93,,1.28,4,,45.73,43.36,,1.49,4.85,,7.81,5.77,,0.66,1.07,,5.29,5.95,,8.19,11.34,,30.41,26.38,,,439.24,,11.05,12.55,,84.02,54.79,,95.98,93.64,,97.54,97.92,,99.2,99.21,,0.49,0.3
2311603,Redenção,,48.31,48.05,,11.45,8.46,,36.21,20.14,,57.26,57.16,,63.01,54.28,,61.09,65.76,,9.55,4.76,,6.29,,,22.11,12.19,,8.72,4.63,,19.61,11.08,,8.8,2.83,,20.61,21.97,,32.25,37.61,,3.36,2.81,,20.28,25.58,,0.61,0.41,,26.28,28.49,,19.5,44.57,,10.8,27.49,,0.61,3.35,,44.89,34.32,,0.13,0.18,,8.29,7.78,,1.2,1.29,,5.55,7.44,,8.01,13.68,,30.56,32.96,,,411.88,,23.19,19.47,,84.34,60.53,,95.96,93.91,,98.32,97.58,,99.44,98.86,,0.44,0.44
2311702,Reriutaba,,56.17,39.24,,19.5,10.59,,55.37,21.93,,63.81,46.01,,65.91,48.16,,79.01,59.37,,9.21,6.5,,15.8,20.29,,23.25,17.92,,7.4,5.38,,18.32,10.48,,8.8,5.63,,3.08,13.25,,25.97,35.04,,5.77,7.46,,47.57,21.09,,0.81,0.67,,12.14,25.97,,18.34,41.81,,11.27,28.47,,2.67,7.4,,53.03,40.99,,,0.07,,5.53,2.78,,,0.54,,3.3,3.83,,10.3,11.19,,27.66,37.76,,,391.55,,16.8,25.39,,90.13,74.66,,97.11,92.61,,97.98,96.33,,99.26,98.59,,0.57,0.54
2311801,Russas,,50.47,56.1,,8.77,8.6,,40.7,25.23,,59.32,65.27,,69.97,69.69,,72.28,77.53,,15.89,6.42,,33.75,12.49,,38.09,9.59,,13.72,6.2,,22.13,12.56,,14.88,7.52,,26.49,33.39,,27.16,28.05,,6.66,4.24,,31.19,21.6,,1.43,1.85,,36.47,41.3,,31.72,52.85,,19.15,34.79,,2.13,5,,25.87,23.17,,0.07,0.05,,22.47,24.62,,0.23,0.96,,5.95,5.41,,13.13,14.97,,31.83,28.42,,,588.32,,7.11,11.13,,74.86,44.61,,92.53,90.08,,94.93,94.54,,97.95,97.75,,0.4,0.33
2311900,Saboeiro,,45.36,49.45,,23.82,18.71,,46.76,36.27,,50.52,56.21,,49.52,60.05,,53.98,68.7,,3.35,6.38,,1.96,5.46,,9.32,17.58,,2.85,5.68,,2.64,13.2,,6.26,4.23,,0.98,3.64,,23.86,39.05,,7.94,6.35,,8.5,18.02,,1.81,,,9.95,11.66,,12,32.74,,5.96,21.92,,0.22,6.29,,64.43,48.98,,,,,3.38,1.8,,,0.7,,2.57,3.62,,5.85,11.07,,23.15,32.67,,,299.23,,57.24,37.76,,93.36,79.7,,97.9,94.41,,98.35,97.2,,98.86,98.51,,0.75,0.54
2311959,Salitre,,61.6,51.83,,35.49,18.55,,66.81,43.09,,67.3,59.39,,70.32,61.29,,73.59,66.25,,3.63,1.67,,4.44,,,8.52,1.17,,2.91,1.81,,6.17,4.51,,2.96,0.51,,3.75,4.88,,24.45,45.09,,0.95,1.55,,35.31,25.6,,0.43,0.21,,7.62,7.21,,5.82,25.62,,1.07,15.16,,0.09,2.98,,62.61,60.23,,0.16,,,11.99,8.64,,,0.8,,2.76,2.78,,4.15,4.09,,17.66,22.43,,,235.2,,35.06,27.24,,93.28,86.06,,98.15,98.15,,98.72,99.23,,99.56,99.8,,0.4,0.38
2312007,Santana do Acaraú,,50.71,39.99,,15.34,8.63,,44.07,18.27,,59.91,48.17,,66.66,46.74,,64.65,57.76,,10.63,9.35,,10.09,23.38,,18.65,11.26,,9.91,8.8,,19.26,14.77,,11.4,12.24,,5.08,15.55,,28.68,29.39,,2.58,4.35,,38.78,21.15,,1.72,0.48,,8.99,21.37,,15.01,40.96,,9.21,26.58,,2.3,6.02,,48.69,45.8,,0.08,,,5.64,7.73,,0.12,1.01,,4.51,4.28,,13.87,8.49,,25.96,25.42,,,383.81,,23.41,34.9,,86.42,73.59,,93.74,92.39,,95.98,95.91,,98.34,98.04,,0.79,0.58
2312106,Santana do Cariri,,45.45,47.1,,15.28,13.22,,42.05,30.81,,53.36,55.64,,53.88,54.19,,59.3,65.37,,8.61,5.75,,12.06,4.06,,10.91,12.47,,8.1,5.43,,11.56,12.26,,10.55,8.09,,11.06,9.97,,25.44,32.59,,3.92,2.84,,18.99,27.68,,1.45,0.56,,16.71,14.74,,16.56,39.22,,11.4,22.16,,0.64,6.13,,57.95,51.87,,1.59,1.96,,6.96,2.9,,0.3,1.23,,3.43,4.22,,4.36,8.5,,24.73,27.88,,,318.25,,39.47,30.12,,90.84,77.66,,97.62,93.98,,98.43,96.81,,99.19,98.44,,0.37,0.59
2312205,Santa Quitéria,,46.96,43.36,,11.61,10.9,,37.23,21.83,,56.32,50.88,,59.98,49.68,,68.22,64.39,,5.16,7.82,,4.65,13.88,,14.13,14.78,,4.44,7.31,,5.91,14.16,,5.16,9.94,,5.85,14.49,,34.39,30.99,,5.68,6.56,,19.07,24.3,,1.45,1.14,,12.56,23.83,,19.22,42.98,,10.74,28.32,,2.39,6.96,,45.74,44.85,,1.09,0.62,,13.06,9.13,,,0.25,,4.44,3.79,,9.22,13.61,,26.18,25.18,,,414.26,,33.75,27.24,,86.24,64.07,,94.69,92.73,,96.55,96.09,,98.48,98.76,,0.47,0.51
2312304,São Benedito,,51.96,53.82,,24.18,15.74,,46.39,37.73,,59.27,62.42,,60.69,64.12,,64.35,71.21,,10.64,3.8,,19.25,3.91,,14.64,10.12,,9.38,3.38,,14.49,7.19,,12.02,5.88,,8.64,11.36,,38.1,40.07,,3.47,2.05,,31.64,29.37,,2.37,0.83,,14.71,16.31,,18.59,39.39,,11.23,23.64,,2.47,5.43,,47.7,47.85,,0.05,,,4.45,4.04,,0.28,0.73,,3.82,4.2,,13.24,13.24,,30.11,27.36,,,392.41,,15.78,18.96,,84.99,72.51,,93.21,92.73,,95.27,96.23,,97.63,98.56,,0.74,0.51
2312403,São Gonçalo do Amarante,,44.07,49.09,,8.07,2.88,,22.37,15.14,,53.83,59.99,,47.88,60.97,,64.74,73.16,,11.02,8.66,,9.47,,,21.22,27.1,,10.59,8.25,,19.21,20.5,,14.11,10.44,,13.88,30.95,,42.36,32.33,,6.02,8.22,,24.74,18.51,,0.91,0.39,,21.09,41.5,,21.68,54.95,,11.35,39.44,,1.73,5.03,,30.34,23.13,,0.34,0.21,,8.86,12.08,,0.37,0.71,,11.19,10.97,,8.85,9.89,,38.85,38.88,,,599.6,,13.33,12.04,,79.95,45.27,,95.28,89.2,,96.72,94.7,,98.5,98.31,,0.38,0.4
2312502,São João do Jaguaribe,,49.25,44.49,,7.01,3,,26.55,20.85,,56.84,50.59,,61.07,50.31,,63.9,63.16,,15.46,4.35,,10.55,13.33,,39.18,6.3,,14.64,4.25,,29.96,12.3,,16.67,7.07,,14.48,17.59,,28.69,46.54,,3.1,1.63,,33.82,24.52,,1.15,1.11,,19.15,23.37,,22.63,40.56,,14.89,26.29,,2.38,5.21,,52.1,40.51,,,0.25,,5.29,4.19,,0.73,0.6,,6.33,9.84,,10.36,10.07,,24.98,32.83,,,491.63,,18.77,9.67,,81.93,60.84,,93.44,91.81,,95.01,95.29,,97.51,98.09,,0.65,0.55
2312601,São Luís do Curu,,44.14,46.12,,10.73,4.35,,31.04,26.23,,52.42,54.18,,52.29,54.1,,64.85,62.4,,10.43,11.54,,18.39,15.42,,21.55,21.36,,9.37,11.06,,13.08,27.19,,11.19,17.55,,8.01,13.16,,50.05,42.5,,5.13,8.81,,27.04,24.45,,0.61,0.34,,15.15,23.53,,29.49,47.39,,15.35,32.99,,1.31,6.05,,28.94,23.81,,0.31,,,13.39,13.83,,0.68,1.45,,7.41,5.93,,11.76,16.42,,37.25,36.95,,,460.71,,9.68,12.25,,80.86,58.13,,93.89,92.28,,96.42,97.07,,98.64,98.32,,0.73,0.41
2312700,Senador Pompeu,,49.62,49.54,,15.43,10.41,,43.93,33.16,,56.48,56.66,,62.16,61.79,,65.77,69.93,,10.43,8.23,,22.17,13.79,,19.72,4.28,,9.17,8.28,,15.76,19.13,,9.79,9.03,,11.57,20.99,,31.47,37.91,,6.15,5.86,,23.86,19.95,,0.99,0.98,,20.09,31.02,,26.03,43.43,,17.86,27.94,,2.28,5.15,,42.05,40.3,,,,,5.82,11.45,,0.49,1.05,,4.94,3.06,,10.97,12.52,,35.64,28.84,,,406.61,,26.27,26.53,,83.12,63.93,,93.72,91.64,,95.37,95.59,,97.83,98.49,,0.61,0.43
2312809,Senador Sá,,58.66,55.43,,30.19,12.61,,44.61,30.35,,67.67,66.36,,76.53,67.12,,65.78,79.21,,7.98,4.99,,11.32,6.27,,7.47,8.13,,7.65,4.8,,16.7,11.54,,4.09,7.3,,4.9,10.98,,21.37,41.5,,2.37,3.69,,26.13,29.86,,0.17,,,8.08,24.44,,8.38,42.27,,3.99,26.87,,1.08,4.83,,52.23,40.7,,0.24,,,5.71,12.31,,,1.01,,3.15,5.49,,9.79,7.64,,28.58,31.49,,,295.39,,44.42,21.71,,93.95,78.15,,98.92,94.71,,99.11,97.6,,99.88,98.97,,0.61,0.58
2312908,Sobral,,52.4,53.33,,7.72,4.16,,34.23,22.03,,63.63,63.76,,68.63,64.63,,74.48,75.26,,14.56,8.24,,30.51,24.5,,29.16,29.19,,13.27,7.42,,22.06,13.22,,13.69,7.98,,35.65,46.69,,27.48,28.26,,5.59,3.16,,24.72,16.35,,1.71,1.13,,44.97,53.53,,37.53,63.96,,23.7,44.38,,6.88,9.74,,11.89,7.5,,0.41,0.04,,23.55,22.88,,0.76,1.27,,8.3,6.27,,15.93,16.36,,38.25,38.31,,,822.99,,5.04,4.73,,68.6,30.01,,85.75,84.22,,89.87,90.62,,95.07,95.48,,0.6,0.43
2313005,Solonópole,,44.42,47.64,,12.47,8.54,,34.85,23.2,,51.2,55.25,,53.75,57.28,,61.35,67.67,,8.03,5.79,,14.03,10.17,,22.95,13.73,,6.7,5.4,,14.64,15.54,,4.11,8.82,,6.98,9.94,,26.92,27.65,,9.1,7.33,,38.33,26.04,,1.3,1.2,,19.62,21.47,,20.61,41.39,,8.92,27.36,,0.69,5.57,,52.14,48.45,,0.95,0.28,,6.45,3.76,,0.22,1.05,,3.9,4.39,,7.17,9.92,,29.01,31.05,,,344.8,,17.36,29.02,,87.36,67.51,,93.85,94.44,,97.08,97.5,,98.87,98.82,,0.43,0.43
2313104,Tabuleiro do Norte,,54.88,45.4,,18.92,9.16,,43.64,18.83,,61.92,52.26,,67.28,52.47,,71.9,63.45,,13.99,9.84,,29.18,3.85,,27.82,8.63,,12.31,10.01,,19.06,19.18,,16.1,16.39,,13.85,24.22,,30.38,40.68,,6.07,5.32,,33.84,20.3,,0.89,0.61,,24.36,32.22,,24.97,45.28,,13.67,28.68,,1.82,5.85,,41.89,22.45,,0.18,0.78,,8.39,9.25,,0.21,0.53,,6.44,11.53,,12.95,16.15,,29.65,35.44,,,722.26,,16.27,9.7,,74.31,42.19,,91.83,84.12,,94.5,92.7,,97.24,96.2,,0.56,0.44
2313203,Tamboril,,44.22,40.36,,16.08,9.49,,42.71,24.9,,50.96,47.16,,48.96,50.62,,60.87,56.64,,8.91,5.59,,16.57,9.3,,18.48,12.87,,7.32,5.07,,14.72,10.24,,7.9,2.15,,5.04,8.43,,15.59,44.98,,4.48,5.32,,34.3,26.78,,0.28,0.56,,12.2,15.3,,14.06,40.59,,5.28,25.27,,0.96,5.09,,57.47,32.81,,,,,10.8,11.81,,0.12,0.82,,2.84,9.81,,6.88,13.12,,21.89,29.67,,,341.55,,40.42,20.34,,91.78,73.88,,97.52,94.04,,98.43,97.47,,99.41,99.15,,0.6,0.6
2313252,Tarrafas,,36.66,44.04,,11.23,17.97,,21.45,26.27,,43.26,50.11,,42.37,57.07,,54.83,60.71,,9.03,8.35,,3.12,6.12,,18.32,15.68,,8.8,8.05,,14.5,20.48,,9.4,11.81,,6.47,19.94,,10.21,31.8,,9.27,,,7.39,14.54,,0.58,1.83,,16.43,22.14,,14.03,34.39,,7.26,21.27,,0.58,4.08,,66.9,42.31,,,,,0.66,1.47,,,0.41,,3.58,10.16,,4.62,10.29,,23.76,34.11,,,322.6,,66.08,34.76,,90.9,78.32,,97.76,93.65,,99.17,97.18,,100,98.95,,0.44,0.49
2313302,Tauá,,55.32,50.08,,18.12,14.27,,51.31,29.58,,63.24,57.45,,64.58,57.71,,69.84,66.85,,8.26,5.99,,14.85,6.29,,20.24,16.61,,6.8,5.49,,14.27,10.39,,9.17,6.5,,7.85,11.98,,29.49,36.36,,4.24,3.87,,33.19,23.14,,1.73,0.67,,13.95,17.92,,17.41,41.32,,10.56,26.61,,1.17,6,,53.97,45.5,,,0.11,,4.18,2.28,,0.28,0.61,,3.61,5.31,,9.8,12.96,,28.12,31.6,,,478.74,,23.55,25.81,,83.86,72.71,,93.82,92.13,,95.78,95.29,,98.08,97.84,,0.62,0.63
2313351,Tejuçuoca,,42.56,42.81,,16.35,6.6,,34.21,27.13,,50.67,51.11,,54.21,55.69,,57.41,59.95,,9.76,8.47,,12.09,14.53,,8.16,10.7,,9.72,8.21,,19.52,13.47,,7.12,6.95,,13.23,20.76,,24.75,46.67,,5.35,1.79,,19.15,15.61,,0.8,0.23,,20.19,23.77,,19.32,43.58,,9.23,28.74,,2.6,5.44,,47.2,29.56,,0.55,0.19,,11.59,10.25,,0.22,0.84,,5.5,11.04,,5.89,8.75,,27.85,33.74,,,345.77,,36.86,17.57,,91.65,74.08,,97.73,95.01,,98.23,98.31,,99.25,99.13,,0.87,0.48
2313401,Tianguá,,52.02,54.72,,16.9,10.35,,46.11,37.82,,60.58,64.24,,65.87,63.63,,67.81,74.69,,8.92,4.82,,15.62,8.93,,22.33,7.84,,7.19,4.52,,12.04,9.34,,4.51,4.2,,14.4,21.5,,34.97,35.64,,3.2,1.46,,32.85,30.68,,3.94,1.38,,19.52,28.16,,21.93,44.49,,12.6,29.5,,1.8,6.43,,40.79,37.71,,,0.41,,6.77,4.25,,0.22,0.69,,7.05,5.83,,13.59,18.02,,31.11,28.85,,,674.45,,10.74,11.87,,80.97,58.92,,93.18,88.47,,94.85,93.77,,97.4,97.01,,0.57,0.63
2313500,Trairi,,47.41,48.65,,9.82,11.99,,30.55,26.76,,59.14,58.2,,59.47,55.84,,70.63,68.64,,6.17,4.04,,9.95,2.4,,15.89,7.82,,5.32,3.9,,10.46,8.2,,5.67,6.17,,6.14,12.47,,35.43,41.82,,2.48,2.24,,37.72,20.84,,1.51,0.85,,9.94,17.19,,14.32,41.67,,6.25,27.27,,1.12,5.26,,45.95,48.5,,0.08,0.07,,9.38,7.47,,0.2,0.33,,3.82,5.44,,7.95,9.06,,30.91,28.6,,,332.51,,17.66,28.32,,89.41,73.23,,96.6,93.96,,97.64,97.34,,99.29,98.98,,0.54,0.53
2313559,Tururu,,40.87,38.8,,9.53,6.41,,25.87,15.76,,50.41,47.29,,49.35,43.83,,59.68,59.15,,9.23,12.94,,,12.94,,10.56,35.46,,9.57,12.01,,17.65,25.06,,7.36,18.75,,10.6,12,,30.8,21.48,,6.63,8.35,,13.58,32.44,,0.21,,,18.15,23.57,,21.11,48.45,,10.69,32.09,,1.32,3.99,,54.16,50.66,,0.35,0.23,,8.34,3.37,,0.34,0.47,,4.47,3.39,,5.39,10.3,,26.27,29.16,,,327.67,,38.18,28.11,,91.03,72.12,,97.24,94.35,,98.28,97.57,,99.62,99.18,,0.31,0.42
2313609,Ubajara,,54.92,53.6,,19.5,5.79,,54.7,32.59,,62.34,63.19,,68.14,64.4,,69.08,71.51,,7.22,7.63,,12.61,7.19,,15.28,14.01,,6.03,7.31,,11.52,18.47,,6.17,7.43,,15.26,21.86,,34.94,39.23,,2.2,1.27,,34.08,22.72,,2.52,2.18,,20.22,25.11,,18.59,45.75,,9.01,28.62,,1.29,4.77,,54.26,46.64,,0.11,,,5.91,4.6,,0.09,0.36,,5.5,4.86,,9.92,14.27,,23.79,27.32,,,523.21,,11.22,15.14,,83.48,62.28,,94.05,89.13,,95.41,95.08,,97.71,97.15,,0.61,0.47
2313708,Umari,,39.44,30.51,,11.53,1.58,,26.36,10.06,,47.27,36.41,,50.29,34.57,,47.78,47.27,,16.69,6.24,,33.22,,,36.04,15.15,,14.46,6.07,,26.02,16.74,,4.63,9.31,,4.22,7.27,,21.25,39.52,,19.64,13.65,,14.9,19.52,,0.76,0.57,,24.55,24.49,,26.41,48,,16.24,32.62,,1.11,9.08,,47.02,35.8,,0.22,,,4.27,2.12,,,0.29,,4.17,5.71,,7.32,9.49,,37,43.7,,,387.84,,39.53,20.86,,88.93,73.45,,95.58,94.76,,97.59,96.17,,98.93,98.06,,0.69,0.55
2313757,Umirim,,38.07,39.98,,4.11,8.34,,19.82,15.12,,48.54,48.91,,47.79,47.62,,59.9,54.58,,10.19,9.37,,39.53,10.28,,21.31,24.36,,9.02,8.82,,13.03,20.37,,6.73,6.39,,12.05,17.32,,37.79,32.59,,0.59,5.03,,21.91,21.37,,0.7,0.12,,13.24,24.1,,19.5,43.23,,11.66,27.61,,0.38,3.84,,46.89,43.77,,0.09,,,5.16,6.94,,0.09,0.97,,6.28,7.19,,9.97,8.77,,31.52,30.49,,,345.2,,26.96,25.8,,86.97,67.53,,97.77,94.51,,97.77,98.13,,98.7,99.12,,0.34,0.34
2313807,Uruburetama,,52.78,52.14,,8.43,7.06,,40.48,13.04,,64.36,63.87,,70.51,67.71,,76.48,72.76,,11.04,11.43,,9.6,5.12,,26.13,16.15,,9.79,11.46,,20.75,22.36,,10.42,14.74,,22.16,27.65,,44.88,41.23,,3.67,1.14,,20.25,16.73,,0.62,1.47,,26.98,31.86,,23.06,48.34,,13.04,31.57,,2.53,4.92,,34.65,31.99,,,,,18.24,19.05,,,0.16,,6.07,3,,8.13,14.32,,32.56,29.47,,,463.06,,8.96,15.84,,87.8,59.91,,96.23,93.96,,97.68,97.35,,99.54,98.28,,0.27,0.44
2313906,Uruoca,,46.23,43.18,,12.99,10.96,,36.44,28.24,,54.47,50.86,,56.23,53.75,,63.21,60.87,,5.77,7.59,,10.39,2.62,,8.03,11.32,,5.36,7.58,,7.96,17.8,,5.99,6.23,,7.26,10.11,,24.21,40.06,,3.93,6.44,,38.05,25.01,,0.72,0.85,,14.05,21.75,,12.99,35.52,,6.31,23.8,,1.8,7.39,,53.85,40.33,,,,,3.65,7.6,,0.17,1.85,,3.14,3.78,,8.72,7.85,,28.55,35.19,,,290.53,,25.84,20.66,,92.47,78.07,,97.01,95.63,,97.74,98.85,,99.56,99.45,,0.49,0.53
2313955,Varjota,,50,45.75,,16.63,9.09,,45.34,33.44,,57.49,53.58,,66.41,58.15,,74.73,64.01,,9.67,9.02,,11.78,21.15,,16.72,24.39,,8.83,7.66,,12.5,9.84,,10.15,11.62,,6.41,11.71,,30.2,42.85,,8.05,5.74,,41.11,28.71,,2.06,0.83,,16.23,21.76,,21.46,46.68,,10.52,29.46,,1.73,6.33,,40.78,28.86,,,,,7.18,5.98,,0.41,2.04,,7.06,6.68,,11.9,17.86,,31.57,34,,,477.25,,12.17,11,,84.38,63.81,,93.51,91.83,,95.45,96.02,,98.27,98.33,,0.6,0.47
2314003,Várzea Alegre,,55.28,44.35,,26.22,11.72,,53.1,22.17,,61.17,50.85,,66.85,56.83,,74.82,61.48,,11.08,5.66,,18.16,13.98,,21.1,13.11,,9.53,5.1,,17.07,10.38,,12.14,6.09,,8.74,15.14,,24.57,42.68,,3.19,0.53,,24.13,25.59,,1.04,1.24,,13.81,19.96,,20.44,47.41,,11.86,30.88,,1.82,5.76,,47.47,34.55,,,,,6.24,6.79,,0.52,0.78,,5.47,6.82,,8.26,16.49,,31.01,32.96,,,402.72,,38.66,18.38,,88.05,71.74,,95.27,92.54,,96.96,95.41,,98.94,98.1,,0.54,0.54
2314102,Viçosa do Ceará,,45.56,51.23,,11.13,16.05,,38.25,35.46,,54.97,60.39,,53.98,63.13,,63.79,69.04,,6.66,5.05,,9.24,6.77,,13.79,7.66,,5.88,4.76,,12.22,11.16,,9.35,4.96,,10.25,15.25,,24.61,25.83,,3.69,1.21,,35.6,24.52,,1.21,0.64,,15.56,18.4,,15.42,34.81,,8.13,19.19,,1.26,3.64,,61.56,60.82,,0.19,0.11,,3.17,3.05,,0.21,0.69,,3.72,2.96,,6.77,7.3,,24.23,22.82,,,275.57,,25.36,34.68,,90.1,80.55,,96.03,96.4,,97.2,97.9,,98.96,98.98,,0.5,0.63