Código,Espacialidades,% de mulheres de 10 a 17 anos que tiveram filhos 1991,% de mulheres de 10 a 17 anos que tiveram filhos 2000,% de mulheres de 10 a 17 anos que tiveram filhos 2010,"% de mães chefes de família sem fundamental e com filho menor, no total de mães chefes de família 1991","% de mães chefes de família sem fundamental e com filho menor, no total de mães chefes de família 2000","% de mães chefes de família sem fundamental e com filho menor, no total de mães chefes de família 2010",% de crianças em domicílios em que ninguém tem fundamental completo 1991,% de crianças em domicílios em que ninguém tem fundamental completo 2000,% de crianças em domicílios em que ninguém tem fundamental completo 2010,% de crianças de 0 a 5 anos fora da escola 1991,% de crianças de 0 a 5 anos fora da escola 2000,% de crianças de 0 a 5 anos fora da escola 2010,% de crianças de 6 a 14 fora da escola 1991,% de crianças de 6 a 14 fora da escola 2000,% de crianças de 6 a 14 fora da escola 2010,% de pessoas em domicílios em que ninguém tem fundamental completo 1991,% de pessoas em domicílios em que ninguém tem fundamental completo 2000,% de pessoas em domicílios em que ninguém tem fundamental completo 2010,"% de pessoas de 15 a 24 anos que não estudam, não trabalham e são vulneráveis, na população dessa faixa 1991","% de pessoas de 15 a 24 anos que não estudam, não trabalham e são vulneráveis, na população dessa faixa 2000","% de pessoas de 15 a 24 anos que não estudam, não trabalham e são vulneráveis, na população dessa faixa 2010",% de pessoas de 18 anos ou mais sem fundamental completo e em ocupação informal 1991,% de pessoas de 18 anos ou mais sem fundamental completo e em ocupação informal 2000,% de pessoas de 18 anos ou mais sem fundamental completo e em ocupação informal 2010,% de pessoas em domicílios vulneráveis à pobreza e em que ninguém tem fundamental completo. 1991,% de pessoas em domicílios vulneráveis à pobreza e em que ninguém tem fundamental completo. 2000,% de pessoas em domicílios vulneráveis à pobreza e em que ninguém tem fundamental completo. 2010,% de vulneráveis e dependentes de idosos 1991,% de vulneráveis e dependentes de idosos 2000,% de vulneráveis e dependentes de idosos 2010,% de pessoas em domicílios sem energia elétrica 1991,% de pessoas em domicílios sem energia elétrica 2000,% de pessoas em domicílios sem energia elétrica 2010,% de pessoas em domicílios com paredes inadequadas 1991,% de pessoas em domicílios com paredes inadequadas 2000,% de pessoas em domicílios com paredes inadequadas 2010,% de pessoas em domicílios com abastecimento de água e esgotamento sanitário inadequados 1991,% de pessoas em domicílios com abastecimento de água e esgotamento sanitário inadequados 2000,% de pessoas em domicílios com abastecimento de água e esgotamento sanitário inadequados 2010,% de vulneráveis que gastam mais de uma hora até o trabalho na população ocupada 1991,% de vulneráveis que gastam mais de uma hora até o trabalho na população ocupada 2000,% de vulneráveis que gastam mais de uma hora até o trabalho na população ocupada 2010,Mortalidade infantil 1991,Mortalidade infantil 2000,Mortalidade infantil 2010,Razão de dependência 1991,Razão de dependência 2000,Razão de dependência 2010,Taxa de envelhecimento 1991,Taxa de envelhecimento 2000,Taxa de envelhecimento 2010,"% de 15 a 24 anos que não estudam, não trabalham e são vulneráveis, na população vulnerável dessa faixa 1991","% de 15 a 24 anos que não estudam, não trabalham e são vulneráveis, na população vulnerável dessa faixa 2000","% de 15 a 24 anos que não estudam, não trabalham e são vulneráveis, na população vulnerável dessa faixa 2010","% de mães chefes de família sem fundamental e com filho menor, no total de mães chefes e com filho menor 1991","% de mães chefes de família sem fundamental e com filho menor, no total de mães chefes e com filho menor 2000","% de mães chefes de família sem fundamental e com filho menor, no total de mães chefes e com filho menor 2010","% de vulneráveis e dependentes de idosos, no total de vulneráveis que coabitam com idosos. 1991","% de vulneráveis e dependentes de idosos, no total de vulneráveis que coabitam com idosos. 2000","% de vulneráveis e dependentes de idosos, no total de vulneráveis que coabitam com idosos. 2010",% de vulneráveis que gastam mais de uma hora até o trabalho na população ocupada vulnerável. 1991,% de vulneráveis que gastam mais de uma hora até o trabalho na população ocupada vulnerável. 2000,% de vulneráveis que gastam mais de uma hora até o trabalho na população ocupada vulnerável. 2010,% de crianças extremamente pobres 1991,% de crianças extremamente pobres 2000,% de crianças extremamente pobres 2010
76,Brasil,2.24,3.51,2.89,12.8,14.66,17.23,0,49.86,30.39,,76.21,56.85,24.48,6.89,3.31,28.51,41.16,24.92,0,15.4,11.61,0,48.71,35.24,20.38,29.75,13.46,3.38,3.41,2.42,15.16,6.54,1.42,0,0,3.42,10.39,8.91,6.12,0,0,1.42,44.68,30.57,16.7,65.43,54.88,45.87,4.83,5.83,7.36,,31.3,33.34,,61.22,43.19,,58.26,69.08,,,10.33,26.97,20.19,11.47
2300101,Abaiara,1.88,2.38,3.99,10.52,9.39,19.89,,71.57,36.92,,55.9,50,55.12,5.36,3.24,42.08,67.2,31.8,,26.13,30.48,,76.85,56.42,41.3,60.98,22.78,7.63,7.84,8.04,56.16,11.29,0.64,,,12.43,45.66,17.12,19.88,,,1.61,64.98,42.98,26.9,93.88,74.25,59.93,6.67,7.24,9.05,,28.86,39.03,,91.87,56.23,,67.23,75.58,,,3.11,72.92,66.61,32.15
2300150,Acarape,1.82,3.26,4.12,14.62,18.6,33.09,,59.48,28.9,,56.13,57,25.06,7.33,3.16,30.34,51.76,28.69,,30.65,29.18,,64.96,51.66,29.11,47.8,20.84,4.92,7.73,5.39,21.96,4.26,0.57,,,6.76,58.31,32.77,15.67,,,1.25,84.1,60.34,34.4,82.21,73.09,54.68,4.9,6.09,7.32,,35.75,41.2,,83.87,61.08,,63.23,65.01,,,3.24,52.49,42.57,18.06
2300200,Acaraú,2.25,4.89,3.38,14.54,17.06,33.92,,87.16,48.31,,68.86,50,43.06,8.62,3.21,37.52,80.34,39.79,,25.31,27.93,,84.67,64.47,34.39,74.54,32.13,6.34,8.8,5.8,57.5,24.76,4.42,,,6.84,13,24.14,24.11,,,1.09,85.05,50.54,25.1,96.07,79.77,55.99,4.85,5.95,6.99,,28.08,34.64,,91.32,69.01,,70.16,66.21,,,2.79,53.22,57.32,38.46
2300309,Acopiara,1.78,2.36,2.12,10.07,9.06,19.99,,79.93,50.82,,73.01,49,45.25,8.77,2.75,44.52,75.42,43.64,,25.57,24.61,,84.73,67.71,42.02,68.27,31.78,10.61,12.35,7.28,62.28,23.73,1.6,,,6.73,65.83,8.94,9.26,,,1.05,91.68,59.08,31.5,87.21,67.67,54.96,6.9,8.46,10.6,,28.56,32.94,,87.81,61.89,,80.92,87.98,,,2.32,71.09,60.5,41.92
2300408,Aiuaba,1.69,2.6,2.78,12,12.33,30.56,,85.49,55.43,,69.5,48,51.8,5.37,2.46,39.91,81.69,46.22,,23.2,25.18,,87.07,70.19,38.93,76.64,37.25,10.78,10.13,7.93,75.46,55.19,5.36,,,5.47,81.66,14.38,17.84,,,1.66,72.39,64.71,26.6,95.61,79.59,59.71,6.07,6.59,8.58,,24.61,32.43,,80.98,65.56,,81.09,91.87,,,3.05,83.31,73.85,41.59
2300507,Alcântaras,1.56,4.12,2.04,18.91,18.53,24.37,,80.26,41.56,,41.18,41,28.51,3.64,2.26,36.43,71.2,37.67,,22.57,20.87,,79.39,57.11,34.13,66.23,26.25,8.37,11.95,4.86,72.6,19.59,1.87,,,8.94,77.74,33.32,28.65,,,1.91,100.11,60.81,26.3,94.05,84.54,58.4,6.58,8.38,9.4,,25.89,30.07,,91.39,66.1,,78.68,71.75,,,5.04,76.46,63.18,27.73
2300606,Altaneira,2.18,4.54,3.58,16.9,14.71,22.34,,80.15,47.42,,60.66,31,29.64,4.58,4.28,47.9,78.09,43.79,,25.7,28.31,,85.03,65.33,46.3,68.17,31.21,13.82,12.23,9.07,33.85,5.81,1.23,,,2.31,69.23,6.67,8.37,,,1.21,92.23,56.43,22.5,86.21,74.13,63.86,8.3,9.06,11.25,,28.5,35.25,,95.64,62.09,,82.33,88.19,,,2.03,77.25,65.07,42.11
2300705,Alto Santo,1.24,3.38,1.43,14.41,11.98,17.79,,78.04,46.73,,75.93,54,49.1,10.59,3.54,41.46,71.45,42.77,,25.66,16.88,,79.1,62.51,38.84,62.1,30.97,8.48,6.99,6.01,54.24,19.94,1.35,,,7.09,53.48,20.1,22.38,,,0.75,49.09,37.93,22.4,85.59,69.28,50.46,6.77,7.21,7.93,,30.83,25.92,,77.3,53.58,,63.34,74.55,,,1.98,54.52,41.61,29.03
2300754,Amontada,4.34,3.91,4.53,11.81,15.74,29.06,,77.33,33.11,,73.11,51,36.32,7.51,2.97,34.11,71.72,29.95,,28.37,27.31,,80.54,57.53,33.39,67.56,23.93,8.02,11.71,9.14,68.98,39.48,4.86,,,16.62,30.91,22.89,38.37,,,3.19,59.71,52.03,24.6,107.51,91.23,65.51,5.68,6.43,7.74,,31.07,32.12,,82.07,55.49,,77.05,83.04,,,7.77,78.14,70.65,48.64
2300804,Antonina do Norte,1.08,1.98,3.29,17.67,15.86,35.05,,76.7,48.27,,62.45,46,30.13,6.89,4.32,40.78,71.35,42.78,,24.75,27.03,,81.27,66.15,39.35,65.18,29.73,12.63,9.12,7.78,39.85,21.25,1.49,,,3.63,30.2,6.92,9.36,,,1.45,76.42,45.92,22.7,96.83,80.66,63.98,8.45,8.56,10.58,,26.77,34.1,,81.74,62.36,,63.79,81.14,,,3.43,70.2,55.56,29.88
2300903,Apuiarés,2.21,3.53,2.06,5.13,13.99,33.03,,79.26,37.98,,55.98,40,29.19,4.92,1.37,41.79,71.24,31.74,,22.99,29.13,,81.05,60.6,40.08,65.22,22.55,9.87,10.43,7.52,62.97,18.54,1.52,,,5.28,59,54.04,26.55,,,1.69,88.96,52.53,28.2,87.58,79.12,57.52,6.96,7.96,9.44,,25.47,37.36,,90.31,62.24,,78.55,84.51,,,3.84,74.46,64.92,42.78
2301000,Aquiraz,4.4,4.54,2.82,14.27,19.38,26.51,,72.02,39.9,,61.24,56,31.55,6.24,3.46,35.93,64.91,32.92,,22.08,20.45,,70.32,50.09,31.79,58.13,23.1,3.74,5.23,4.66,40.18,7.28,1.1,,,3.01,29.22,27.57,26.4,,,0.92,67.72,41.94,20.2,81.28,64.89,48.12,4.83,5.47,6.62,,27.23,36.9,,84.43,58.55,,49.19,69.06,,,3.35,45.14,28.15,12.41
2301109,Aracati,2.21,2.36,3.36,13.07,23.38,20.59,,58.65,30.98,,61.89,47,24.82,6.08,1.53,32.78,50.04,26.67,,21.9,26.81,,65.54,46.91,29.68,44.24,19.1,6.59,6.64,6.11,24.97,5.96,1.18,,,7.72,39.33,32.22,24.45,,,1.46,71.33,44.32,27.9,78.11,63.71,47.13,5.43,6.27,7.43,,27.51,39.58,,78.73,48.56,,57.04,78.44,,,4.49,52.22,38.05,21.2
2301208,Aracoiaba,1.2,1.59,2.36,11.2,18.01,30.28,,69.55,37.99,,63.16,47,30.36,5.51,3.52,37.44,62.02,33.29,,25.65,24.68,,74.94,59.17,35.21,57.32,23.2,10.01,10.14,6.32,40.91,9.58,1.12,,,10.56,57.4,47.6,26.69,,,1.93,84.1,60.34,24.8,89.67,73.96,56.29,6.86,8.04,9.45,,27.84,33.36,,86.99,61.16,,70.76,68.97,,,5.21,70.07,56.15,34.1
2301257,Ararendá,0.89,3.38,2.06,25.22,11.94,24.37,,78.35,46.6,,77.1,47,58.19,7.28,1.09,44.49,71.46,42.15,,12.48,32.53,,84.16,67.36,44.44,64.83,29.75,15.22,11.83,9.41,66.38,26.29,1.05,,,3.35,39.81,29.19,17.18,,,0.85,70.87,40.38,24.3,86.5,74.42,58.74,6.76,8.9,10.09,,13.72,38.48,,87.75,71.01,,79.89,89.91,,,1.82,88.45,64.3,50.15
2301307,Araripe,1.77,1.58,2.46,12.64,18.99,28.04,,81.76,55.55,,90.77,54,55.27,13.23,3.68,34.39,76.1,49.62,,22.42,30.8,,86.81,68.6,32.87,70.56,40.57,7.73,7.46,5.67,65.18,32.85,2.41,,,8.81,64.62,13.63,17.95,,,2.25,84.01,56.43,24.9,99.21,82.21,64.39,5.9,6.19,7.88,,24.73,37.47,,91.72,58.44,,81.81,88.27,,,4.63,76.15,70.73,50.23
2301406,Aratuba,2.16,2.75,3.95,7.44,16.38,22.77,,77.86,39.37,,59.31,39,44.88,2.86,2.98,33.71,71.48,32.16,,20.83,23.05,,80.19,59.74,32.08,68.04,25.17,5.27,8.88,6.34,52.5,7.97,0.04,,,2.03,82.5,41.93,30.76,,,2.34,53.57,38.23,22.3,93.67,82.24,58.93,5.38,6.25,8.19,,22.55,29.62,,90.59,60.33,,64.55,70.47,,,4.88,62.18,63.72,34.64
2301505,Arneiroz,1.57,4.59,1.31,9.17,5.62,25.23,,79.3,42.07,,71.29,45,45.54,7.52,2.45,36.52,71.74,37.98,,21.89,20.27,,79.19,61.98,36.21,68.9,25.79,8.58,8.3,5.13,77.34,38.76,2.23,,,1.79,65.38,17.73,21.77,,,1.3,72.39,59.91,28.3,90.37,75.14,56.19,6.05,6.87,9.23,,24.29,27.24,,85.94,49.58,,70.68,66.72,,,2.33,80.95,68.6,27.52
2301604,Assaré,2.79,1.96,1.02,14.43,11.73,22.41,,81.75,53.98,,87.1,57,47.19,22.17,3.42,39.47,77.82,46.3,,33.25,22.29,,86.16,68.65,37.71,71.27,34.24,8.91,9.99,6.38,60.76,27.28,0.59,,,7.02,45.23,10.98,14.75,,,2.34,82.99,56.43,21,88.28,77.82,62.36,6.87,7.59,10.39,,36.2,29.63,,81.52,61.71,,72.48,92.79,,,5.39,68.63,71.35,39.67
2301703,Aurora,1.8,3.16,2.29,10.37,10.98,12.38,,72.98,49.82,,69.92,48,49.51,10.02,2.06,45.52,68.17,44.74,,32.63,25.6,,79.28,64.64,43.86,62.28,32.84,11.69,8.02,6.22,53.95,18.48,0.74,,,5.4,22.41,13.64,18.48,,,1.34,78.08,50.76,24.1,86.93,69.69,54.54,6.86,7.8,9.88,,35.67,35.98,,76.48,57.55,,78.91,89.05,,,3.24,75.7,55.51,35.42
2301802,Baixio,2.54,6.17,5.06,6.03,11.94,8.2,,69.15,30.98,,60.24,48,33.94,7.37,2.03,35.03,58.61,28.13,,18.65,21.12,,72.41,54.51,34.84,53.49,19.23,9.99,9.48,4.96,44.47,10.36,0.15,,,0.44,40.24,8.98,12.04,,,0.48,95.57,59.08,24.2,82.65,62.8,52.67,6.5,7.58,10.26,,20.74,30.57,,82.73,40.4,,65.51,80.63,,,0.94,85.79,60.71,27.35
2301851,Banabuiú,3.54,6.95,3.78,9.6,18.38,41.09,,73.16,41.43,,67.82,53,33.15,7.01,2.01,36.1,68.22,37.15,,29.03,27.95,,77.15,61.64,34.97,61.99,28.82,10.25,7.92,7.33,73.65,35.46,1.86,,,14.51,74.08,20.41,18.6,,,2.02,68.7,43.61,21.7,87.47,81.29,62.25,6.11,6.53,8.04,,34.29,35.46,,79.48,69.26,,58.99,77.13,,,5.48,74.08,55.79,40.28
2301901,Barbalha,1.28,3.63,3.96,15.68,17.61,16.89,,63.53,28.02,,59.22,46,34.86,5.53,1.72,30.52,54.29,22.65,,19.94,19.54,,65.79,43.36,28.54,49.58,15.98,6.29,7.18,4.44,27.96,7.78,0.16,,,4.76,23.66,17.09,7.66,,,1.08,48.67,40.66,16,84.01,67.87,53.08,5.53,6.46,7.67,,24.06,31.89,,81.35,45.91,,61.69,67.99,,,3.29,59.95,46.75,15.47
2301950,Barreira,1.94,3.61,3.09,13.11,15.82,27.9,,67.68,42.84,,58.99,49,27.76,3.55,2.19,39.14,61.42,36.7,,25.03,29.21,,76.28,59.65,36.32,56.39,28.91,6.21,10.23,5.98,45.28,11.08,0.25,,,3.52,40.08,57.06,37.02,,,1.52,75.04,59.08,22.9,86.57,72.04,53.55,5.23,6.55,7.54,,28.74,40.31,,75.94,59.69,,73.05,78.66,,,3.98,55.66,53.36,29.91
2302008,Barro,0.51,2.46,1.87,15.25,14.55,17.98,,77.29,46.17,,68.91,42,45.38,7.83,2.94,40.8,72.76,40.09,,24.25,30.26,,79.71,63.25,39.7,64.06,29.77,9.81,8.47,9.38,50.34,9.63,0.54,,,7.85,58.99,15.97,9.82,,,0.13,56.84,37.93,25,85.18,70.87,52.91,6.66,8.3,10.1,,28.37,42.17,,85.04,58.5,,59.6,85.16,,,0.33,72.65,47.22,36.09
2302057,Barroquinha,4.04,5.12,2.08,10.21,16.52,45.86,,89.14,46.58,,65.32,43,58.74,7.56,2.08,40.49,82.93,40.96,,22.39,27.9,,83.83,68.26,38.72,79.02,33.31,7.57,12.56,8.99,56.74,30.52,2.07,,,24.59,33.25,24.63,18.74,,,3.62,98.91,70.03,32.2,98.91,80.04,58.09,5.16,6.22,7.13,,24.46,34.45,,87.19,78.19,,76.21,77.95,,,7.72,73.94,62.31,45.88
2302107,Baturité,0.83,6.54,2.94,13.16,22.89,24.37,,62.98,37.99,,59.94,51,26.28,6.76,4.14,33.48,58.97,32.11,,24.91,22.14,,71.8,53.53,30.97,52.82,22.11,6.51,8.93,5.06,32.48,8.97,0.3,,,5.07,44.29,26.44,19.53,,,1.7,84.1,56.43,25.9,81.69,71.47,56.4,6.37,7.82,8.39,,29.45,31.8,,75.42,57.71,,62.28,68.15,,,4.59,50.09,42.36,21.81
2302206,Beberibe,1.4,4.89,1.7,10.65,22.75,31.93,,76.93,40.11,,68.52,47,31.91,5.46,1.79,41.99,70.97,34.39,,27.93,26.4,,79.98,56.19,38.88,66.11,24.68,10.25,9.46,5.69,56.04,17.16,1.21,,,4.38,31.39,36.69,33.41,,,1.43,61.84,36.19,21.8,87.64,68.15,51.76,6.3,6.96,8.39,,30.51,37.13,,89.17,58.4,,70.66,85.95,,,4.36,54.87,48.49,28.36
2302305,Bela Cruz,2.52,4.31,4.39,12.37,17.21,19.67,,80.61,37.28,,66.86,50,47.04,7.82,1.06,31.86,75.11,30.92,,21.65,24.37,,83.12,60.25,30.2,70.78,23.3,5.94,8.09,6.43,63.56,28.53,5.02,,,4.27,16.13,31.07,38.44,,,2.97,98.91,63.28,24.8,98.55,78.85,56.69,4.91,5.64,7.77,,23.35,30.25,,90.07,59.7,,65.94,81.1,,,6.13,61.55,60.05,40
2302404,Boa Viagem,1.76,3.14,3.32,15.69,14.53,33.92,,79.41,45.49,,85.33,64,35.15,7.04,2.39,40.29,73.83,42.03,,21.39,25.91,,83.12,66.54,38.77,67.74,30.03,9.51,9.41,7.19,66.86,27.51,1.87,,,5.12,70.95,13.82,10.19,,,2.36,72.73,53.37,23.3,87.83,79.14,61.48,6.55,7.96,9.78,,24.32,33.82,,82.47,67.76,,72.88,80.54,,,5.31,71.93,59.75,44.43
2302503,Brejo Santo,0.58,2.53,2.89,9.47,19.09,14.91,,68.83,35.88,,66.35,45,43.88,8.94,7.49,31.37,63.01,30.16,,23.74,23.95,,73.87,48.91,29.8,56.79,22.76,8.29,5.33,6.82,34.41,7.3,0.78,,,4.82,42.13,9.98,8.53,,,1.95,60.05,36.25,23.4,84.78,68.27,50.45,5.17,6.21,7.96,,29.63,37.13,,80.17,55.81,,59.7,82.77,,,4.84,61.1,44.65,18.16
2302602,Camocim,3.27,2.77,3.45,20.52,19.27,40.43,,75.37,40.18,,69.33,52,48.25,5.46,2.23,31.71,67.39,32.18,,23.32,27.87,,74.38,55.18,30.01,63.55,26.46,7.8,8.5,7.99,47.13,18.54,1.29,,,11.74,12.57,20.73,12.63,,,1.02,92.49,55.86,30.5,91.36,74.78,54.11,4.48,5.36,6.63,,27.26,36.8,,82.46,66.8,,69.44,74.97,,,2.34,59.08,51.5,31.51
2302701,Campos Sales,0.98,4.14,1.44,13.1,16.15,25.97,,71.12,45.73,,58.66,45,42.16,7.44,1.71,36.9,66.66,38.54,,21.89,19.32,,77.4,59.29,33.98,58.6,28.57,11.12,8.92,7.32,45.69,26.76,1.08,,,1.49,44.41,13.48,14.69,,,1.78,60.22,44.54,23.3,85.53,77.1,61.37,6.86,7.98,10.02,,25.21,28.04,,85.22,53.79,,66.89,89.22,,,3.54,62.05,47.42,34.01
2302800,Canindé,2.23,4.32,3.18,13.87,17.12,29.56,,77.46,45.7,,72.59,51,40.86,10.52,2.49,36.36,71.95,38.84,,25.15,26.4,,79.34,60.86,34.14,67.44,29.95,8.52,9.83,7.35,60.3,29.43,0.93,,,4.31,42.15,15.96,18.22,,,1.69,68.7,42.64,23.9,86.78,78.45,59.15,6.17,7.04,8.67,,28.45,34.94,,82.69,60.15,,71.5,75.69,,,4.43,59.35,58.29,35.98
2302909,Capistrano,0.84,1.68,2.34,13.11,11.77,21.64,,68.7,34.36,,55.88,43,39.51,5.33,3.73,33.55,63.1,30.4,,27.53,32.05,,78.48,56,31.6,58.83,23.39,12.41,9.86,9.08,40.1,12.78,0.62,,,5.5,53.93,38.45,41.15,,,3.52,62.6,42.86,30.2,98.9,79.21,56.83,6.29,7.45,8.65,,28.72,39.59,,68.83,50.47,,77.77,83.59,,,6.77,66.83,58.59,46.26
2303006,Caridade,3.57,3.29,3.57,11.99,17.95,40.27,,83.99,50.05,,61.27,48,39.16,8.31,2.71,40.57,79.11,41.4,,24.16,31.97,,83.37,63.26,38.3,73.49,32.92,7.58,11.75,6.37,57.62,14.85,0.41,,,8.8,70.89,35,34.55,,,2.29,73.18,43,21.6,87,78.86,56.55,6.4,7.15,7.62,,26.69,43.25,,92.74,70.52,,81.16,77.37,,,6.37,66.46,52.5,35.81
2303105,Cariré,3.45,2.62,3.64,13.7,15.25,26.58,,83.19,42,,74.92,55,42.55,3.15,2.11,42.93,78.04,38.04,,18.8,26.81,,83.33,63.34,41.94,72.6,27.46,9.96,13.15,6.5,55.04,24.26,1.87,,,16.07,79.25,18.83,14.21,,,0.9,73.01,43.77,26.7,90.2,79.81,60.32,8.15,8.61,10.64,,20.33,33.57,,86.1,60.89,,87.14,63.09,,,1.9,72.13,64.58,41.37
2303204,Caririaçu,0.76,2.21,2.6,13.31,13.83,35.17,,81.1,47.72,,76.17,59,42.73,5.41,3.95,33.97,75.42,43.47,,17.34,20.86,,82.73,63.36,32.2,70.36,30.31,9.89,7.39,4.79,49.68,14.44,0.71,,,5.49,55.41,20.25,11.59,,,2.78,95.57,63.77,30.2,98.97,78.93,64.1,6.02,6.58,9.01,,18.64,27.33,,81.48,67.43,,73.83,71.26,,,7.68,77.45,69.02,28.61
2303303,Cariús,1.66,1.54,3.19,19.07,9.52,10.77,,75.85,46.67,,69.13,55,45.07,8.12,2.88,49.34,70.8,42.82,,27.23,27.75,,83.76,66.83,46.33,63.79,29.44,9.7,8.58,6.62,73.86,27.92,1.16,,,17.33,56.73,20.57,6.6,,,0.69,58.75,38.23,26.3,83.15,70.12,55.11,7.6,8.01,11.12,,29.68,38.41,,69.44,54.04,,67.39,88.14,,,1.41,73.29,61.64,42.2
2303402,Carnaubal,1.67,4.49,2.93,13.87,29.93,24.87,,84.24,44.76,,70.71,52,47.38,3.43,2.93,38.94,76.03,41.31,,23.42,23.97,,84.13,67.23,36.53,70.01,32.49,8.58,10.52,6.79,48.52,9.22,0.49,,,4.95,80.04,12.64,4.86,,,3.57,81.47,60.96,24.8,95.93,83.58,64.71,5.3,6.87,8.95,,26.33,29.93,,83.55,63.81,,87.27,81.9,,,6.47,71.54,65.14,37.18
2303501,Cascavel,2.73,4.28,2.92,17,18.71,31.13,,69.26,36.19,,68.69,56,26.94,7.14,3.34,39.36,61.66,30.98,,21.76,19.81,,69.13,53.82,36.8,55.89,21.72,5.09,7.74,5.51,46.64,11.25,0.72,,,4.8,38.32,47.3,28.53,,,1.51,62.48,36.19,19.5,79.95,65.29,49.99,6.02,6.9,8.04,,26.03,31.21,,84.07,59.48,,60.08,78.41,,,4.88,55.34,40.57,17.89
2303600,Catarina,0,2.18,3.26,12.34,5.94,15.68,,71.56,42.87,,81.06,49,54.51,13.93,5.69,37.31,65.4,36.35,,25.68,36.74,,82.55,61.46,33.6,61.25,27.24,7.99,10.88,5.8,58.96,34,4.68,,,1.36,73.61,16.76,23.25,,,0.77,72.39,60.96,24,94.27,67.44,43.22,5.35,5.89,7.2,,27.95,47.55,,86.99,70.43,,78.79,76.3,,,1.36,45.47,62.91,31.89
2303659,Catunda,0.28,6.63,3.62,12.96,9.06,21.72,,76.13,35.02,,69.34,33,50.21,4.11,1.28,44.96,71.16,32.36,,17.18,33.78,,82.25,59.52,43.29,66.26,24.26,8.78,10.67,8.46,76,34.99,2.29,,,6.63,86.73,19.56,18.95,,,0.54,70.87,45.65,32.9,97.5,79.54,61.82,6.94,8,9.71,,17.75,41.79,,90.64,65.45,,79.29,79.75,,,1.14,78.25,64.39,38.46
2303709,Caucaia,2.91,3.44,3.59,18.06,22.81,24.93,,51.44,29.9,,64.66,48,27.72,6.48,3.65,24.89,45.1,23.73,,23.37,18.7,,55.05,38.76,22.24,39.92,17.11,3.23,4.2,3.48,20.01,2.6,0.7,,,2.49,22.74,21.85,8.94,,,3.64,56.43,30.5,17.57,76.72,65.52,47.88,3.25,3.7,5.1,,31.58,35.68,,67.43,48.83,,55,67.96,,,13.93,35.48,28.29,10.17
2303808,Cedro,1.49,1.02,0.98,9.81,11.28,19.75,,70.09,38.34,,73.93,50,31.69,8.39,2.48,38.23,60.42,35.51,,21.69,19.97,,77.25,60.14,37.05,53.08,23.68,11.19,7.39,6.84,47.94,15.82,0.38,,,4.36,86.7,28.69,15.7,,,0.99,70.97,52.46,26,80.72,67.66,57.34,7.42,8.85,11.15,,23.85,28.19,,72.73,50.44,,70.96,75.31,,,2.95,67.82,50.39,36.28
2303907,Chaval,3.37,4.98,2.12,19.21,19.08,34.96,,80.8,46.32,,65.18,44,37.07,4.71,2.64,35.87,77.08,38.89,,29.95,28.08,,79.19,61.19,34.71,74.04,32.59,8.03,10.4,11.81,55.98,21.15,2.72,,,24.73,71.75,20.95,26.36,,,1.2,98.91,70.03,33,89.79,76.17,56.73,4.73,5.64,8.01,,31.62,36.57,,94.74,64.93,,77.43,86.52,,,3,72.94,65.03,32.64
2303931,Choró,1.07,2.56,3.83,8.88,14.79,34.49,,85.58,40.33,,63.63,36,49.35,6.37,2.79,34.9,80.45,35.56,,21.02,32.56,,88.43,66.81,33.35,76.61,27.07,8.63,10.57,5.92,81.68,43.42,2.16,,,26.95,95.9,41.06,39.88,,,2.03,88.96,56.43,21.8,96.92,88.58,62.68,6.18,6.82,8.3,,22.38,38.73,,80,56.61,,78.16,73.78,,,5.46,75.49,70.26,54
2303956,Chorozinho,1.57,2.17,1.86,15.49,17.75,29.41,,77.59,46.92,,71.29,55,43.58,4.39,2.55,45.26,70.89,40.34,,22.96,21.94,,75.69,57,39.69,65.05,29.59,5.5,6.86,5.16,42.68,9.14,0.84,,,2.46,58.4,66.15,40.67,,,2.49,75.04,52,27.9,84.45,69.55,50.04,4.96,5.68,7.18,,25.87,32.1,,85.04,64.17,,70.12,84.99,,,7.03,43.43,45.99,23.32
2304004,Coreaú,3.82,3.83,0.81,9.04,16.37,28.89,,82.25,38.97,,73,59,52.12,12.66,2.53,32.83,77.23,34.04,,14.35,27.16,,82,60.02,30.92,71.82,27.14,6.69,7.46,6.55,61.14,33.01,1.64,,,3.41,58.23,8.35,17.65,,,2.05,59.63,48.3,25,88.97,79.12,57.84,6.14,6.74,7.57,,15.8,35.16,,91.74,58.7,,66.74,73.76,,,4.69,65.57,61.74,42.8
2304103,Crateús,1.13,3.79,3.65,11.84,12.68,18.74,,72.57,39.42,,70.92,57,30.67,7.19,2.49,40.83,65.73,35.15,,22.83,26.27,,74.32,58.21,38.52,58.64,25.4,7.93,9.82,7.31,41.53,14.51,0.56,,,4.67,57.62,9.41,11.5,,,1.75,60.42,36.88,20.3,75.04,65,53.65,6.45,8,9.99,,27.99,39.32,,74.41,61.75,,75.91,78.56,,,5.12,54.67,42,29.77
2304202,Crato,1.71,2.35,2.55,15,16.96,16.08,,47.72,25.61,,66.12,49,26.69,5.37,2.23,25.47,40.65,20.67,,19.6,15.71,,55.07,38.52,23.69,36.06,14.33,5.88,5.36,3.86,22.23,7.12,0.3,,,8.3,19.92,12.43,6.68,,,0.9,61.43,40.66,16.48,76.01,63.11,50.19,5.72,6.38,7.79,,27.31,29.75,,62.58,39.8,,52.59,66.3,,,3.04,49.76,34.07,13.69
2304236,Croatá,1.09,2.4,2.46,22.28,17.58,43.81,,84.96,41.6,,72.54,51,46.73,3.19,2.56,41.14,81.89,37.25,,14.55,32.45,,89.19,69.26,40.64,76.31,27.53,6.69,12.97,8.93,56.29,24.87,0.68,,,9.12,17.76,18.34,10.21,,,1.52,87.19,64.09,24.8,96.74,86.48,64.95,5.32,6.76,9.5,,15.13,38.37,,94.7,69.67,,91.79,93.13,,,2.66,80.07,70.21,55.34
2304251,Cruz,1.92,3.28,2.71,10.85,18.31,22.77,,83.15,36.91,,66.65,42,51.29,5.24,1.54,36.8,74.09,30.58,,20.25,20.15,,81.71,60.38,33.59,68.35,21.28,7.61,6.51,3.89,43.14,21.4,1.27,,,1.45,6.3,35.82,16.63,,,0.87,71.33,41.82,26.1,96.78,75.59,56.87,4.85,5.8,7.39,,23.13,27.85,,92.49,58.14,,78.5,75.98,,,2.28,45.93,58.31,35.82
2304269,Deputado Irapuan Pinheiro,0.17,2.81,1.44,4.85,11.77,13.55,,72.95,40.45,,65.71,62,38.22,3.39,0.69,48.98,67.61,38.28,,16.13,19.28,,82.06,64.97,45.67,59.1,23.72,12.03,7.72,5.81,79.6,22.44,3.08,,,0.67,68.02,4.57,10.32,,,3.01,85.78,64.09,27.9,76.94,65.29,56.03,6.82,8.03,11.15,,18,26.36,,81.25,54.03,,73.04,100,,,5.28,67.79,54.86,44.15
2304277,Ererê,2.82,4.6,4.58,14.86,11.51,22.12,,77.12,35.9,,73.51,43,33.27,5.82,2.03,42.8,70.03,31.32,,19.35,31.91,,75.74,53.94,40.99,59.97,21.93,8.24,8.02,4.46,67.02,35.57,0.49,,,1.91,78.07,23.81,16.68,,,0.79,65.1,46.24,25.8,95.71,68.05,52.24,6.49,7.16,9.44,,23.45,43.74,,86.52,45.71,,72.49,67.49,,,2.01,80.8,55.95,29.67
2304285,Eusébio,2.74,3.93,4.45,16.9,25.09,28.69,,62.4,29.87,,61.99,51,20.33,5.11,1.7,30.64,55.49,23.99,,27.97,17.9,,66.03,38.4,26.29,50.06,16.23,3.73,5.61,3.4,26.86,1.45,0.59,,,0.4,14.44,35.83,12.24,,,1.12,71.47,41.94,19.2,85.33,68.28,49.07,4.08,4.37,5.14,,34.57,36.77,,85.73,58.22,,54.86,81.85,,,4.48,44.35,30.69,8.78
2304301,Farias Brito,1.43,1.83,2.3,10.73,11.51,15.54,,74.21,34.98,,62.37,41,31.25,2.6,0.74,39.31,67.19,31.01,,14.91,26.7,,78.23,58.89,35.4,60.54,21.75,8.04,9.77,7.41,57.61,25.23,0.67,,,14.62,47.85,6.4,11.19,,,2.07,95.57,59.08,22.5,90.75,73.35,57.75,7.1,7.6,10.22,,16.69,33.64,,85.52,53.76,,69.04,84.23,,,4.24,71.72,60,45.41
2304350,Forquilha,1.65,5.51,2.88,17.62,24.7,31.86,,75.78,31.76,,69.3,48,36.8,6.26,3.56,39.67,67.42,28.68,,25.01,18.96,,69.09,48.01,36.37,61.91,18.5,5.65,8.7,3.92,40.88,8.92,0.31,,,12.22,57.86,3.36,3.01,,,0.31,66.78,43.53,24.7,83.7,74.03,53.41,5.98,6.79,7.7,,29.42,29.24,,78.02,63.73,,59.31,69.58,,,0.95,57.54,47.44,17.84
2304400,Fortaleza,2.02,3.38,2.85,14.95,20.25,16.82,,39.7,21.96,,62.92,51,16.18,5.36,3.89,17.71,30.23,16.14,,15.96,11.48,,40.85,27.17,14.29,24.43,9.43,2.63,2.86,2.15,3.81,0.49,0.25,,,0.28,7.75,5.4,1.11,,,2.23,47.11,34.57,15.76,61.83,52.57,41.16,4.21,5.08,6.58,,30.58,33.78,,58.08,39.3,,44.15,59.01,,,15.9,22.24,14.69,5.73
2304459,Fortim,5.71,3.52,2.32,14.62,29.3,17.85,,74.77,33.82,,53.6,47,32.84,4.81,2.5,46.84,66.68,30.29,,23.07,30.9,,77.05,56.12,45.3,60.56,22.3,4.11,9.39,5.26,47.88,8.03,0.36,,,7.64,47.2,49.07,28.92,,,2.3,80.39,55.64,29.4,85.34,68.14,51.09,5.44,6.12,7.9,,26.74,41.33,,91.03,42.94,,63.13,73.24,,,5.73,57.05,50.34,26.34
2304509,Frecheirinha,2.18,2.66,3.91,14.96,16.03,36.38,,77.13,45.79,,69.71,49,26.28,7.98,2.19,37.93,69.92,41.2,,25.47,21.27,,77.49,61.36,35.64,65.31,33.01,9.77,8.71,6.84,62.11,24.72,1.72,,,6.64,59.35,16.86,20.13,,,0.52,70.75,49.57,27.2,93.96,80.75,60.86,6.37,6.85,7.83,,29.85,30.47,,72.09,66.38,,70.48,83.39,,,1.03,65.24,62.36,33.6
2304608,General Sampaio,3.26,5.74,1.94,6.92,14.32,30.48,,82.99,52.27,,60.15,48,48.31,12.01,3.84,36.87,78.31,46.59,,28.56,22.96,,80.43,69.29,34.29,75.75,35.66,7.06,9.62,6.58,73.95,49.88,2.18,,,11.58,88.97,50.27,21.81,,,1.7,72.75,52.05,27.5,95.47,84.32,62.43,5.93,6.14,7.06,,31.61,31.82,,100,78.24,,74.67,68.8,,,3.95,77.53,67.23,33.76
2304657,Graça,1.58,2.57,1.65,29.03,20.83,39.27,,89.79,54.09,,55.16,50,65.67,2.96,0.89,40.4,86.05,50.19,,19.68,29.21,,89.55,73.47,39.18,81.3,38.47,10.92,12.2,8.37,73.6,30.3,1.48,,,7.83,83.12,14.88,15.99,,,0.92,73.01,43.77,25.6,107.92,87.39,67.75,6.54,7.38,10.03,,20.86,34.26,,91.25,75.19,,74.72,89.19,,,1.88,85.48,65.81,51.72
2304707,Granja,2.24,4.72,2.97,10.08,15.91,26.2,,88.35,56.17,,75.98,56,59.11,13.47,5.29,37.9,83.22,48.51,,24.45,30.68,,87.81,71.27,35.29,79.4,41.73,8.54,9.25,10.74,72.19,48.03,7.29,,,23.78,68.73,18.09,17.07,,,2.43,85.81,53.24,21.7,96.02,84.26,64.81,6.07,6.18,7.13,,26.4,34.89,,94.48,69.37,,73.72,82.49,,,5.06,72.14,69.61,57.16
2304806,Granjeiro,0.76,3.4,2.13,11.37,16.39,22.87,,79.17,41.59,,68.19,47,29.56,7.22,1.26,37.1,74.72,35.08,,31.64,17.41,,84.04,59.05,36.12,68.35,27.18,12.58,8.85,4.87,69.54,22.64,0.46,,,3.24,37.83,13.85,24.92,,,3.34,95.57,63.77,33.3,101.92,77.51,60.12,5.82,6.35,8.38,,33.85,24.12,,97.62,66.11,,80.72,76.22,,,6.84,79.19,74.51,41.94
2304905,Groaíras,2.79,2.26,2.99,14.28,14.68,24.27,,77.41,38.54,,65.26,52,26.94,5.33,2.07,39.68,71.65,31.73,,18.86,14.66,,78.93,53.26,37.42,62.87,22.34,11.46,10.03,4.18,45.59,3.59,0.09,,,7.66,44.65,7.95,5.12,,,1.76,66.78,45.92,31.5,85.44,75.5,53.8,8.03,9.07,10.52,,23.4,23.41,,86.07,58.94,,76.79,75.93,,,4.63,62.79,55.05,24.65
2304954,Guaiúba,2.05,6.42,3.87,13.91,22.08,24.77,,74.71,38.01,,71.64,47,21.32,7.23,5.81,32.47,66.18,33.01,,21.94,31.21,,74.63,54.35,29.85,61.78,26.59,4.31,7.48,4.1,37.14,11.08,1.64,,,9.12,64.42,33.15,11.5,,,3.22,51.45,38.23,23.4,85.9,73.48,53.2,4.83,5.68,6.66,,24.71,41.5,,80.56,54.25,,61.95,79.19,,,9.91,46.53,44.34,24.14
2305001,Guaraciaba do Norte,1.74,4.2,2.66,25.59,15.97,24.27,,82.4,44.24,,62.73,49,36.1,4.09,2.28,38.02,76.88,38.87,,22.98,18.1,,83.93,62.25,34.37,70.05,29.28,7.82,8.09,6.62,49.78,9.57,0.2,,,10.03,63.59,18.83,15.56,,,1.52,72.46,45.38,22,97.78,82.63,64.28,6.5,7.22,8.65,,25.88,24.52,,84.27,68.72,,74.7,82.3,,,3.41,66.31,55.05,27.5
2305100,Guaramiranga,0,3.61,4.41,11.83,21.47,24.29,,56.64,33.57,,55.74,49,30.46,3.75,2.42,27.79,52.21,26.78,,22.99,28.77,,67.54,48.01,27.07,47.67,19.44,3.45,7.51,6.92,36.66,13.49,0.87,,,4.4,43.91,17.64,6.78,,,1.35,53.57,42.86,29.1,87.14,79.26,54.62,6.11,7.05,7.88,,26.86,39.42,,87.01,52.63,,52.32,73.09,,,3.29,62.89,40.57,14.28
2305209,Hidrolândia,1.21,1.85,4.64,9.99,17.12,21.49,,82.72,51.74,,68.27,52,50.9,5.94,2.06,40.73,78.71,45.07,,23.59,23.17,,84.33,66.5,38.75,72.6,33.35,12.31,15.4,6.59,71.16,33.39,2.32,,,8.54,79.1,18.32,10.22,,,1.61,70.87,41.14,22.3,90.8,76.89,63,6.85,9.05,11,,26.54,30.21,,86.24,64.93,,83.7,86.83,,,3.3,74.22,60.62,38.21
2305233,Horizonte,1.35,4.54,5.4,9.98,20.23,29.02,,67.23,29.83,,73.29,60,27.79,5.21,2.92,39.18,61.64,25.59,,25.13,20.68,,64.52,38.19,35.55,54.27,17.39,4.2,3.7,3.38,33.86,3.63,0.44,,,0.89,15.51,52.71,15.33,,,0.75,65.69,42.21,20.1,82.9,67.86,48.38,5.11,4.84,5.23,,30.36,38.7,,72.02,50.76,,52.79,70.03,,,2.83,41.15,29.92,10.64
2305266,Ibaretama,1.4,4.77,2.55,16.04,13.58,24.22,,83.03,50.27,,68.57,47,34.48,5.36,4.65,37.07,78.43,43.51,,28.2,28.55,,82.73,68.38,35.72,71.04,34.53,8.88,9.23,6.56,75.45,33.19,1.58,,,15.66,84.7,40.55,54.93,,,2.38,85.83,53.37,25,89.64,82.44,59.95,6.4,7.1,8.23,,31.5,34.29,,88.92,76.18,,65.4,73.77,,,5.1,72.92,56.84,47.56
2305308,Ibiapina,1.69,3.87,3.01,6.72,18.19,16.46,,78.61,46.43,,59.54,56,52.49,4.41,1.47,31.56,71.64,40.09,,17.57,17.04,,80.72,62.74,30.18,66.49,28.57,11.3,8.26,6.35,39.49,9.42,0.7,,,3.01,23.62,25.83,16.33,,,0.97,67.85,44.8,23.5,98.54,83.51,60.23,5.91,7.46,8.96,,19.81,23.75,,83.33,61.22,,69.2,94.4,,,2.25,72.85,56.07,23.25
2305332,Ibicuitinga,1.79,3.54,3.59,14.08,12.3,20.2,,74.24,36.95,,63.68,45,30.11,3.2,2.08,37.28,67.86,31.6,,20.22,35.44,,79.98,60.14,35.37,63.12,23.96,5.48,10.41,7.47,63.12,20.55,1.85,,,3.5,40.9,36.7,26.12,,,0.96,65.6,36.95,25,92.18,68.81,51.09,5.35,6.37,8.49,,22.42,43.1,,80.75,46.97,,80.69,75.18,,,1.92,64.18,58.16,41.85
2305357,Icapuí,2.92,2.86,1.89,9.54,16.89,26.08,,66.51,43.27,,65.27,47,27.23,2.61,3.24,38.88,56.61,36.08,,25.38,24.31,,74.54,52.75,33.84,50.79,26.68,4.93,6.25,4.43,36.93,6.42,1.2,,,12.36,69.08,26.94,12.06,,,5.25,71.33,55.64,25.2,79.96,59.98,45.53,4.9,5.14,6.57,,31.15,35.15,,78.82,58.69,,54.38,69.12,,,13.09,39.48,42.3,20.99
2305407,Icó,1.09,2.06,3.03,13.06,11.32,18.55,,75.1,42.4,,74.32,61,42.58,9.67,3.35,36.3,68.46,36.73,,21.61,25.52,,76.68,59.15,34.13,62.63,26.98,7.63,8.68,5.47,50.47,22.56,0.54,,,6.05,60.58,16.66,10.33,,,0.83,70.97,59.91,30,82.75,68.74,54.16,5.33,6.7,8.82,,25.74,36.02,,81.03,57.42,,74.45,74.29,,,2.04,63.1,53.48,36.48
2305506,Iguatu,1.69,4.1,3.67,12.23,13.17,17.57,,63.06,34.87,,59.9,58,26.85,5.37,3.23,36.29,54.93,30.3,,19.99,17.72,,67.46,49.8,32.48,46.47,19.28,6.86,6.58,5.07,22.22,4.8,0.17,,,5.84,36.38,9.61,5.67,,,0.48,56.93,37.78,17.2,73.24,57.68,48.39,6.28,7.23,8.95,,27.48,33.96,,82.72,50.6,,59.1,70.22,,,1.76,42.9,30.62,17.66
2305605,Independência,2.9,2.57,4.19,11.86,8.26,15.26,,69.72,40.59,,67.92,47,37.36,5.15,2.36,41.84,63.81,35.23,,21.77,27.26,,78.05,61.47,40.76,57.26,24.58,9.83,11.01,7.31,65.87,37.08,0.53,,,3.06,56.68,16.56,17.62,,,1.56,60.42,36.88,25,81.43,68.39,55.26,6.95,8.6,10.41,,25.39,35.95,,86.41,57.27,,68.61,87.16,,,4.09,57.13,43.85,41.38
2305654,Ipaporanga,1.43,2.52,3.22,13.71,16.62,18.93,,83.59,50.04,,68.57,44,53.3,6.41,2.85,48.94,78.92,46.32,,28.83,34.13,,86.13,69.92,46.84,74.67,34.04,12.35,16.38,7.88,77.83,30.35,2.34,,,6.93,90.52,14.99,13.66,,,1.47,70.87,40.38,23.8,84.82,77.51,63.23,7.44,9.47,11.22,,30.15,39.92,,97.72,57.13,,79.37,86.83,,,2.87,73.31,66.8,59.56
2305704,Ipaumirim,1.74,1.27,4.63,8.73,12.4,17.07,,66.93,45.15,,69.56,47,36.39,7.66,3.3,39.36,62.48,39.97,,22.63,23.32,,75.29,59.66,38.48,57.55,27.5,12.56,13.21,6.7,52.59,10.13,0.62,,,6.85,30.79,10.56,12.17,,,,71.33,52.72,30.5,90.29,66.94,56.94,7.65,8.24,10.68,,24.85,34.85,,81.77,60.59,,84.81,88.46,,,0,75.89,55.96,29.91
2305803,Ipu,2.63,2.68,2.39,16.98,16.3,30.91,,74.8,46.05,,63.85,45,34.27,5.69,2.73,37.78,69.48,37.85,,15.5,21.34,,78.36,60.62,36.19,62.97,28.9,11.13,8.84,7.36,54.82,15.74,0.87,,,10.99,67.07,19.65,14.81,,,1.32,56.93,37.16,24.5,92.03,77.53,60.37,7.43,8.53,10.2,,18.17,29.53,,84.75,65.2,,67.13,90.38,,,3.05,66.45,48.75,31.67
2305902,Ipueiras,0.4,3.4,2.12,23,20.54,32.57,,84.87,52.78,,69.71,47,47.39,6.27,1.88,41.28,80.7,47.48,,19.24,26.02,,86.33,68.27,39.68,73.82,37.11,10.91,12.13,7.6,66.95,27.92,0.57,,,8.4,73.88,20.11,4.22,,,0.89,81.22,49.42,29.2,98.47,83.47,64.59,6.98,8.11,9.73,,20.8,32.09,,91.91,66.52,,86.99,80.12,,,2.15,72.41,62.02,46.98
2306009,Iracema,1.69,2.91,1.38,18.4,16.27,17.8,,69.2,30.39,,44.64,32,43.16,5.85,1.95,31.07,63.25,29.12,,20.32,25.53,,73.98,53.77,28.98,54.08,18.46,12.92,10.17,5.91,51.11,19.77,0.37,,,2.6,42,6.72,9.86,,,0.73,68.01,46.24,29.7,89.29,68.14,51.83,6.58,8.4,9.51,,25.22,37.63,,76.41,44.95,,71.84,85.1,,,2.24,53.92,41.95,26.92
2306108,Irauçuba,1.16,6,3,8.62,16.47,32.57,,75.23,37.23,,71.56,59,42.05,5.5,4.81,31.71,70.29,31.39,,17.62,33.79,,80.2,56.37,30.33,65.7,25.38,4.69,8.73,7.46,60.35,28.02,5.5,,,8.7,74.38,18.82,19.78,,,1.55,73.01,43.77,25.6,93.75,85.9,62.24,5.3,6.32,7.46,,19.9,42.13,,80.62,63.7,,73.57,80.74,,,4.52,69.1,60.08,45.64
2306207,Itaiçaba,2.87,1.62,1.71,15.46,18.85,14.32,,58.77,32.7,,39.16,48,13.28,2.11,0.47,37.57,52.74,29.73,,18.09,19.02,,74.13,53.24,36.5,46.56,17.49,9.81,11.31,4.8,20.83,5.35,0.64,,,0.7,53.59,47.75,22.53,,,2.55,80.39,55.64,25,85.76,69.08,47.77,9.14,9.17,10.37,,19.84,29.19,,73.89,44.71,,82.32,64.31,,,7.66,65.58,49.69,18.08
2306256,Itaitinga,2.18,5.13,4.13,17.23,23.58,35.31,,66.33,35.6,,60.85,49,28.89,4.53,8.58,33.05,61.92,31.14,,24.05,25.63,,68.04,47.31,29.07,54.23,21.3,2.88,6.28,3.71,25.26,5.09,0.75,,,3.88,36.56,4.77,9.73,,,4.34,66.12,41.94,23.4,86.31,69.64,47.93,4.47,5.06,5.63,,30.34,39.7,,80.04,59.73,,61.12,47.74,,,13.9,38.53,29.69,12.05
2306306,Itapagé,3.27,4.66,2.84,10.23,27.57,29.82,,75.55,38.35,,76.06,52,27.2,8.98,2.94,35,68.62,31.98,,23.81,25.48,,79.24,54.39,33.16,63.32,24.97,6.75,6.93,4.82,39.94,11.42,2.62,,,7.25,56.69,10.07,18.99,,,2.15,74.45,46.97,24.8,88.34,72.36,56.38,5.54,6.05,7.21,,28.56,34.52,,85.54,57.26,,60.05,68.31,,,5.31,53.53,45.96,32.47
2306405,Itapipoca,2.33,3.79,3.03,13.42,16.08,25.14,,70.98,32.93,,67.65,50,34.98,5.8,2.14,30.78,64.64,27.22,,23.58,24.65,,75.29,50.58,29.31,59.91,21.86,7.99,8.66,6.76,57.51,27.5,2.04,,,13.22,36.48,28.37,19.16,,,1.38,48.88,38.89,24.6,95.62,78.55,58.34,5.4,6.37,7.03,,26.89,33.89,,77.59,49.9,,67.21,79.21,,,3.67,71.49,55.63,35
2306504,Itapiúna,0,2.72,2.81,6.76,24.94,27.87,,70.4,40.27,,49.68,47,27.81,4.18,4.72,34.86,64.68,35.37,,31.16,30.23,,77.32,61.18,34.08,59.79,25.48,8.05,11.15,6.02,43.75,20.92,0.46,,,15.01,81.59,33.42,34.11,,,1.53,65.87,38.89,22.3,93.85,80,57.97,6.58,7.45,8.38,,35.39,38.97,,93.73,59.34,,78.15,78.13,,,4.07,79.14,63.76,37.37
2306553,Itarema,3.82,4.15,3.47,10.38,12.4,38.91,,86.26,38.01,,65.17,48,44.93,7.65,3.38,33.59,79.04,32.31,,24.68,22.69,,84.72,59.41,31.84,74.96,26.72,6.13,8.25,5.97,75.56,25.9,2.73,,,7.92,24.4,33.41,37.44,,,1.74,71.33,51.78,25.9,108.23,86.3,61.23,4.75,5.52,6.4,,27.02,28.25,,89.42,65.45,,70.04,60.51,,,4.12,71.49,60.49,38
2306603,Itatira,2.69,4.77,1.85,7.83,12.88,38.62,,86.81,50.26,,72.77,56,54.42,6.01,2.37,33.54,84.1,44.82,,24.7,26.91,,88.42,66.06,31.65,78.88,34.87,11.39,14.77,7.79,71.63,39.78,1.82,,,18.73,81.33,24.44,34.49,,,1.56,92.36,56.31,27.1,92.59,92.91,68.1,6.2,7.44,8.38,,26.61,34.12,,91.44,73.96,,79.14,79.34,,,4.09,72.81,68.68,46.92
2306702,Jaguaretama,1.46,2.92,3.43,9.85,14.39,19.25,,76.68,37.63,,73.78,51,46.66,8.14,3.26,34.74,71.47,35.31,,23.77,25.56,,82.81,62.61,32.99,65.22,25.65,7.97,10.56,5.83,67.63,33.98,0.86,,,5.42,34.48,2.2,25.41,,,0.91,52.44,38.83,22.1,84.12,76.15,54.95,6.68,8.03,9.56,,26.94,32.14,,85.94,47.07,,72.67,80.87,,,2.65,66.97,43.76,35.67
2306801,Jaguaribara,0.68,2.42,5.03,8.48,8.21,22.01,,67.74,29.66,,69.35,46,31.64,5.97,2.57,35.4,63.54,30.68,,22.95,23.53,,73.55,57.97,30.96,55.22,20.26,7.29,6.14,4.82,53.66,24,1.04,,,3.34,53.29,27.86,6.74,,,1.11,52.44,38.83,29.2,84.66,66.06,51.1,6.83,7.39,8.82,,26.59,35.21,,71.24,44.58,,65.93,84.73,,,2.94,55.99,44.12,18.51
2306900,Jaguaribe,1.13,1.33,3.01,10.59,11.95,24.07,,61.55,43.16,,56.79,51,26.07,4.76,3.65,36.83,57.58,37.36,,14.71,21.2,,73.15,56.65,35.13,50.12,24.96,8.44,8.47,4.77,36.68,12.22,0.24,,,3.58,38.44,9.83,9.6,,,2.21,52.44,38.83,24.7,82.71,67.67,55.2,7.05,8.07,9.91,,17.77,29.51,,75.91,57.05,,67.05,73.57,,,6.86,58.74,40.62,29.27
2307007,Jaguaruana,6.03,4.45,3.22,13.05,19.24,28.1,,67.22,43.69,,66.08,56,35.4,6.09,1.58,36.22,60.72,36.57,,27.54,20.14,,75.07,58.21,31.18,54.32,26,6.64,9.58,4.66,45.21,10.02,0.8,,,7.56,51.4,26.15,20.14,,,0.89,54.9,34.6,21.6,85.09,67.88,46.28,6.87,6.95,7.89,,31.42,30.27,,80.54,61.25,,73.79,79.57,,,3.16,50.08,42.8,20.6
2307106,Jardim,0.73,0.79,2.93,14.46,15.74,14.77,,79.34,43.65,,67.64,49,36.88,4.08,1.63,34.84,69.17,34.43,,21.28,21.81,,79.54,58.71,32.8,63.56,26.14,8.59,6.78,6.71,64.1,26.27,0.9,,,10.25,70.47,10.69,12.91,,,1.27,55.51,42.86,21.6,95.93,73.58,60.83,6,6.45,8.88,,23.92,28.62,,90.44,59.99,,66.7,70.54,,,3.3,70.05,66,38.78
2307205,Jati,2.34,4.45,2.98,17.85,15.61,13.53,,62.51,33.65,,66.96,46,33.16,7.57,1.89,35.14,56.51,28.91,,24.67,19.59,,75.93,52.38,33.5,50.46,18.93,11.6,10.47,4.52,55.31,11.05,0.67,,,13.31,22.49,11.9,11.44,,,0.8,62.62,42.22,22,90.24,67.81,54.78,6.39,7.57,10.07,,28.39,25.94,,74.29,41,,80.71,81.83,,,1.68,77.63,52.89,29.07
2307254,Jijoca de Jericoacoara,1.56,3.21,1.99,23.84,16.34,21.77,,84.84,35.96,,67.41,47,61.33,7.96,1.23,44.57,79.68,30.66,,19.36,21.36,,85.72,53.74,42.14,69.38,21.88,8.46,6.22,3.89,78.59,23.37,0.95,,,5.62,5.94,20.2,23.7,,,2.16,84.76,54.9,31.7,97.53,78.28,52.18,4.96,4.91,5.49,,23.17,34.75,,90.54,51.31,,74.51,77.56,,,5.62,63.03,53.49,27.4
2307304,Juazeiro do Norte,1.43,2.99,2.94,15.21,19.03,18.45,,56.49,28.82,,63.94,46,31.84,7.35,2.75,29.46,48.9,23.54,,20.67,15.55,,62.06,41.79,26.45,42.04,16.29,5.97,6.53,3.97,10.23,2.19,0.42,,,0.92,13.86,7.45,2.85,,,1.02,61.43,40.94,18.12,78.76,66.57,52.19,6.19,6.67,7.54,,27.89,29.19,,73.44,45.81,,54.8,61.81,,,3.69,38.13,29.85,10.55
2307403,Jucás,1.31,1.97,3.76,11.36,12.32,22.33,,75.13,46.37,,52.25,57,52.65,3.34,2.53,39.85,69.05,39.92,,25.5,31.87,,81.28,66.72,38.68,62.64,28.49,13.79,12.3,9.93,66.81,24.22,3.65,,,23.24,69.61,16.59,5.96,,,1.64,76.42,59.08,22.7,90.43,76.03,60.36,7.15,7.67,10.27,,27.2,42.25,,79.62,59.34,,83.86,78.54,,,4.1,75.1,62.02,31.87
2307502,Lavras da Mangabeira,1.06,2.28,2.79,5.09,10.88,20.2,,67.49,43.82,,72.83,50,37.4,4.94,2.76,40.67,61.27,39.36,,26.74,30,,78.19,62.49,37.72,55.14,28.61,11.22,12.32,6.68,50.72,12.07,0.88,,,6.78,62.25,11.25,11.74,,,1.73,63.7,40.53,21.8,88.02,71.79,56.42,7.3,8.49,10.68,,28.91,38.78,,79.5,60.41,,77.86,78.39,,,4.13,71.84,61.01,36.74
2307601,Limoeiro do Norte,2.35,3.65,2.13,12.83,15.94,16.1,,59.76,29.95,,60.43,54,18.67,5.73,1.96,35.17,50.49,26.93,,22.76,17.38,,64.58,46.5,33.06,44.45,15.53,5.81,5.18,2.46,21.68,3.06,0.21,,,2.58,34.78,3.07,4.88,,,0.77,48.1,26.94,17.9,70.14,58.64,44.97,6.01,6.59,7.55,,29.13,33.03,,72.25,42.37,,64.91,64.98,,,3.04,42.66,29.38,11.29
2307635,Madalena,4.07,3.61,3.06,14.6,19.72,24.28,,79.57,42.41,,67.84,51,32.58,3.25,1.65,37.48,71.99,35.43,,24.1,26.47,,82.89,60.55,36.48,63.41,27.29,9.01,9.66,4.89,69.22,18.22,0.86,,,7.7,69.98,28.24,31.16,,,0.65,68.7,43.61,21.8,83.74,80.45,60.24,6.41,7.33,7.91,,28.63,34.08,,93.16,62,,77.06,64.12,,,1.24,77.37,62.43,47.32
2307650,Maracanaú,2.48,3.3,2.76,19.37,21.34,21.52,,49.29,21.24,,55.25,48,19.57,4.18,2.62,23.21,41.61,17.91,,20.57,18.08,,51.48,33.36,20.68,34.55,11.63,2.77,3.51,3.37,11.23,0.99,0.57,,,1.06,13.69,17.12,2.1,,,2.67,52.03,31.29,20.2,79.79,62.54,44.27,2.66,3.61,4.99,,29.87,37.16,,71.66,41.36,,44.46,62.75,,,10.63,32.73,18.89,7.29
2307700,Maranguape,3.45,4.58,4.09,13.34,23.7,23.04,,59.55,23.04,,69.36,60,24.98,5.49,5.13,28.12,51.53,20.05,,21.4,20.97,,60.67,41.02,26.38,46.7,13.94,6.36,5.7,4.02,31.03,7.74,0.93,,,5.74,36,19.33,11.49,,,1.89,63.85,35.99,20.2,81.43,69.36,50.11,5.04,5.68,6.65,,27.16,34.9,,76.28,48.4,,51.56,58.36,,,7.2,50.05,33.26,11.45
2307809,Marco,3.47,3.24,4.22,10.99,15.15,23.35,,79.13,44.76,,64.07,48,44.02,8.18,2.59,28.88,69.71,38.16,,23.54,27.57,,76.12,59.31,28.22,66.41,29.84,5.69,7.72,6,43.44,17.39,1.75,,,7.25,30.99,8.04,11.74,,,0.7,85.84,54.74,29.4,98.05,86.75,62.81,4.55,5.63,6.26,,26.67,36.58,,86.1,57.93,,70.83,79.5,,,1.43,64.35,56.02,28.84
2307908,Martinópole,0.76,9.48,3.04,14.95,12.49,38.58,,78.03,47.6,,70.96,53,48.03,6.61,2.22,30.89,73.91,40.35,,33.05,25.18,,82.06,63.21,29.61,69.68,33.79,16.21,11.76,5.92,61.71,30.31,1.95,,,19.32,60.59,4.17,12.48,,,0.99,98.91,63.28,24.8,89.82,84.47,63.76,5.95,6.06,7.76,,35.01,32.77,,77.27,64.49,,73.28,72.69,,,2.06,69.56,69.27,46.95
2308005,Massapê,2.94,3.76,1.03,12.34,19.65,21.2,,79.77,37.96,,64.08,42,47.3,7.15,1.7,34.14,72.99,33.54,,23.06,19.2,,77.75,54.98,31.54,66.58,26.08,9.33,9.43,7.2,43.11,20.61,1.16,,,11.09,52.96,16.56,13.7,,,2.69,73.01,47.85,21.7,91.24,83.55,58.72,6.54,6.94,7.62,,26.52,28.02,,95.14,57.67,,73.29,77.85,,,7.52,60.6,57.42,30.91
2308104,Mauriti,0.52,1.61,2.05,13.54,13.93,24.1,,76.57,41.78,,66.84,43,53,7.08,1.86,32.63,69.95,35.8,,22.37,22.64,,77.44,59.51,31.39,63.68,27.7,9.4,7.82,4.44,61,22.79,1.01,,,6.92,43.47,9.8,15.39,,,1.98,57.17,37.93,22.7,92.36,76.5,57.07,5.63,6.46,7.86,,26.52,28.46,,84.91,57.02,,62.12,71.8,,,4.33,74.64,55.34,39.16
2308203,Meruoca,2.69,4.64,4.36,13.85,9.08,30.8,,79.64,36.22,,57.01,51,28.59,2.3,2.24,33.64,72.93,30.72,,16.08,18.34,,76.35,54.76,32.65,67.54,23.69,7.37,10.97,7.19,49.49,9.09,0.76,,,15.15,81.59,34.1,27.99,,,1.66,73.96,51.09,24.5,99.85,80.87,57.45,6.85,8.1,9.17,,18.22,25.61,,77.16,59.19,,79.75,74.58,,,4.2,71.88,56.43,21.47
2308302,Milagres,2.36,3.47,3.55,11.49,16.05,17.7,,71.04,37.66,,54.11,45,38.46,7.35,3.83,35.78,66.44,32.2,,25.79,25.32,,77.79,53.94,32.28,62.31,22.77,9.23,9.02,6.09,51.83,15.17,0.67,,,9.23,52.39,14.16,18.61,,,1.47,60.76,42.98,21.9,85.98,69.02,55.1,5.85,6.84,9.36,,29.33,35.62,,85.55,53.8,,74.2,64.59,,,3.58,67.32,56.92,24.49
2308351,Milhã,0.87,2.43,3.06,4.99,8.97,20.34,,71.05,45.6,,62.5,54,38.06,4.9,2.52,40.85,65.37,37.15,,13.17,27.38,,79.9,63.96,40.72,57.46,26.47,11.5,10.25,7.72,59.14,21.68,1.16,,,7.84,72.62,21.72,9.91,,,1.43,69.03,49.65,20.9,80.66,67.5,56.79,8.1,8.87,11.5,,15.22,37.17,,70.83,60.03,,76.68,76.81,,,3.72,81.35,53.27,37.54
2308377,Miraíma,5.54,3.29,4.09,18.41,8.19,35.11,,81.81,49.34,,65.51,41,42.37,6.69,1.39,40.94,74.97,41.2,,28.09,34.14,,85.31,65.6,39.64,70.3,34.3,9.28,12.45,8.48,61.17,32.98,1.82,,,17.8,62.11,12.67,18.49,,,2.76,73.01,47.85,21.7,104.2,87.19,66,6.86,6.8,7.8,,29.75,38.9,,77.23,63.09,,79.58,79.33,,,4.67,78.53,72.79,53.91
2308401,Missão Velha,0.68,4.12,2.43,9.27,15.33,16.62,,74.98,40.36,,72.35,51,43.53,7.51,3.22,36.13,68.38,35.42,,27.33,21.05,,78.24,58.96,33.71,62.5,25.66,8.63,9.8,3.3,43.53,11.71,1.47,,,14.6,57.06,12.79,9.93,,,1.21,68.74,52.65,25.9,88.91,73.43,59.64,6.55,7.17,8.61,,32.17,28.04,,85.71,61.04,,75.24,61.69,,,3.13,68.98,53.66,30.54
2308500,Mombaça,2.44,2.13,3.06,10.07,13.72,21.47,,83.59,52.37,,85.39,63,52.98,10.83,3.56,38.09,79.99,47.73,,26.71,27.54,,86.07,67.98,36.42,73.11,35.01,11.75,9.98,6.69,68.61,32.18,1.09,,,2.42,82.07,18.45,17.97,,,2.09,78.19,49.02,29.3,90.92,74.75,59.08,6.69,7.85,9.82,,30.16,36.92,,88.93,60.66,,78.36,83.45,,,5.9,79.77,65.97,40.43
2308609,Monsenhor Tabosa,3.29,2.29,3.97,7.86,11.94,19.59,,72.91,40.6,,69.79,46,22.89,5.2,0.85,38.32,69.62,37.09,,23.47,28.82,,80.54,61.77,37.41,63.32,26.37,6.04,10.8,5.89,66.04,30.26,3.27,,,2.23,73.58,31.62,19.1,,,0.69,70.87,40.38,22.6,91.03,78.21,58.48,5.97,7.64,9.02,,25.7,36.39,,72.39,53.86,,70.35,67.18,,,1.46,79.46,66.69,40.9
2308708,Morada Nova,1.9,3.56,2.98,12.17,14.96,22.23,,73.96,45.53,,65.03,52,34.1,5.35,2.37,36.4,67.68,38.75,,22.77,26.49,,76.65,61.37,34.16,59.41,28.49,7.38,6.92,5.4,48.92,19.83,0.83,,,5.32,44.73,16.86,13.57,,,2.46,48.45,36.88,25.1,82.86,67.7,51.27,5.77,7.06,9.24,,26.37,37.92,,78.87,59.34,,61.92,75.91,,,6.44,58.48,40.86,35.18
2308807,Moraújo,1.8,3.26,0,2.39,10.57,14.88,,78.47,39.47,,86.09,58,42.54,10.16,2.58,33.07,72.71,33.08,,21.59,27.89,,81.92,56,30.79,70.11,26.91,6.86,10.99,6.9,63.26,35.25,2.36,,,5.99,50.64,4.2,3.3,,,1.13,70.75,52.13,23.3,91.38,76.95,57.71,6.02,6.98,7.51,,22.93,32.1,,92.99,54.48,,68.48,65.89,,,2.6,55.74,65.95,47.36
2308906,Morrinhos,1.83,4.79,2.13,9.47,18.78,33.96,,80.8,49.26,,70.38,45,30.24,6.38,4.87,31.08,75.94,43.05,,22.31,31.43,,81.67,66.51,29.23,71.11,33.55,6.95,7.21,5.15,56.94,24.64,3.98,,,10.47,62.93,5.45,13.39,,,0.17,92.23,54.74,24.8,102.26,86.69,65.92,5.76,6.36,7.77,,24.03,40.41,,93.8,78.73,,74.01,68.55,,,0.42,72.33,67.12,44.31
2309003,Mucambo,2.24,1.75,1.23,22.15,14.95,23.52,,78.02,43.43,,65.52,45,29.93,6.97,1.35,43.49,72.83,41.43,,23.66,26.98,,81.94,64.29,42.39,66.69,27.82,10.31,9.89,7.49,58.46,27.14,0.38,,,1.37,59.23,28.81,16.43,,,,73.01,43.77,29.8,96.22,81.29,60.62,7.39,8.51,10.64,,26,35.02,,83.92,64.4,,75.04,90.52,,,0,65.94,62.91,40.44
2309102,Mulungu,2.56,3.06,4.2,7.47,12.31,22.74,,64.72,37.86,,67.47,43,29.6,7.55,3.08,41.95,59.87,34.73,,22.53,26.99,,75.36,61.46,38.53,54.42,26.19,4.41,7.78,4.63,41.8,14.8,1.37,,,3.82,28.86,27.41,18.03,,,2.32,51.21,38.23,24.8,83.65,76.14,60.52,5.83,7.49,8.25,,26.53,32.91,,72.85,53.89,,63.97,59.59,,,4.84,57.51,53.27,35.32
2309201,Nova Olinda,1.06,2.85,3.56,12.26,18.75,21.41,,75.21,45.24,,70.64,50,37.46,8.47,2.74,35.37,68.51,37.1,,21.59,22.22,,78.04,56.82,34.28,60.16,29.16,10.11,6.47,5.19,54.91,11.01,0.2,,,12.51,53.57,12.68,16.68,,,2.25,69.94,53.26,21.6,88.67,75.82,57.98,6.12,6.93,8.54,,25.02,28.36,,84.72,60.39,,68.62,71.38,,,4.94,74.2,54.93,31.29
2309300,Nova Russas,1.14,3.61,3.01,12.82,23.37,20.09,,80.34,45.47,,70.04,48,43.63,8.88,2.02,38.83,72.22,41.34,,22.02,16.09,,80.18,60.5,35.98,65.17,28.39,10.06,11.49,6.26,43.04,11.24,0.43,,,1.38,41.42,11.27,7.47,,,1.23,67.39,49.65,25.7,87.97,73.68,58.4,7.08,9.06,10.57,,26.16,23.15,,95.78,61.34,,83.25,79.98,,,3.16,68.39,50.09,24.78
2309409,Novo Oriente,0.57,3.82,4.29,11.3,18.51,29.39,,85.31,45.89,,69.5,50,41.69,5.21,2.07,44.12,80.05,40.39,,22.25,31.97,,84.53,66.22,41.74,70.1,30.32,8.66,10.41,7.89,74.71,33.93,0.58,,,3.28,86.43,30.09,9.51,,,3.25,65.92,49.65,24.2,81.4,74.24,55.36,5.11,6.84,8.91,,27.18,43.17,,93.45,67.79,,82.63,86.19,,,7.38,68.19,57.09,50.07
2309458,Ocara,0.88,2.42,2.68,11.49,15.45,20.29,,73.21,41.22,,55.74,67,29.25,5.26,1.78,35.65,65.07,37.1,,26.09,28.52,,80.59,62.91,34.76,61.42,27.41,8.93,9.42,6.59,69.73,29.81,0.41,,,11.61,88.44,59.45,44.89,,,1.92,75.04,56.1,22.9,92.26,75.22,55.46,5.85,7.06,9.16,,27.75,36.65,,71.35,46.65,,73.7,71.89,,,4.39,72.83,66.13,44.25
2309508,Orós,2.57,3.33,3.57,17.25,14.85,18.62,,68.43,39.87,,57.17,40,17.78,3.01,2.58,41.5,60.98,35.92,,23.65,20.92,,78.16,59.72,38.89,53.54,21.99,8.15,10.71,5.98,31.13,5.83,0.24,,,14.96,42.3,16.3,8.86,,,2.21,70.97,52.46,19.4,78.12,59.92,52.16,6.44,8.11,10.61,,26.22,32.67,,78.4,51.02,,75.2,74.98,,,4.84,59.33,50.04,25.44
2309607,Pacajus,2.99,3.93,2.86,13.57,19.16,20.48,,60.71,31.84,,55.7,52,25.53,4.74,1.79,33.31,54.55,27.93,,20.74,16.13,,65.63,45.57,29.66,48.71,19.15,5.07,5.34,3.62,32.31,4.71,0.58,,,1.71,39,46.53,26.48,,,0.85,65.69,42.21,20.1,78.1,66.2,49.73,5.21,5.72,6.26,,26.47,31.56,,80.84,47.82,,51.04,61.92,,,2.96,39.62,31.18,11.83
2309706,Pacatuba,2.98,3.03,3.66,17.99,24.34,26.64,,53.15,24.67,,62.62,54,20.3,6.43,5.42,26.26,45.74,19.97,,22.8,20.71,,56.23,32.84,22.92,40.68,13.24,2.58,5.41,2.91,14.18,2.49,0.37,,,0.97,24.46,16.98,2.92,,,2.78,53.16,34.53,21.6,81.85,67.24,47.77,2.98,3.81,4.69,,29.87,36.9,,72.1,49.03,,62.7,53.88,,,11.46,30.68,27.63,10.44
2309805,Pacoti,0.37,2.04,2.32,7.74,20.45,23.17,,68.85,33.49,,76.13,46,33.79,6.41,3.48,33.97,60.93,31.41,,22.42,23.43,,75.97,56.53,32.09,55.71,22.42,7.52,9.28,6.18,47.18,9.7,0.61,,,3.12,8.75,16.68,15.21,,,1.11,53.57,36.88,22.5,85.95,79.11,57.66,6.06,7.94,8.51,,25.13,35.8,,85.43,46.17,,58.34,78.69,,,2.68,58.91,47.04,26.53
2309904,Pacujá,1.61,1.4,1.3,25.89,20.7,23.36,,70.52,40.79,,50,43,20.12,3.92,1.45,32.82,65.84,35.39,,15.27,21.96,,72.12,59.78,29.26,59.07,25.64,9.38,14.72,7.08,50.19,5.51,0.29,,,6.37,58.29,7.05,10.36,,,0.84,66.78,43.53,27.4,91.36,80.72,59.12,7.63,9.23,10.02,,17.81,28.42,,84.25,70.53,,76.52,82.2,,,1.77,57.23,33.51,27.73
2310001,Palhano,1.9,4.23,1.11,14.01,15.01,16.11,,56.06,28.7,,35.12,43,20.07,2.46,1.93,37.51,51.05,25.35,,14.36,22.71,,71.04,53.18,36.58,46.19,16.69,10.8,11.36,4.72,50.61,12.51,0.85,,,7.03,77.95,6.82,25.61,,,1.86,54.9,45.92,31.7,98.8,66.86,47.91,7.15,8.68,9.65,,15.65,36.94,,82.56,50.37,,75.85,72.1,,,4.61,76.76,61.84,29.71
2310100,Palmácia,0.68,1.93,4.85,17.38,19.06,17.43,,67.19,41.05,,57.01,43,32.69,4.58,8.32,30.71,60.86,33.32,,23.16,39.04,,73.66,57.47,27.21,56.75,27.12,4.7,13.02,7.2,56.38,16.55,1.37,,,10.19,39.03,29.68,33.76,,,2.67,51.21,38.83,27.9,87.67,77.03,56.27,5.8,7.84,9.21,,25.84,51.45,,72.78,54.17,,84.13,63.85,,,6.67,52.06,62.55,37.25
2310209,Paracuru,2.92,3.9,1.64,8.39,26.04,34.05,,72.16,38.81,,64.29,47,31.35,4.43,2.79,33.21,64.12,33.24,,24.72,25.58,,73.41,51.39,29.36,58.79,25.32,7.93,8.26,4.68,45.65,13.09,1.46,,,11.68,9.43,13.81,25.97,,,1.36,78.08,52.55,27.3,86.8,70.57,52.66,5.6,6.1,7.46,,28.59,37.71,,78.45,63.13,,66.27,79.55,,,3.68,55.36,51.6,23.17
2310258,Paraipaba,3.03,4.4,4.3,11.66,17.62,28.91,,58.41,33.21,,58.75,48,20.36,4.77,2.24,32.19,52.93,28.38,,22.16,24.04,,71.49,51.45,29.97,47.87,21.02,6.29,8.26,5.58,32.79,13.7,0.85,,,7.99,26.38,4.17,25.81,,,1.01,66.21,38.22,28.8,87.17,71.08,55.47,4.4,5.55,7.2,,26.17,36.41,,79.3,54.73,,68.14,75.48,,,2.98,49.29,47.67,24.89
2310308,Parambu,2.11,2.09,4.62,14.41,16.54,32.54,,89.43,54.69,,76.03,57,56.76,10.4,3.35,39.05,85.66,48.55,,22.82,29.3,,87.84,74.15,36.88,80.55,35.5,9.42,8.53,8.34,70.31,33.31,3.72,,,1.28,83.38,9.97,16.62,,,1.72,58.1,36.95,24,87.27,78.29,62.07,5.43,6.91,9.86,,25.05,36.58,,97.75,74.8,,77.98,80.12,,,3.26,62.17,62.17,39.54
2310407,Paramoti,3.87,7.18,5.01,11.93,8.15,31.7,,84.25,43.63,,49.73,49,46.49,5.34,1.26,43.49,79.19,38.12,,22.26,29.43,,85.74,65.31,41.69,75.1,30.26,6.32,11.7,7.8,76.55,46.16,1.94,,,6.83,79.34,27.05,27.12,,,1.21,78.13,51.77,28.2,87.79,84.09,62.42,6.83,7.53,8.66,,23.66,36.01,,68.17,63.62,,78.61,88.13,,,2.54,72.47,68.39,46.28
2310506,Pedra Branca,2.07,2.15,1.69,12.18,15.17,28.69,,81.59,46.65,,77.01,49,50.18,6.04,1.94,40.06,77.82,41.24,,20.38,30.57,,81.64,64.79,38.41,69.46,29.38,8.41,9.36,7.28,71.57,39.92,1.91,,,2.1,78.39,7.81,11.4,,,2.65,85.78,49.65,21.6,88.3,77.75,57.96,6.54,7.81,9.68,,23.71,39.17,,92.54,57.68,,75.06,70.72,,,6.19,72.35,54.36,35.67
2310605,Penaforte,0.89,4.71,5.27,15.32,17.16,30.78,,54.58,33.58,,59.56,50,22.55,5.8,3.31,28.38,50.78,29.36,,27.26,21.88,,69.9,51.09,27.44,44.57,21.42,8.53,6.54,3.16,45.49,9.93,0.5,,,6.32,51.05,12.62,9.27,,,1.18,60.05,37.93,24.6,89.11,72.52,56.33,4.97,6.23,7.32,,33.38,34.96,,75.93,49.43,,82.41,57.79,,,2.81,67.55,39.53,21.56
2310704,Pentecoste,1.44,3.33,4.23,16.72,14.08,19.89,,72.98,36.11,,76.43,60,37.47,5.27,2.65,31.1,64.69,30.97,,26.24,29.83,,75.17,54.36,29.18,58.53,24.13,7.7,10.15,5.42,57.54,18.98,1.78,,,15.42,43.06,20.75,17.86,,,2.68,88.96,53.37,29.4,87.75,73.64,56.48,5.8,6.88,8.28,,30.84,39.21,,84.68,56.12,,64.33,70.73,,,6.45,59.12,47.54,35.94
2310803,Pereiro,1.49,2.63,1.16,12.62,22.12,25.69,,77.05,43.18,,79.04,47,34.04,3.12,2.1,35.67,69.21,37.9,,15.71,22.59,,80.55,62.65,34.08,63.87,27.63,10.66,11.37,6.97,62.12,7.38,1.02,,,1.92,64.81,32.87,26.23,,,1.76,62.19,46.24,22.1,99.73,77.26,59.26,6.47,7.62,9.72,,17.41,27.69,,88.01,65.4,,81.2,71.29,,,4.03,82.98,67.03,46.67
2310852,Pindoretama,1.07,5.78,3,9.35,20.53,24.34,,69.54,33.67,,55.15,47,24.98,4.3,2.36,40.72,62.63,29.38,,23.44,24.13,,75.07,54.21,37.11,55.94,19.75,6.01,10.06,4.48,51.68,10.4,1.27,,,3.28,25.73,57.55,35.87,,,1.01,68.39,46.66,25.7,78.61,64.28,51.17,6.44,7.06,9.18,,27.91,34.74,,87.61,54.96,,70.64,64.28,,,2.9,51.21,42.7,17.74
2310902,Piquet Carneiro,0.41,2.93,4.16,10.21,9.34,28.34,,81.28,47.05,,78.97,55,37.51,7.01,4.01,49.05,75.4,41.02,,30.18,34.28,,83.96,66.55,45.75,68.53,28.97,9.78,10.56,8.82,63.48,32.32,0.73,,,2.88,35.73,4.53,21.16,,,2.45,66.96,47.3,21.6,84.02,64.94,49.57,7.69,9.13,10.51,,34.17,44.54,,90.72,62.95,,70.44,78.01,,,4.33,67.32,60.91,44.88
2310951,Pires Ferreira,0.74,2.35,0.63,16.22,11.45,22.4,,82.87,44.02,,66.1,49,42.17,6.12,3.14,40.89,79.88,38.7,,8.24,27.77,,86.22,67.02,38.68,73.98,29.39,14.86,13.02,8.84,73.72,15.67,0.22,,,14.03,65.24,17.16,23.5,,,0.53,80.58,49.42,23.2,97.46,81.82,62.83,7.46,9.3,10.81,,8.72,31.98,,79.58,69.25,,81.93,78.48,,,0.87,77.35,58.89,45.11
2311009,Poranga,0.33,3.7,2.13,6.95,14.24,24.62,,83.75,52.24,,56.3,42,74.17,4.24,1.23,42.5,80.38,45.26,,21.09,25.27,,84.86,66,40.53,74.56,35.89,9.1,10.77,6.97,59.07,23.9,2.22,,,1.76,81.03,16.38,12.36,,,3.11,80.58,49.42,27.2,89.2,77,61.74,5.46,7.03,8.82,,23.77,32.55,,88.17,69.58,,82.28,80.28,,,6.51,77.36,70.9,46.26
2311108,Porteiras,1.88,1.41,2.26,12.03,9.88,19.91,,72.6,36.1,,60.9,35,32.63,7.28,2.39,31.5,65.74,32.49,,17.25,25.77,,77.96,57.26,29.71,59.87,23.08,8.34,8.3,7.49,63.14,29.99,0.53,,,10.88,65.46,9.49,13.28,,,2.74,69.94,41.17,23.9,90.26,72.56,56.33,5.77,7.18,9.27,,19.42,32.71,,100,57.32,,75.98,79.89,,,5.34,73.22,51.24,35.75
2311207,Potengi,1.56,3.72,4.12,18.01,11.11,24.92,,80.57,54.56,,84.47,52,39.45,17.87,7.25,36.86,73.9,47.7,,14.08,23.8,,80.81,66.89,35.4,66.67,39.23,10.41,10.81,9.81,52.33,33.96,0.88,,,9.76,19.71,13.08,14.48,,,1.8,63.62,45.65,24.9,90.6,75.02,64.07,6.64,8.1,9.07,,16.3,28.56,,73.94,67.77,,66.93,82.65,,,3.22,80.76,53.96,47.22
2311231,Potiretama,1.19,4.14,2.45,13.06,9.19,27.19,,79.53,41.38,,65.27,39,32.49,5.59,1.94,36.27,74.37,36.57,,26.02,24.1,,84.21,59.92,35.34,65.76,26.85,7.12,8.52,4.29,80.19,44.61,1.07,,,3.21,66.87,32.44,37.32,,,0.52,62.19,46.24,25.8,84.44,69.15,51.82,5.48,6.35,7.67,,29.3,33.71,,86.65,56.7,,75.17,66.44,,,1.42,76,58.56,34.94
2311264,Quiterianópolis,3.05,2.87,2.47,6.61,6.46,25.48,,83.77,48.15,,76.2,38,37.35,7.92,1.51,43.62,78.12,43.46,,13.84,25.44,,87.75,69.36,43.44,69.31,33.07,12.38,10.11,5.6,87.82,35.71,3.83,,,0.28,76.67,13.3,15,,,4.28,66.78,36.88,22.3,91.93,72.56,57.43,5.78,7.26,9.53,,16.43,31.22,,80.37,62.7,,80.22,77.55,,,7.43,88.78,58.79,44.43
2311306,Quixadá,1.59,3.08,3.38,12.55,23.21,20.21,,63.17,32.24,,65.68,53,30.81,5.88,4.19,30.23,54.64,26.38,,25.7,22.52,,68.72,49.84,27.62,49.51,18.81,7.04,8.72,5.06,39.05,14.11,0.61,,,10.76,54.31,17.63,17.9,,,1.14,61.9,34.53,22.2,79.96,71.5,54.51,6.33,6.99,8.09,,31.98,33.26,,81.22,47.35,,71.65,66.41,,,3.15,56.5,45.99,26.97
2311355,Quixelô,3.69,2.77,0.5,15.1,9.81,12.6,,80.53,40.96,,91.9,51,32.58,56.34,2.2,44.9,72.98,41.53,,35.15,22.4,,86.43,68.6,40.2,64.77,28.36,8.32,9.08,6.51,64.44,14.86,0.31,,,11.59,79.25,5.46,7.08,,,2.26,70.97,43.75,31.2,84.18,65.42,51.67,5.63,7.2,9.89,,38.11,28.65,,81.05,56.06,,81.3,85.17,,,4.13,51.83,62.52,42.38
2311405,Quixeramobim,1.18,4.16,3.82,12.66,10.74,26.05,,69.73,35.35,,68.5,54,30.53,7.84,3.27,36.48,61.96,32.33,,24.61,19.99,,74.92,57.36,34.89,55.05,23.09,7.89,8.73,5.46,49.48,16.69,0.93,,,2.75,65.57,19.95,10.2,,,0.89,57.66,43.61,20,75.78,73.14,55.65,6.46,7.75,9.04,,29.14,30.71,,76.89,51.28,,71.46,79.44,,,2.58,63.87,53.13,28.21
2311504,Quixeré,1.35,2.88,3.14,15.76,19.55,21.06,,71.65,42.2,,66.7,60,35.59,6.73,2.51,35.36,66.76,35.36,,25.87,27.54,,76.05,57.88,32.81,59.11,24.41,7.62,6.03,2.86,43.6,6.82,0.65,,,9.6,51.47,27.57,9.05,,,0.93,54.9,37.93,22.4,81.06,68.71,48.39,7.01,6.88,6.95,,29.1,40.03,,82.67,58.1,,60,75.19,,,2.53,53.08,44.58,20.64
2311603,Redenção,2.57,5.85,3.95,8.43,12.22,27.43,,66.07,37.45,,61.6,51,23.26,4.51,1.88,32.79,59.42,30.95,,23.55,23.22,,73.33,53.69,31.31,55.41,20.94,7.49,8,5.3,22.36,6.14,0.09,,,7.95,74.14,38.73,23.85,,,1.32,65.87,43.33,26.5,83.71,71.92,56.72,6,7.2,8.86,,27.09,34.45,,73.86,62.61,,53.11,64.56,,,3.49,57.09,42.73,29.25
2311702,Reriutaba,1.31,1.34,3.02,16.23,12.52,16,,73.43,48.93,,74.23,49,46.28,6.8,3.31,41.79,68.2,43.83,,18.05,25.23,,79.34,66.06,39.65,63.71,32.79,11.68,11.84,9.58,61.4,24.36,0.62,,,7.74,59.92,23.33,12.07,,,0.57,56.93,38.22,24.6,92.31,77.91,63.43,8.53,9.48,10.76,,19.92,31.35,,94.92,65.74,,65.49,86.05,,,1.02,66.72,53.11,42.04
2311801,Russas,2.35,1.9,2.18,18.92,23.45,18.79,,64.28,32.79,,66.76,51,20.94,5.79,2.82,30.85,56.05,27.6,,22.95,16.93,,67.86,47.2,27.81,49.29,16.86,6.01,6.98,2.8,26.04,4,0.27,,,2.38,29.52,29.98,13.53,,,0.58,54.1,31.29,19.8,78.8,64.24,46.86,6.31,6.76,7.31,,30.12,34.18,,80.29,47.24,,56.58,61.82,,,2.23,44.51,31.03,12.4
2311900,Saboeiro,0.52,1.63,2.55,10.62,13.05,17.95,,85.45,50.44,,68.92,45,55.51,5.73,2.92,36.64,79.43,43.73,,25.15,22.96,,87.98,69.07,36.3,74.81,33.45,9.8,11.13,6.92,66.42,42.12,8.91,,,5.34,54.06,7.04,9.91,,,1.62,98.87,64.71,33.3,95.04,80.57,61.46,6.53,6.89,9.48,,27.1,30.26,,94.79,61.81,,83.06,88.09,,,3.54,87.09,74.89,43.71
2311959,Salitre,0.7,2.92,2,8.62,10.83,33.94,,86.57,62.13,,86.1,53,55.98,12.58,2.71,36.82,86.07,54.65,,18.85,20.05,,90.25,75.73,36.29,79.25,45.44,7.97,9.03,5.52,82.85,63.69,5.05,,,0.43,52.8,18.19,38.28,,,1.9,77.16,56.1,29.9,98.29,80.8,67.08,5.24,5.57,7.17,,20.45,24.1,,100,73.31,,76.06,63.57,,,2.81,80.06,63.13,40.75
2312007,Santana do Acaraú,1.96,2.63,2.19,8.91,14.37,31.67,,77.69,50.94,,56.99,50,35.79,5.65,4.62,31.32,72.07,41.46,,19.96,31.57,,83.89,63.42,29.72,67.89,36.4,6.44,6.91,7.72,62.29,36.32,1.32,,,9.39,53.23,16.62,24.34,,,0.3,83.03,47.85,25.6,96.97,80.35,61.7,6.18,6.58,8.23,,22.24,37.14,,88.21,64.24,,69.48,81.33,,,0.83,60.29,66.54,50.5
2312106,Santana do Cariri,2.66,0.42,2.99,16.19,15.7,33.59,,74.09,39.38,,67.68,42,50.93,11.98,2.09,34.79,69.29,34.79,,28.35,23.67,,81.11,62.13,33.54,63.94,26.03,11.25,9.65,7.29,48.66,22.03,2.7,,,18.36,60.6,11.17,20.16,,,2.53,69.94,45.29,21.6,102.46,85.76,67.63,6.07,6.74,8.72,,30.71,28.62,,79.52,58.37,,80.67,75.08,,,5.02,72.43,66.54,46.29
2312205,Santa Quitéria,1.6,3.49,0.48,8.23,12.82,14.68,,78.34,41.34,,74.95,55,45.55,7.4,2.4,36.19,71.97,36,,19.9,25.35,,81.67,60.64,35.23,67.02,27.07,9.06,10.45,7.85,70.96,36.26,2.41,,,14.73,71.71,18.35,15.37,,,1.6,70.87,41.14,22.3,91.14,77.46,57.79,6.15,7.34,9.1,,23.02,32.95,,84.14,57.44,,72.8,88.58,,,3.93,77.13,56.93,42.57
2312304,São Benedito,2.98,1.96,2.91,22.12,19.17,24.75,,77.72,45.4,,68.79,48,43.5,5.62,1.86,35.23,73.45,40.16,,19.5,16.36,,81.77,62.44,34.01,68.42,29.93,8.23,9.51,5.01,48.41,7.79,0.14,,,1.21,52.14,20.81,11.94,,,1.29,80.83,55.86,24.1,98.63,79.88,60.99,6.17,7.2,8.24,,22.22,22.89,,82.78,63.5,,74.69,75.78,,,2.79,69.58,53.79,27.44
2312403,São Gonçalo do Amarante,3.35,3.52,4.16,22.83,22.07,27.37,,71.29,30.3,,63.81,48,27.89,7.38,1.9,36.07,64.23,25.77,,28.63,21.36,,75.1,45.44,33.68,59.37,18.64,5.59,8.26,4.84,50.57,14.49,1.54,,,10.21,25.86,11.54,25.17,,,1.38,78.08,50.06,22.3,87.05,71.03,51.2,5.54,6.24,6.72,,32.25,35.27,,83.46,55.84,,69.14,69.68,,,4.33,55.63,44.5,20.28
2312502,São João do Jaguaribe,2.76,5.71,0,14.83,11.8,16.65,,67.99,36.2,,52.18,47,18.52,5.07,0.82,43.15,63.01,34.46,,30.11,16.6,,76.29,58.23,39.76,53.25,18.09,9.9,10.54,3.09,24.15,4.96,0.28,,,,52.4,10.51,3.79,,,1,54.9,30.32,20.8,65.81,55.65,47.61,8.95,9.75,12.43,,36.13,34.16,,65.36,51.57,,79.95,69.95,,,3.14,42.09,36.85,25.94
2312601,São Luís do Curu,2.49,5.91,3.16,13.46,15.35,24.55,,61.01,34.43,,63.97,47,28.56,3.33,4.57,30.53,55.67,30.4,,25.87,31.86,,71.72,55.74,28.59,51.24,23.09,7.26,9.82,8.01,35.2,8.46,1.62,,,18.15,56.2,37.5,25.29,,,1.53,80.48,55.86,32.4,78.18,71.52,52.78,6.18,7.54,8.86,,30.31,42.65,,71.76,48.91,,70.41,76.86,,,4.02,49.87,43.18,28.32
2312700,Senador Pompeu,1.97,4.05,5.46,15.21,20.48,23.22,,68.36,45.55,,62.82,48,23.88,7.52,3.58,35.35,61.4,38.24,,24.22,26.19,,75.8,58.34,33.01,53.51,27.05,8.5,8.09,7.8,43.7,11.81,1.51,,,5.55,65.62,24.57,12.01,,,0.44,85.78,56.43,23,81.09,69.38,55.75,7.58,8.36,10.67,,29.32,35.83,,82.12,64.08,,64.52,87.18,,,1.05,65.12,50.94,32.03
2312809,Senador Sá,1.18,3.06,2.94,7.31,15.55,25.09,,82.36,41.65,,56.68,46,43.54,9.16,1.79,38.53,75.91,34.42,,16.09,19.02,,86.9,55.71,37.23,70.3,27.08,12.01,9.68,5.18,58.59,36.46,2.29,,,11.44,72.03,7.46,16.05,,,1.49,65.61,44.37,29.2,96.09,82.63,62.52,6,6.62,7.57,,16.93,25.65,,93,63.64,,86.11,66.24,,,2.95,60.96,70.86,44.36
2312908,Sobral,2.61,4.68,2.84,14.05,19.47,23.53,,59.7,26.08,,68.8,43,30.37,6.98,2.08,28.07,52.26,21.35,,21.61,16.23,,58.66,39.08,25.53,47.75,15.57,5.4,5.12,4.16,20.43,4.72,0.47,,,5.44,28.29,2.27,3.06,,,0.59,66.78,39.01,13.58,79.75,68.25,47.42,4.97,5.48,6.09,,29.12,31.59,,78.06,52.99,,53.14,63.9,,,2.19,45.75,30.7,13.46
2313005,Solonópole,1.73,2.29,1.94,9.54,11.6,26.83,,77.1,37.1,,64.54,45,23.15,3.16,1.37,49.49,66.87,34.47,,21.59,26.75,,80.52,59.91,47.67,58.79,22.35,8.66,11.63,6.92,62.53,17.34,0.48,,,5.25,58.24,4.25,7.76,,,0.82,69.03,47.3,25.8,75.89,66.93,55.02,7.17,8.56,10.97,,25.2,36.18,,100,63.05,,80.95,75.93,,,2.4,69.36,48.88,34.67
2313104,Tabuleiro do Norte,2.04,4.26,4.61,14.85,15.33,18.58,,68.65,42.91,,69.04,55,32.06,4.6,2.62,41.34,60.4,37.54,,19.79,18.68,,71.55,57.47,36.14,50.89,22.81,4.62,5.25,4.3,44.11,10.65,0.33,,,4.44,56.12,18.75,9.12,,,0.75,54.9,31.29,19.8,71.26,60.24,46.74,5.92,7.01,8.26,,26.76,33.15,,77.11,60.44,,58.53,79.92,,,2.96,43.25,39.57,23.04
2313203,Tamboril,2.69,2.57,2.63,12.34,17.68,27.16,,85.13,49.97,,77.08,54,51.38,8.47,2.85,42.09,80.28,44.42,,21.13,23.39,,86.31,67.7,39.59,74.98,35.66,7.07,12.48,8.15,71.89,28,0.98,,,4.26,83.12,14.59,10.09,,,2.75,70.87,40.38,21.7,89.66,78.7,60.25,6.32,7.9,9.89,,22.8,29.97,,89.24,58.56,,79.28,85.13,,,7.91,73.66,64.66,44.56
2313252,Tarrafas,0,1.6,2.89,7.23,8.74,27.77,,80.57,53.04,,56.13,36,60.31,13.17,3.2,44.3,76.69,46.41,,35.3,26.43,,85.71,68.75,43.8,71.39,33.5,11.98,10.14,6.91,73.33,24.99,1.56,,,0.89,1.01,4.31,5.6,,,1.06,76.42,64.67,26.4,79.28,69.45,56.56,5.35,6.9,9.48,,37.66,36.53,,83.65,67.11,,81.24,93.32,,,1.99,87.14,73.49,53.19
2313302,Tauá,0.48,2.83,2.78,9.33,15.04,22.83,,77.57,42.14,,61.62,44,44.35,8.6,2.33,39.31,71.82,36.92,,19.43,22.16,,80.67,61.73,37.09,64.35,25.55,8.05,7.97,6.81,55.1,27.14,1.17,,,1.29,57.85,13.42,12.62,,,3.46,55.21,36.25,22.5,80.1,70.58,57.06,5.63,7.58,9.88,,23.27,32.6,,79.69,57.48,,70.78,80.45,,,7.74,67.22,46.74,30.54
2313351,Tejuçuoca,2.27,3.17,3,11.85,17.25,40.79,,77.38,48.12,,52.19,36,45.91,3.13,1.73,33.37,70.56,41.27,,25.03,30.7,,80.6,61.56,32.65,67.16,34.42,9,8.72,6.19,77.11,18.96,2.21,,,9.93,63.83,34.6,36.91,,,2.49,74.24,52,27.9,99.92,81.68,60.41,5.88,6.29,7.73,,26.57,39.45,,81.65,66.61,,72.51,79.87,,,5.3,77.7,73.36,42.69
2313401,Tianguá,3.58,3.25,3.6,12.81,15.37,24.04,,74.56,45.32,,68.79,48,42.83,7.85,2,34.18,69.07,36.05,,21.97,17.86,,77.31,55.24,30.39,63.57,27.49,7.26,6.47,3.34,38.93,9.32,0.52,,,2.94,50.74,18.16,9.61,,,1.03,68.43,44.81,23.4,89.99,75.65,56.02,5.17,5.44,6.45,,25.54,28.88,,83.09,59.3,,61.01,72.34,,,3,55.98,44.44,20.99
2313500,Trairi,0.65,3.55,4.55,18.07,19.58,31.8,,79.03,38.33,,72.52,52,33.63,4.32,1.87,35.42,74.39,32.29,,20.09,25.09,,83.87,60.37,34.02,69.66,26.15,7.79,10.33,7.41,69.82,34.21,3.55,,,11.14,29.21,37.31,47.34,,,1.5,59.71,38.89,28.5,101.2,82.96,60.67,5.44,6.27,7.83,,22.16,29.57,,85.5,57.66,,74.43,76.34,,,3.15,71.13,64.2,42.71
2313559,Tururu,4.76,4.05,4.31,14.64,14.88,32.85,,73.35,38.22,,72.85,50,53,9.71,3.79,30.4,69.64,32.93,,31.54,33.27,,80.12,59.51,29.19,65.56,25.76,8.2,11.69,9.74,61.1,12.81,0.91,,,11.25,31.95,18.28,22.01,,,1.37,65.73,46.97,24.8,95.32,82.08,56.56,5.89,6.95,8.42,,33.69,41.57,,72.58,66.5,,81.3,88.85,,,2.56,69.47,68.09,46.07
2313609,Ubajara,1.4,4.32,1.84,10.14,7.31,13.52,,76.98,34.15,,68.14,54,27.69,5.1,1.29,37.46,71.24,29.97,,17.97,19.85,,77.85,53.74,33.36,62.89,22.03,6.04,6.66,4.85,43.24,10.56,0.87,,,3.01,56.99,18.66,16.78,,,0.52,72.46,43.6,23.2,91.21,73.46,56.69,6.32,7.16,7.81,,20.66,31.19,,80.51,52.41,,62.37,78.34,,,1.18,61.23,36.8,21.51
2313708,Umari,0.8,1.64,2.82,11.48,12.1,13.67,,77.65,48.34,,77.26,45,38.02,2.93,3.48,33.8,68.84,42.63,,24.19,36.08,,78.61,64.34,33.52,63.99,32.24,11.25,12.25,9.23,52.53,12.09,0.25,,,6.29,71.26,26.19,16.46,,,1.01,95.57,59.08,21.8,95.2,68.94,60.33,6.03,7.85,11.65,,27.01,42.14,,79.5,62.56,,84.88,86.43,,,1.8,85.89,75.85,46.49
2313757,Umirim,6.27,4.48,3.39,15.5,22.33,27.32,,81.51,44.76,,79.79,46,34.28,8.44,4.43,30.59,74.14,36.51,,30.21,34.57,,81.5,59.57,28.82,68.68,30.23,5.82,11.94,7.53,55.75,12.47,1.43,,,22.84,64.07,1.5,19.79,,,2.7,98.91,64.67,26.3,97.46,82.91,59.61,5.51,6.74,7.28,,32.79,42.59,,90,53.51,,80.14,79.88,,,5.25,71.72,64.3,44.27
2313807,Uruburetama,4.59,8.37,5.41,14.67,18.58,24.64,,76.1,35.46,,68.59,58,45.32,4.86,4.04,27.09,69.39,29.77,,22.43,26.75,,73.04,51.36,25.39,64.88,23.91,6.18,6.28,7.16,39.72,15.13,1.44,,,6.19,36.27,8,7.41,,,4.05,65.73,47.16,24.8,91.39,79.1,56.17,5.75,6.7,7.07,,24.85,36.37,,81.76,56.78,,55.93,60.76,,,7.71,56.04,45.1,25.55
2313906,Uruoca,1.19,4.51,3.83,10.79,16.9,33.92,,83.4,57.32,,60.42,44,62.04,10.83,2.34,35.79,79.31,47.34,,26.15,29.17,,84.86,68.36,33.92,74.58,39.34,7.69,8.19,7.12,74.56,37.91,2.69,,,7.9,78.44,10.67,12.58,,,1.03,70.75,47.96,27.4,94.43,79.04,59.56,6.28,6.68,7.93,,27.51,35.09,,94.01,63.27,,84.95,95.61,,,1.91,72.84,69.61,45.64
2313955,Varjota,3.88,4.24,2.8,13.95,14.3,22.94,,70.23,41.61,,66.21,40,32.39,5.09,3.37,32.97,64.96,37.36,,20.78,21.85,,77.65,61.14,31.22,56.85,27.5,9.11,11.24,6.32,30.82,11.59,0.68,,,4.89,12.32,22.2,8.86,,,0.53,56.93,44.81,30.7,93.02,78.44,62.81,7.75,8.27,10.33,,26.36,30.13,,84.94,62.04,,78.29,67.63,,,1.26,61.39,51.28,27.04
2314003,Várzea Alegre,1.21,3.63,3.24,13.36,11.39,23.29,,68.87,36.57,,77.22,47,34.99,5.8,3,39.49,63.63,31.85,,20.89,23.73,,78.86,59.76,37.86,54.77,21.59,11.07,9.48,5.99,50.97,9.94,0.29,,,4.33,73.98,7.99,5.05,,,1.55,70.99,45.92,24.9,80.64,67.07,55.53,6.82,8.24,10.91,,23.84,33.51,,79.89,62.86,,74.06,77.8,,,3.31,77.29,52.04,38.25
2314102,Viçosa do Ceará,1.6,4.44,2.12,17.54,13.59,32.89,,82.24,50.99,,82.18,62,59.81,9.26,3.11,36.82,78.38,43.57,,25.76,21.84,,84.11,67.44,35.05,75.18,36.44,9.29,9.62,6.43,67.6,26.24,1.44,,,7.92,68.94,20.9,22.06,,,1.35,71.29,45.38,25.9,100.29,87.05,63.26,5.71,6.39,7.54,,27.83,25.95,,82.78,73.66,,66.72,69.34,,,2.57,74.69,71.91,49.3